"path","sha256","bytes"
"common_p1_release_probes.csv","b87858369612a370f77feba70d1e6573952d21ecebb322c3f78ce95cc50eb5b4","149168"
"common_p1_table_receipt.json","1c34e6753569420d6031c3118a532ec990bd96a935607ce498c7d1225d70cf97","14714"
"comsol_batch.log","d056d0e411a56d0b96d6ac0eda351bb438be92915f77833dc6c1250047238f34","397"
"comsol_campaign_manifest.json","2534f4d0ead87590baf7b1df786e3e00397f95564819f2288455daea85498288","68347"
"comsol_internal.log","7e9f555a52bcb45299a481386d431d05e4ad3f960b7d5f50727200f114c19eb3","64276"
"comsol_process_error.log","e3b0c44298fc1c149afbf4c8996fb92427ae41e4649b934ca495991b7852b855","0"
"comsol_process_metrics.json","9c5f5c7d9612b52c5ead1ca8cc18b72dcc9c2c0c023512bd5b9e4e61bc54088b","242"
"comsol_process.log","a53cc41da630718b18d97b49182bafe4c79a4a63b72658a1d92e550fc005a395","35130"
"final_registration.json","76ed101469aa22819c350a3740662413b2995bb3925e7e1e3f41be531d897bf8","1893"
"levels/dt_20us/replicas/seed_318160/events.csv","32baa4d0f00db9849fd942c697e99aa3e835cd96f5e278d1431e860a181c1b11","19213"
"levels/dt_20us/replicas/seed_318160/performance.json","a283f91b5f93809bb179fd88a4dffd4d28cafabacb551abdae00aee0174654e8","505"
"levels/dt_20us/replicas/seed_318160/trajectory_raw_wide.csv","484963728ff415b8cc07b60c6af80547740e70176797e8bf869794526bf2dfbb","4371307"
"levels/dt_20us/replicas/seed_318160/trajectory.csv","abe28d06096fb3ae18ff15dc859cf035ecf55ed418f224b9e41b19a027dce05d","3801098"
"levels/dt_20us/replicas/seed_318161/events.csv","6d34dfd132609dcc4fa72e6c9cba6ae1dcb6e3fffe31ec020aa2cd4140cb059a","19137"
"levels/dt_20us/replicas/seed_318161/performance.json","1219cb4d75def569bd9905fc8e1190cf46e01f1003d7c1ae15bb96b7dc33d9ae","505"
"levels/dt_20us/replicas/seed_318161/trajectory_raw_wide.csv","73ba95029f101e5bc9a186111f62291047e32ce51e939fe9cc80d5b9ed70ebef","4368922"
"levels/dt_20us/replicas/seed_318161/trajectory.csv","daa9b2202ff12682694004b469c333da85193166cfa4e23010d77026bbd36005","3801759"
"levels/dt_20us/replicas/seed_318162/events.csv","36e3be545b60c1a49dbbdce87c91076370f8907f6d7ea60239e8f5d64090c966","19145"
"levels/dt_20us/replicas/seed_318162/performance.json","6da2aced3494736367c3fe573d0357108d70a545cc31dde22773459bf2a03886","505"
"levels/dt_20us/replicas/seed_318162/trajectory_raw_wide.csv","c3bbe5f7a6ffe1875fe9e2119224ce042c57f09c89aa94ab53b12c2b66da2c48","4370364"
"levels/dt_20us/replicas/seed_318162/trajectory.csv","69df2ce55af6c48c1f9fa04758fb0e407a1d0a82e4b9d97cb2917e7f58aefb5e","3799931"
"levels/dt_20us/replicas/seed_318163/events.csv","a5af5e089b8f62ef93f06dc79a174cef981d02c749cc8676d1440c4f90bd85e2","19352"
"levels/dt_20us/replicas/seed_318163/performance.json","310b287f2b193ed61af64aedd37090aa2d0500fe03211e9eb752ed79d522ea17","505"
"levels/dt_20us/replicas/seed_318163/trajectory_raw_wide.csv","f49ec41b974547229f903580c69d983f9e0e95a10c05bd8cb3d188c7a1e85842","4375191"
"levels/dt_20us/replicas/seed_318163/trajectory.csv","fe19eeefdb98faf823ef77520eecf32f88456bf3bd74bf4f62cd13793725b4ec","3800500"
"levels/dt_20us/replicas/seed_318164/events.csv","104cd321f430eade15ede6e657fe95b462b7c467eb5ae6665e2c0dff21ac4dc4","18992"
"levels/dt_20us/replicas/seed_318164/performance.json","9edcf8b8bf65fea7a261e04096117f1f28abda47e8bf4c1ed698ac9cc7802725","505"
"levels/dt_20us/replicas/seed_318164/trajectory_raw_wide.csv","4cb0a66d4aedf04a0cb24ef2e5286865d551b18b60443d632a0c8f3e150586b4","4364259"
"levels/dt_20us/replicas/seed_318164/trajectory.csv","690fac910de99bacfc5d8132db92c9b1787dbeb595b5665e66d0d930b08c7757","3802270"
"levels/dt_20us/replicas/seed_318165/events.csv","9b01524e37603aefcafd63a2b33cade1fa26860eb9f602387f8678c35b56ff5e","19157"
"levels/dt_20us/replicas/seed_318165/performance.json","5410e03ebc7ec6d2e842a3fa22b040f44cfae66e7f016872c890cf9110d26acd","505"
"levels/dt_20us/replicas/seed_318165/trajectory_raw_wide.csv","0788731691d1cb5e4bea771811a097b3241aae632c1906cbc2ee3c0a64aefc6d","4370966"
"levels/dt_20us/replicas/seed_318165/trajectory.csv","f27664cad2ab379faf796cb1e4332caf7530c02a763169c143c94b5ecf469854","3801346"
"levels/dt_20us/replicas/seed_318166/events.csv","6c69d28c437e5250d0fb3138339fbf2ed38798bcaa641c716706e777d79d2f14","18996"
"levels/dt_20us/replicas/seed_318166/performance.json","9e349ddd23b398a1dd1df82e0e17e7ca2aa72aa815b159a7df4a769ca38a1f87","505"
"levels/dt_20us/replicas/seed_318166/trajectory_raw_wide.csv","453c896075ec6a5ecb99fff3b57f0ef918ebb3c9735b9aa2d5ed8fa1e8d87dc4","4364484"
"levels/dt_20us/replicas/seed_318166/trajectory.csv","360702b95f7d3fe1b95942aaccb63fa6b7897f1f7176bfde6a9c31038c93d80c","3799833"
"levels/dt_20us/replicas/seed_318167/events.csv","19a1f1acf7ca50013c7f95dcd8e74f56eff5691aeb4af026b3f43287fda33d2e","19079"
"levels/dt_20us/replicas/seed_318167/performance.json","ea81a60d3f35bb0f5e115ad0886c2b07a4304967caf1332c568d25a855bb4483","505"
"levels/dt_20us/replicas/seed_318167/trajectory_raw_wide.csv","f93cb4b0ca069f3dc2e2fb38e6001cad94860a5b7ee46e60caa9d74d16b86133","4366541"
"levels/dt_20us/replicas/seed_318167/trajectory.csv","2617567a3628ddbf20b7cab02d3d5cb7744ffa0b77602a5218d9c7db3a5abcb4","3800194"
"levels/dt_20us/replicas/seed_318168/events.csv","65f8a4105a6d5fa6bf3f14a94ad8d450b1aaaddbc79f5c23a7ec27ccdcaf507a","19073"
"levels/dt_20us/replicas/seed_318168/performance.json","7b67ae822177b826c076fee9766485f6c8542826aa6e8ac73f0b54862cb4d1c4","505"
"levels/dt_20us/replicas/seed_318168/trajectory_raw_wide.csv","3b0d1113161b3177c576f737f00d7d352db39f2b7c6b211a17a380be45e9557f","4370113"
"levels/dt_20us/replicas/seed_318168/trajectory.csv","a03adbffb910421b816d53e52e0e8b654c1c7f0ad6c065b2b6edd94d4eead3e2","3802225"
"levels/dt_20us/replicas/seed_318169/events.csv","b0d1e7b84220890ebbccfeedc0cbe29354a5573870db56d3a118fd91a50ed479","19145"
"levels/dt_20us/replicas/seed_318169/performance.json","a16cd7c1d5ed8694ddfebb45de02424846082a833ed384480d90d4d30adb993b","505"
"levels/dt_20us/replicas/seed_318169/trajectory_raw_wide.csv","0fe43cf2e118991d94aacd794c92159102192615ea0ae093cff1f593e373805c","4370285"
"levels/dt_20us/replicas/seed_318169/trajectory.csv","46ef2ad4c3f84976b387bca8e9eac824fa3f6e70188bf3043a755caa546eafac","3802136"
"levels/dt_20us/replicas/seed_318170/events.csv","b4198a763091eec70e4c4281780935890b51c06706db4eae009045c96b7d4bbe","18989"
"levels/dt_20us/replicas/seed_318170/performance.json","adb2b93d538fc766ccf24572ee96e2c99ddf114170148cd2ce7150b0be75aaa6","505"
"levels/dt_20us/replicas/seed_318170/trajectory_raw_wide.csv","3d860e1f42f85b1cf4d87c09e7a88270e4cdb70683d933232c693d6961344740","4363347"
"levels/dt_20us/replicas/seed_318170/trajectory.csv","9926169499f20e7b2f522e71f3894526655593cee2637cd0c7a71f933d126513","3801725"
"levels/dt_20us/replicas/seed_318171/events.csv","80b7f17f0c53e5834183876313fde59cdccf916b66b0129aefc2cffec0a96f0c","19145"
"levels/dt_20us/replicas/seed_318171/performance.json","dc4236a1c2b80fd52b2eedd7d9c00890c5f59b6250807d482986e7d26fbaca02","505"
"levels/dt_20us/replicas/seed_318171/trajectory_raw_wide.csv","0744876c6d4342832d946fb60ad9c4a1691e9122963d275baee35d66e61fb32d","4367934"
"levels/dt_20us/replicas/seed_318171/trajectory.csv","328231e34e2d719d64c834052267f3b9d8dce0f483de6e8214d5c134aca2c36b","3799800"
"levels/dt_20us/replicas/seed_318172/events.csv","6ffee565943e935908f1b4a7227499f1af1182d87845648de415b054c10912c8","19152"
"levels/dt_20us/replicas/seed_318172/performance.json","9a4f7ab7d7afd89709e8d3ea3c1f7a6460852c7354c29c286d878f5198573376","505"
"levels/dt_20us/replicas/seed_318172/trajectory_raw_wide.csv","21145e1d89d325feef00a35690ad3008774f233ab06338c1e55a7c25a41eed9a","4371186"
"levels/dt_20us/replicas/seed_318172/trajectory.csv","cdec56fece3a111b030ef1c8fdde312b43796a30f8e0cc5888380702e6bf5495","3799897"
"levels/dt_20us/replicas/seed_318173/events.csv","a5a2dbd013b18513f2c138e642eb9c15fdd36192d41d36aefdfb5986722ae5a8","19200"
"levels/dt_20us/replicas/seed_318173/performance.json","e4ab06fd3790942b35c3a815fb973178236e7560da44acc87de757c726c8436c","499"
"levels/dt_20us/replicas/seed_318173/trajectory_raw_wide.csv","d578cbeb02a1e2ef49d0fba363bd03c8e5e98399a783b5b15002f20376bfe5d7","4368781"
"levels/dt_20us/replicas/seed_318173/trajectory.csv","ad7a70c20d57cb6d891a50f195e4dddae2f3e6ed1e0cc4e35913ceea3e1b7b42","3800166"
"levels/dt_20us/replicas/seed_318174/events.csv","92b2b7c954485552f7b187845edfeb0529dd52abb14d6a241adcc4164a7fa56c","19137"
"levels/dt_20us/replicas/seed_318174/performance.json","73cfad94a649c27a2a65f54c437d4ff4f4ca93b08dac918fbfec3623a4d5da4e","505"
"levels/dt_20us/replicas/seed_318174/trajectory_raw_wide.csv","7cadb9c9cd018e7f935d1995d28938fc6c9b49ad61f1a51f8c6f94ac5e77f852","4371018"
"levels/dt_20us/replicas/seed_318174/trajectory.csv","1c8782b6b4ddc5f7567a0f590804cfa0d9de2193896c5cae0dad24efb22fa410","3801543"
"levels/dt_20us/replicas/seed_318175/events.csv","2fada5d65fa33e22a4e20ef8b4f23c5e0295e9682059f4c0e140e765017f1860","19132"
"levels/dt_20us/replicas/seed_318175/performance.json","4126b0532d913e0f4c256a9e3230b62403a3efa4f46f1fc4d769caf9015d8f53","505"
"levels/dt_20us/replicas/seed_318175/trajectory_raw_wide.csv","a3c4172d49bde6a7522023b4f879cd07ff74a9b429f4511d82110c8ce63b7bb6","4366332"
"levels/dt_20us/replicas/seed_318175/trajectory.csv","98ba46a4994fa8a77893ec84f132051722de2ff85e114a076497847744786b6f","3799760"
"levels/dt_20us/replicas/seed_318176/events.csv","05d173e51d27aea3b1529322bee8041c82369f778dd83587f2f680d8f39e24fe","19281"
"levels/dt_20us/replicas/seed_318176/performance.json","2cbed37870255fbcab0c7a3a115955c9c350a4be871c7a9e8b6bf6ae23fa12d7","505"
"levels/dt_20us/replicas/seed_318176/trajectory_raw_wide.csv","5638e4d40f975a11a3a8cd5299d752ed40de0d2214ffe8b6a75e3c1d94529814","4372431"
"levels/dt_20us/replicas/seed_318176/trajectory.csv","049b5b5e5b3073a9b7e64edf07022a81b43e773b0e2378b0fae92c81afce0c13","3800173"
"levels/dt_20us/replicas/seed_318177/events.csv","89d7d19ad270ebf5db81e071da2674634d1bdc46fabda064f8018dfd4398da82","19091"
"levels/dt_20us/replicas/seed_318177/performance.json","049b20abfce49fd34d70ef93f9636d6216120bfd540a2bad0a2976130bae55c9","505"
"levels/dt_20us/replicas/seed_318177/trajectory_raw_wide.csv","e94427d3cc56285f0235b849a0bddff2b8052a0dfff33593e6dac734b855fc95","4367535"
"levels/dt_20us/replicas/seed_318177/trajectory.csv","c1144ed171a2fbada025bdb283817ab3ecbc999a790d14d18279abf7204836f0","3799710"
"levels/dt_20us/replicas/seed_318178/events.csv","ae5c5962529dc3d8da2092a013962e8cca9ea5183a682183cce673708107a3d6","18998"
"levels/dt_20us/replicas/seed_318178/performance.json","b6f74ce072699065975c8b1873c378d34e19149232d15449f8cf2453c0b22afb","505"
"levels/dt_20us/replicas/seed_318178/trajectory_raw_wide.csv","b058c68dd6c92ac44d9d9ed788f0912c311c00d662340df349f59fa33d3695e8","4363267"
"levels/dt_20us/replicas/seed_318178/trajectory.csv","6f62ed26d084c4e7a24fc9b8a9dddb687404349d75a76fb770e5abcb7154e1c9","3800556"
"levels/dt_20us/replicas/seed_318179/events.csv","eeac831fbbdd903ba3374e8c287ae137c46c562c4bed1fb472f13500c6c8e170","19222"
"levels/dt_20us/replicas/seed_318179/performance.json","29b4b77b5c28730b7a40ab7ceb6bd1376462d1c5aedc3884fc1a74f4e42d02f2","505"
"levels/dt_20us/replicas/seed_318179/trajectory_raw_wide.csv","086fe59c382293ce1c10c481309e344a654362648493b9fd376d0a5f23dfeecf","4374597"
"levels/dt_20us/replicas/seed_318179/trajectory.csv","93a83992333d6bcb5d2288cf910b1d8aa8f2c4648d7df1c2c0f01b3148766f6a","3801235"
"levels/dt_20us/replicas/seed_318180/events.csv","fcae1b76058917e33d44a560341c386c519741526d09e149ad75ffece27156ae","19232"
"levels/dt_20us/replicas/seed_318180/performance.json","fc46d804e44fb1f1d3bd9095bcec5e6dd122cfaa081b2a7f7b46d3526468b38b","505"
"levels/dt_20us/replicas/seed_318180/trajectory_raw_wide.csv","02a2e10017c6d6ebd411bf0ee2860207b5c4c92e00d7c34fe250dbc029f6f747","4374614"
"levels/dt_20us/replicas/seed_318180/trajectory.csv","1fbd2111eaa3c950da5b4971524397dedce052f903dfa298dd1b0a26a4603da8","3799810"
"levels/dt_20us/replicas/seed_318181/events.csv","34a865dc467df8a2616207df122de4a851acadee9876557089672d66ad42c661","19017"
"levels/dt_20us/replicas/seed_318181/performance.json","da004ddfeeb88d12dd8b343903aa81026f20397a2e995c94762f9ddeaa5dbd0a","505"
"levels/dt_20us/replicas/seed_318181/trajectory_raw_wide.csv","67aa3948f398d5604acdc904a72bba5bc8db82994b76b97d453f9f1b3ef67c3a","4367811"
"levels/dt_20us/replicas/seed_318181/trajectory.csv","d965211afee32d782cb9808f62bdf42f62137e0cbaf7c371194c69652f1c8228","3800489"
"levels/dt_20us/replicas/seed_318182/events.csv","e6328b4106fa3c491033d8a7e25929c7636bd3a3f0674a842e35a80a1d796010","19218"
"levels/dt_20us/replicas/seed_318182/performance.json","e125964929f51f2b25d5843fe7717f92845a436a65da88f2604538fa3b1ec794","502"
"levels/dt_20us/replicas/seed_318182/trajectory_raw_wide.csv","420a8d27375d9f0309fcb61c4d7fb87a415cbb7b23d1773ace8d4aff85e819c8","4372073"
"levels/dt_20us/replicas/seed_318182/trajectory.csv","1f730fb8c102b737b21549372fe1a62780628bdf84f186aff722d166b017b11a","3801283"
"levels/dt_20us/replicas/seed_318183/events.csv","74198b417af6603833af885fef471313285ada31414e62d4234310b4a590a527","19000"
"levels/dt_20us/replicas/seed_318183/performance.json","0c5977d9f98aefddf0dccb9de9eb7e29adf31120ba3066ea137abda0e0324e76","505"
"levels/dt_20us/replicas/seed_318183/trajectory_raw_wide.csv","5b81b044f909c1dc2fa7a27a404a9e2bd4c0f977aa4bad5ea7e821e8b0988fa1","4361673"
"levels/dt_20us/replicas/seed_318183/trajectory.csv","017c8d89c91ce7628ae8934e32ef187a22773c370aac8d075f60b25f3a6c71a2","3798751"
"levels/dt_20us/replicas/seed_318184/events.csv","261b263fb1c6d91dd192e663335ec7819c945471154ed0a9e4b8f8055acf6485","19144"
"levels/dt_20us/replicas/seed_318184/performance.json","1331e27b3d303bf60db72148bc0fcf980c32fc11116945933ae73bf73a584c16","505"
"levels/dt_20us/replicas/seed_318184/trajectory_raw_wide.csv","fd289fa7f370ddcc4e1460d85d6c8dc2ad23d18788291b5658673fb2ebf932cd","4369784"
"levels/dt_20us/replicas/seed_318184/trajectory.csv","96dd81c15ff652d4d5a5673b82cf3f67a100df8bec653095b92bea98d61b7884","3801729"
"levels/dt_20us/replicas/seed_318185/events.csv","d0db538bcb3f7c749206b1c13054ebe016193359685c9b4d5e522b56e5917dd2","19213"
"levels/dt_20us/replicas/seed_318185/performance.json","ffb31abe9460f7f05da8f4525d9740a1faeb4f4b2bbb409c18ef5a02dbc0e64f","505"
"levels/dt_20us/replicas/seed_318185/trajectory_raw_wide.csv","b763b9111e1fa7f7579e624826b49c23a10364f1163d3cecf322275a92a685b9","4371473"
"levels/dt_20us/replicas/seed_318185/trajectory.csv","01df0956fdeef1101bb693c48e70610de9104b2997bca2d7eefd9140a4094820","3801269"
"levels/dt_20us/replicas/seed_318186/events.csv","17b29639df666c26c448394f05b8f0b6f8dbf5463ffa2b5175f60f4b68454376","19153"
"levels/dt_20us/replicas/seed_318186/performance.json","476749616baa61ed49e6cc93892c1059ecb904396f60c6f37dca6d6608836d19","505"
"levels/dt_20us/replicas/seed_318186/trajectory_raw_wide.csv","497608cb4c615d38bee38de4461a2ff734e38f3b7c32cc66976a4275adeb1541","4370079"
"levels/dt_20us/replicas/seed_318186/trajectory.csv","19328a08969c30201c1febaa0c8d91fcdc7235d7d721a3aa9233df0f265a01d2","3798641"
"levels/dt_20us/replicas/seed_318187/events.csv","e7033856d525f538671fa7b2ea9bc5b8b6efd733e04fb6a3c5e58f5601ae93b8","19144"
"levels/dt_20us/replicas/seed_318187/performance.json","2d8f62cf9cd5eb248ca3e1400badcc0f43e7750fc9c8014a68a0e8782623ba11","505"
"levels/dt_20us/replicas/seed_318187/trajectory_raw_wide.csv","f27b37f90f8844f8384de36d766f191df4ad89fcc7cf6eb67000ce4892663c7e","4366754"
"levels/dt_20us/replicas/seed_318187/trajectory.csv","c5817afefad3c6f98af826ca03c64aab6a93d99dbd2ebca0955181cb5930e536","3798707"
"levels/dt_20us/replicas/seed_318188/events.csv","befa611881decccc62b8fd0a836c08e3b5b591ea0b9fdc80c2e89cbc24664917","19215"
"levels/dt_20us/replicas/seed_318188/performance.json","29438866f4792dbf92a38c547e9027815697d2ebda4be3fbd5d4d0ea21ab1196","505"
"levels/dt_20us/replicas/seed_318188/trajectory_raw_wide.csv","00f8bc43513e64f1455ccb35d7f69493fdf969b0319af7868ccded177147ef60","4370404"
"levels/dt_20us/replicas/seed_318188/trajectory.csv","162fce7579b7d181fd18d79b1f8d8b48265f5f58f56ce9ab8dadebcb9a8d873d","3799973"
"levels/dt_20us/replicas/seed_318189/events.csv","d51befe5ce822c4f2c121597a912a9b6746ca881df734655755cf3cff39f05b0","19202"
"levels/dt_20us/replicas/seed_318189/performance.json","3d4331a12a474e13146c8eb7181dda115f2574169824febe93538928a0f1d007","505"
"levels/dt_20us/replicas/seed_318189/trajectory_raw_wide.csv","65b48cbc6facf7b691c2de1eed6f36de4eda9eaabeb245197aae13d3962b900b","4368621"
"levels/dt_20us/replicas/seed_318189/trajectory.csv","a8f6ca98ec3d17be2fe64fa094596f3644c8df7f26c186412e3d50e44028f4aa","3799731"
"levels/dt_20us/replicas/seed_318190/events.csv","85a9def576b931f53362f863269571eee54c95d41c5c97bac0dcc884f3153b10","19502"
"levels/dt_20us/replicas/seed_318190/performance.json","b915989116255842b92b30524d6180ec7b0136bbedab1d1db5d72dcdfacafe65","505"
"levels/dt_20us/replicas/seed_318190/trajectory_raw_wide.csv","42c60de5d06922f279faf1a82e42763007b1f439a7df10038ea59af3ffe2912d","4380955"
"levels/dt_20us/replicas/seed_318190/trajectory.csv","0fe863121becb1d681dd99047234300c0185d00cb9db3f2a2df2b7e11a55c052","3800457"
"levels/dt_20us/replicas/seed_318191/events.csv","469b9e7584305f9abaec531e6c1961b50ff99de314de4daa2ba0eb722f2e5c7b","18928"
"levels/dt_20us/replicas/seed_318191/performance.json","bd7016c0ba10f8fdb2787f2b2068ead33e7e1f0f8f0b38a8b2666749932dfdce","505"
"levels/dt_20us/replicas/seed_318191/trajectory_raw_wide.csv","1fe4bd98bac899d03aa9b5f567a92dc3b3d9128e01c775d0c5e690ea24656412","4359585"
"levels/dt_20us/replicas/seed_318191/trajectory.csv","c37be61723e851d6e5d9c054db8acde686853a94fcb28e759a85c71bdb010158","3799179"
"m3c1_Er_sectionwise.txt","7fb64a0b6919b180f52e8da19c9ed718429afd1a8fc4010a351df6c298b62f67","171329"
"m3c1_Ez_sectionwise.txt","070321d634df5773143c1952cf4b68214836f1d2f47b7572b27e1f312ced3dbc","169502"
"m3c1_gradE2r_sectionwise.txt","926421d3a6b5d423b4ac4a63f06b1877db175fe4c0f29cc04dbc4c5076363af9","168836"
"m3c1_gradE2z_sectionwise.txt","7b8b252b6f1719dc5d70fbd99add0c52cd2604f760cbefac4539470ade58094b","168938"
"m3c1_lambdaD_sectionwise.txt","7a1ec4c0db12f8350140038262706a446bd729440789220a55122781c9ffae56","174083"
"m3c1_lambdag_sectionwise.txt","476e9efded684d97b8fe532a85232e0352d2833fb5c65ba1c7dfa119c765dd1a","173579"
"m3c1_lambdaIn_sectionwise.txt","3f97594ebb0e6d00e9544ec76dc33540abad44d75472496d4cf7124c8d042728","173588"
"m3c1_mi_sectionwise.txt","5aca6aab3e473c3fe93b90c33267521c52b0487c58a879b26fa50c9ff212901e","175793"
"m3c1_mug_sectionwise.txt","a90d63226000d232512fea6b7d8343ceaf94acce848ec3b9e0b911af0482ab5f","175598"
"m3c1_ne_sectionwise.txt","69a77405a1b032059e5c6edb70d577a3e4799f2138becd936a1f8d38ff2aa96b","166642"
"m3c1_ni_sectionwise.txt","443a52e299ae5d13ec97692522acb335f5c918c660984f038db1e22a42392d1f","167160"
"m3c1_omegaPhi_sectionwise.txt","5945977e6211422ff6b946250cacfdcaa80b50e3de7d5bb12e78ae4b64cb1d3c","168523"
"m3c1_qr_sectionwise.txt","77813816f50b76b54bca79a5c155fa5241b76710a4bf8416bdb86e7c23c9852f","168274"
"m3c1_qz_sectionwise.txt","13ba77749fba7b68972443ed161e90c5e36c27aa0a2074b81485b9eddb6cd853","169100"
"m3c1_rhog_sectionwise.txt","3910e6c8beed2fdf7786a41fa023c76864a0adf95efd1d030db1c7760fd1acc2","175576"
"m3c1_Te_sectionwise.txt","282fa6d077385009a63725353a9b912f008ecd897833e3687c6ab28951b602ef","134066"
"m3c1_Tg_sectionwise.txt","cc5a7938e3266de063a3ee71b44c73a7aac1e2c360b54936ed9705bbcea79f27","167615"
"m3c1_TiV_sectionwise.txt","a9a7ffb3a7f9652ed515fa63123dbf85bcd4a18618e12d32b9c1648d295d8302","171589"
"m3c1_ugr_sectionwise.txt","a7ffc7483fb32bf24f402e7d8c0d263f71c8dc9738d28e2a680fcb587888bb20","171821"
"m3c1_ugz_sectionwise.txt","3fae887e6d4894a660b07c85c29459a3544eacf25a62316b83ba72567e7a72e4","172684"
"m3c1_uir_sectionwise.txt","ea0b87a54d749133fa7e15b866ab5dfb2fd533203d859aebea8badd6e9749b2a","168861"
"m3c1_uiz_sectionwise.txt","e1a9f9ff6a3756dba7db556713f79c5250e207b607bed4f2dbc94d4c48fcc49c","169010"
"m3c1_vr0.txt","a891fb79c24d79e72fd266b6502f5daf8867e6826c40e5bc9c5b26535aedcdbe","16050"
"m3c1_vz0.txt","952db1f059d86ec6ef62001a508cb86a26f38faa421f40a9e4b211317619db5b","15720"
"m3c1_Z0.txt","944cea881348a76076be51304796bd7259cafb3bbbc66cff6f261abba7e20fd5","10600"
"m3c2_caseA_100nm_stochastic_pilot_v1.json","d720e94e0342f65ed3a6466a2357299c228495e173848897d6719b0d9feca2df","7523"
"m3c2_execution_request.json","7bbb98847b0e66798004248b7cc77f6f2cb6adc83c80cf418d13e59bd842c834","6319"
"m3c2_pilot_request.csv","79b6738ba082d4c0378942d8def67877b579010dcad7999ff9f5fdc6b6e213a7","1600"
"normalize_m3c2_comsol_pilot.py","f68d0b197f9dd5042b597a168dd75220802997500aba1a52cd426d8402646738","39051"
"prepare_m3c1_common_p1_tables.py","5fcc035680f13b17b624051645d99b531a302a64a07c51c32f7b3d8780d50b16","17481"
"prepared_table_validation.json","b0bef4422f56b2abf9c904b11eb6cf37a02ba8b3f3340c9aad758f1e5298060c","9879"
"run_receipt.json","05407e866bc497cb7da4f3a179a32ca96e3d88394b70151ef7c24e3cd2a6f49b","3105"
"run_status.json","d8f029543b261c42998b9c803ce9451764ca274b51bd70610ea926591e12dfd2","199"
"RunM3C2CaseA100StochasticPilot.java","e497cb11fa70ed82e6fe4b97c11b636bd76dc7ce181cf01c00ac2dda5b65b787","25448"
"RunM3C2CaseA100StochasticRequest.java","3eddd7a86fe75900f624cf8a53d05cb05714a586661fc00459615589fb0c2d35","2122"
"RunM3C2CaseA100StochasticRunnerValidation.java","efd3f5e75ef48fd46ad6e06bda810b00828151c001bb3c5f3468a008f4eb3fb2","321"
