time_s,shared_particle_ids_for_mean,mean_position_difference_scaled,maximum_position_difference_scaled,occupancy_total_variation,comsol_active,comsol_stuck,comsol_held,comsol_escaped,candidate_active,candidate_stuck,candidate_held,candidate_escaped,comsol_first_arrival_cdf,candidate_first_arrival_cdf
0.0,287,0.0,0.0,0.0,1.0,0.0,0.0,0.0,1.0,0.0,0.0,0.0,0.0,0.0
1e-05,287,1.1567970078231256e-06,2.078399795226098e-06,0.00043554006968649084,1.0,0.0,0.0,0.0,1.0,0.0,0.0,0.0,0.0,0.0
2e-05,287,2.8481578489808808e-06,5.011242494012103e-06,0.0015243902439025098,1.0,0.0,0.0,0.0,1.0,0.0,0.0,0.0,0.0,0.0
3.0000000000000004e-05,287,3.835157648885057e-06,6.893404949888838e-06,0.0013066202090594309,1.0,0.0,0.0,0.0,1.0,0.0,0.0,0.0,0.0,0.0
4e-05,287,5.002502303143147e-06,9.08087306792097e-06,0.0005444250871079886,1.0,0.0,0.0,0.0,1.0,0.0,0.0,0.0,0.0,0.0
5e-05,287,5.771246449424387e-06,1.050738569088251e-05,0.001088850174216019,1.0,0.0,0.0,0.0,1.0,0.0,0.0,0.0,0.0,0.0
6.000000000000001e-05,287,6.612607196252538e-06,1.200842182552682e-05,0.0008710801393728013,1.0,0.0,0.0,0.0,1.0,0.0,0.0,0.0,0.0,0.0
7.000000000000001e-05,287,7.126007075006952e-06,1.2845186359740448e-05,0.0009799651567942852,1.0,0.0,0.0,0.0,1.0,0.0,0.0,0.0,0.0,0.0
8e-05,287,7.665129038508095e-06,1.3808683375657173e-05,0.0010888501742158524,1.0,0.0,0.0,0.0,1.0,0.0,0.0,0.0,0.0,0.0
9e-05,287,7.903519629465855e-06,1.4392523065783104e-05,0.000979965156794299,1.0,0.0,0.0,0.0,1.0,0.0,0.0,0.0,0.0,0.0
0.0001,287,8.1379047986855e-06,1.5002629081973941e-05,0.001633275261323952,1.0,0.0,0.0,0.0,1.0,0.0,0.0,0.0,0.0,0.0
0.00011,287,8.072400936173196e-06,1.4915306703127251e-05,0.0011977351916376,1.0,0.0,0.0,0.0,1.0,0.0,0.0,0.0,0.0,0.0
0.00012000000000000002,287,7.993727742797545e-06,1.5016336099261742e-05,0.0008710801393728013,1.0,0.0,0.0,0.0,1.0,0.0,0.0,0.0,0.0,0.0
0.00013000000000000002,287,7.63396448293959e-06,1.4819744106648673e-05,0.0009799651567944795,1.0,0.0,0.0,0.0,1.0,0.0,0.0,0.0,0.0,0.0
0.00014000000000000001,287,7.258212000192435e-06,1.4507268256702567e-05,0.0005444250871080303,1.0,0.0,0.0,0.0,1.0,0.0,0.0,0.0,0.0,0.0
0.00015000000000000001,287,6.636030491366613e-06,1.3555434603063005e-05,0.0007621951219512757,1.0,0.0,0.0,0.0,1.0,0.0,0.0,0.0,0.0,0.0
0.00016,287,6.002970016604641e-06,1.2610109481707697e-05,0.0005444250871080303,1.0,0.0,0.0,0.0,1.0,0.0,0.0,0.0,0.0,0.0
0.00017,287,5.228313190995909e-06,1.1534669668179816e-05,0.00021777003484324542,1.0,0.0,0.0,0.0,1.0,0.0,0.0,0.0,0.0,0.0
0.00018,287,4.495199085961985e-06,1.0460456625663501e-05,0.000653310104529653,1.0,0.0,0.0,0.0,1.0,0.0,0.0,0.0,0.0,0.0
0.00019,287,3.7541085021046394e-06,8.931082142197801e-06,0.0005444250871080025,1.0,0.0,0.0,0.0,1.0,0.0,0.0,0.0,0.0,0.0
0.0002,287,3.279052701549915e-06,7.51431277439669e-06,0.0002177700348431899,1.0,0.0,0.0,0.0,1.0,0.0,0.0,0.0,0.0,0.0
0.00021,287,3.1919346807423777e-06,6.270961887823823e-06,0.0002177700348431899,1.0,0.0,0.0,0.0,1.0,0.0,0.0,0.0,0.0,0.0
0.00022,287,3.6558701783209874e-06,7.360540259840531e-06,2.7755575615628914e-17,1.0,0.0,0.0,0.0,1.0,0.0,0.0,0.0,0.0,0.0
0.00023,287,4.570020284095987e-06,1.0181947435394642e-05,2.7755575615628914e-17,1.0,0.0,0.0,0.0,1.0,0.0,0.0,0.0,0.0,0.0
0.00024000000000000003,287,5.724669821743814e-06,1.3087344763556515e-05,2.7755575615628914e-17,1.0,0.0,0.0,0.0,1.0,0.0,0.0,0.0,0.0,0.0
0.00025,287,7.008431831553479e-06,1.6219626576632354e-05,0.00021777003484321766,1.0,0.0,0.0,0.0,1.0,0.0,0.0,0.0,0.0,0.0
0.00026000000000000003,287,8.350021324844286e-06,1.920721496076818e-05,0.00021777003484321766,1.0,0.0,0.0,0.0,1.0,0.0,0.0,0.0,0.0,0.0
0.00027,287,9.743966344009998e-06,2.2328138472262476e-05,0.00021777003484321766,1.0,0.0,0.0,0.0,1.0,0.0,0.0,0.0,0.0,0.0
0.00028000000000000003,287,1.1151615170625036e-05,2.5266120863713055e-05,0.00021777003484321766,1.0,0.0,0.0,0.0,1.0,0.0,0.0,0.0,0.0,0.0
0.00029,287,1.2589219272331674e-05,2.696046040933648e-05,0.00010888501742162271,1.0,0.0,0.0,0.0,1.0,0.0,0.0,0.0,0.0,0.0
0.00030000000000000003,287,1.4026465406857437e-05,3.0315123733966842e-05,0.00010888501742162271,1.0,0.0,0.0,0.0,1.0,0.0,0.0,0.0,0.0,0.0
0.00031,287,1.5472169614866047e-05,3.3841559100196726e-05,0.00010888501742162271,1.0,0.0,0.0,0.0,1.0,0.0,0.0,0.0,0.0,0.0
0.00032,287,1.69130733058041e-05,3.730965439129898e-05,0.0,1.0,0.0,0.0,0.0,1.0,0.0,0.0,0.0,0.0,0.0
0.00033000000000000005,287,1.833674831421566e-05,4.0842003016776966e-05,0.0,1.0,0.0,0.0,0.0,1.0,0.0,0.0,0.0,0.0,0.0
0.00034,287,1.9752060047998102e-05,4.423432235714982e-05,0.0,1.0,0.0,0.0,0.0,1.0,0.0,0.0,0.0,0.0,0.0
0.00035000000000000005,287,2.1154855426893255e-05,4.760724809714286e-05,0.0,1.0,0.0,0.0,0.0,1.0,0.0,0.0,0.0,0.0,0.0
0.00036,287,2.2551582978422845e-05,5.0850627348924175e-05,0.0,1.0,0.0,0.0,0.0,1.0,0.0,0.0,0.0,0.0,0.0
0.00037000000000000005,287,2.3956869000814015e-05,5.403667591893547e-05,0.0,1.0,0.0,0.0,0.0,1.0,0.0,0.0,0.0,0.0,0.0
0.00038,287,2.5350220954719307e-05,5.705794169297453e-05,0.0,1.0,0.0,0.0,0.0,1.0,0.0,0.0,0.0,0.0,0.0
0.00039000000000000005,287,2.6731287013934424e-05,5.987702240919967e-05,0.0,1.0,0.0,0.0,0.0,1.0,0.0,0.0,0.0,0.0,0.0
0.0004,287,2.8101900582468484e-05,6.264872241855235e-05,0.0,1.0,0.0,0.0,0.0,1.0,0.0,0.0,0.0,0.0,0.0
0.00041000000000000005,287,2.9468096991439396e-05,6.532925649485968e-05,0.0,1.0,0.0,0.0,0.0,1.0,0.0,0.0,0.0,0.0,0.0
0.00042,287,3.081853166160611e-05,6.791022189861457e-05,0.0,1.0,0.0,0.0,0.0,1.0,0.0,0.0,0.0,0.0,0.0
0.00043000000000000004,287,3.2149318118532466e-05,7.038808029817213e-05,0.0,1.0,0.0,0.0,0.0,1.0,0.0,0.0,0.0,0.0,0.0
0.00044,287,3.346585946749909e-05,7.332135355581292e-05,0.0,1.0,0.0,0.0,0.0,1.0,0.0,0.0,0.0,0.0,0.0
0.00045000000000000004,287,3.476850264064773e-05,7.77774076531238e-05,0.0,1.0,0.0,0.0,0.0,1.0,0.0,0.0,0.0,0.0,0.0
0.00046,286,3.6101178554324414e-05,8.210194261624499e-05,0.001810211586294061,0.9952090592334495,0.004790940766550522,0.0,0.0,0.9928135888501742,0.007186411149825784,0.0,0.0,0.004790940766550522,0.007186411149825784
0.00047000000000000004,277,3.795582929423176e-05,8.63654219414197e-05,0.0,0.9651567944250871,0.03484320557491289,0.0,0.0,0.9651567944250871,0.03484320557491289,0.0,0.0,0.03484320557491289,0.03484320557491289
0.00048000000000000007,276,3.9298513997598216e-05,9.03786011890526e-05,0.0035756808787927585,0.9616724738675958,0.03832752613240418,0.0,0.0,0.960256968641115,0.03974303135888502,0.0,0.0,0.03832752613240418,0.03974303135888502
0.0004900000000000001,275,4.062264760938019e-05,9.4245760785966e-05,0.0007954545454545723,0.9581881533101045,0.041811846689895474,0.0,0.0,0.9581881533101045,0.041811846689895474,0.0,0.0,0.041811846689895474,0.041811846689895474
0.0005,275,4.186950997854299e-05,9.786009692685377e-05,0.00022727272727273568,0.9581881533101045,0.041811846689895474,0.0,0.0,0.9581881533101045,0.041811846689895474,0.0,0.0,0.041811846689895474,0.041811846689895474
0.0006,262,5.485874302904699e-05,0.00012178710063492013,0.0002522593664998976,0.9103876306620209,0.0896123693379791,0.0,0.0,0.9097343205574913,0.09026567944250871,0.0,0.0,0.0896123693379791,0.09026567944250871
0.0007,249,6.801759942879874e-05,0.0001391971192180939,0.006149598393574346,0.867595818815331,0.13240418118466898,0.0,0.0,0.867595818815331,0.13240418118466898,0.0,0.0,0.13240418118466898,0.13240418118466898
0.0007999999999999999,246,8.058699853486106e-05,0.0002019460623890961,0.0,0.8571428571428571,0.14285714285714285,0.0,0.0,0.8571428571428571,0.14285714285714285,0.0,0.0,0.14285714285714285,0.14285714285714285
0.0009,245,9.217216808768174e-05,0.00023906682969489497,0.0015306122448979671,0.8536585365853658,0.14634146341463414,0.0,0.0,0.8536585365853658,0.14634146341463414,0.0,0.0,0.14634146341463414,0.14634146341463414
0.001,241,0.0001034039272499817,0.00025530236602546694,0.0,0.8397212543554007,0.1602787456445993,0.0,0.0,0.8397212543554007,0.1602787456445993,0.0,0.0,0.1602787456445993,0.1602787456445993
0.0010999999999999998,241,0.00011460564891572662,0.000265784265531538,0.0010805670816043927,0.8369991289198606,0.16300087108013936,0.0,0.0,0.8371080139372822,0.16289198606271776,0.0,0.0,0.16300087108013936,0.16289198606271776
0.0012000000000000001,240,0.00012434190223255045,0.000283564448785652,0.0005208333333333037,0.8362369337979094,0.16376306620209058,0.0,0.0,0.8362369337979094,0.16376306620209058,0.0,0.0,0.16376306620209058,0.16376306620209058
0.0013,240,0.0001357891402299162,0.00037481800471467317,0.0,0.8362369337979094,0.16376306620209058,0.0,0.0,0.8362369337979094,0.16376306620209058,0.0,0.0,0.16376306620209058,0.16376306620209058
0.0014,240,0.00015278535196312185,0.0008374766749864909,0.00013020833333339532,0.8362369337979094,0.16376306620209058,0.0,0.0,0.8362369337979094,0.16376306620209058,0.0,0.0,0.16376306620209058,0.16376306620209058
0.0015,240,0.00017903898150813314,0.0014506689583015664,0.005078124999999968,0.8362369337979094,0.16376306620209058,0.0,0.0,0.8362369337979094,0.16376306620209058,0.0,0.0,0.16376306620209058,0.16376306620209058
0.0015999999999999999,240,0.0001931803101199808,0.001612713608598381,0.0027986619595536,0.8361280487804879,0.1638719512195122,0.0,0.0,0.8362369337979094,0.16376306620209058,0.0,0.0,0.1638719512195122,0.16376306620209058
0.0017000000000000001,240,0.00032064762460116617,0.00400570668200316,0.006539836122733473,0.835256968641115,0.16474303135888502,0.0,0.0,0.8346036585365854,0.16539634146341464,0.0,0.0,0.16474303135888502,0.16539634146341464
0.0018,240,0.0004062025654393663,0.005571462624617118,0.0030863188633193893,0.8338414634146342,0.16615853658536586,0.0,0.0,0.8339503484320557,0.16604965156794424,0.0,0.0,0.16615853658536586,0.16604965156794424
0.0019000000000000002,240,0.0006944158143885657,0.010337258837346328,0.005687761506276139,0.8335148083623694,0.16648519163763068,0.0,0.0,0.8336236933797909,0.16637630662020905,0.0,0.0,0.16648519163763068,0.16637630662020905
0.002,240,0.0009352616251157862,0.014164499691139138,0.003547223675034863,0.8331881533101045,0.16681184668989546,0.0,0.0,0.8335148083623694,0.16648519163763068,0.0,0.0,0.16681184668989546,0.16648519163763068
0.0021,240,0.0016530504955814818,0.0254164182810444,0.0013374956415620062,0.8328614982578397,0.16713850174216027,0.0,0.0,0.8332970383275261,0.16670296167247386,0.0,0.0,0.16713850174216027,0.16670296167247386
0.0022,239,0.00021025299196092276,0.0005240678685031637,0.002057182705718279,0.8327526132404182,0.1672473867595819,0.0,0.0,0.8332970383275261,0.16670296167247386,0.0,0.0,0.1672473867595819,0.16670296167247386
0.0023,239,0.00023733423727699893,0.0015315492216767652,0.0009645287246697831,0.8327526132404182,0.1672473867595819,0.0,0.0,0.833079268292683,0.16692073170731708,0.0,0.0,0.1672473867595819,0.16692073170731708
0.0024000000000000002,239,0.0002408730551096919,0.00145435253710539,0.0018727273859334437,0.8327526132404182,0.1672473867595819,0.0,0.0,0.833079268292683,0.16692073170731708,0.0,0.0,0.1672473867595819,0.16692073170731708
0.0025,239,0.0002443605602445096,0.0013761262996733917,0.0013596128828100296,0.8327526132404182,0.1672473867595819,0.0,0.0,0.8329703832752613,0.16702961672473868,0.0,0.0,0.1672473867595819,0.16702961672473868
0.0026,239,0.00024773842326163516,0.001295518516677872,0.0032156573403420217,0.8327526132404182,0.1672473867595819,0.0,0.0,0.8329703832752613,0.16702961672473868,0.0,0.0,0.1672473867595819,0.16702961672473868
0.0027,239,0.00025114633602432165,0.0012113976504067566,0.001888590818126316,0.8327526132404182,0.1672473867595819,0.0,0.0,0.8329703832752613,0.16702961672473868,0.0,0.0,0.1672473867595819,0.16702961672473868
0.0028,239,0.0002545864248477131,0.0011252111722040213,0.003062109388734599,0.8327526132404182,0.1672473867595819,0.0,0.0,0.8329703832752613,0.16702961672473868,0.0,0.0,0.1672473867595819,0.16702961672473868
0.0029,239,0.0002580780084370763,0.0010363770597113858,0.0016232892215463147,0.8327526132404182,0.1672473867595819,0.0,0.0,0.8329703832752613,0.16702961672473868,0.0,0.0,0.1672473867595819,0.16702961672473868
0.003,239,0.00026161232279230616,0.0009453609260183022,0.0035916321287928496,0.8327526132404182,0.1672473867595819,0.0,0.0,0.8329703832752613,0.16702961672473868,0.0,0.0,0.1672473867595819,0.16702961672473868
0.0031,239,0.0002652284804685277,0.0008539556158584749,0.002832622981200802,0.8327526132404182,0.1672473867595819,0.0,0.0,0.8329703832752613,0.16702961672473868,0.0,0.0,0.1672473867595819,0.16702961672473868
0.0032,239,0.0002689187782732971,0.0007621907915353876,0.001780632493583176,0.8327526132404182,0.1672473867595819,0.0,0.0,0.8329703832752613,0.16702961672473868,0.0,0.0,0.1672473867595819,0.16702961672473868
0.0033,239,0.0002726211808025279,0.0006691345476608249,0.0031966670036215478,0.8327526132404182,0.1672473867595819,0.0,0.0,0.8329703832752613,0.16702961672473868,0.0,0.0,0.1672473867595819,0.16702961672473868
0.0034,239,0.000276283923845196,0.00065654979706561,0.003537394298723645,0.8327526132404182,0.1672473867595819,0.0,0.0,0.8329703832752613,0.16702961672473868,0.0,0.0,0.1672473867595819,0.16702961672473868
0.0035,239,0.00028003365669371005,0.0006699751369243078,0.0068089193051697645,0.8327526132404182,0.1672473867595819,0.0,0.0,0.8329703832752613,0.16702961672473868,0.0,0.0,0.1672473867595819,0.16702961672473868
0.0036,239,0.00028398913129161376,0.0006827376539029908,0.006211593554785918,0.8327526132404182,0.1672473867595819,0.0,0.0,0.8329703832752613,0.16702961672473868,0.0,0.0,0.1672473867595819,0.16702961672473868
0.0037,239,0.0002880264892319667,0.000694288626498931,0.005167738512769096,0.8327526132404182,0.1672473867595819,0.0,0.0,0.8329703832752613,0.16702961672473868,0.0,0.0,0.1672473867595819,0.16702961672473868
0.0038,239,0.0002921891158458632,0.0007064722214630085,0.004351218128464746,0.8327526132404182,0.1672473867595819,0.0,0.0,0.8329703832752613,0.16702961672473868,0.0,0.0,0.1672473867595819,0.16702961672473868
0.0039,239,0.00029644013129544617,0.0007189065063732273,0.005316932604631827,0.8327526132404182,0.1672473867595819,0.0,0.0,0.8329703832752613,0.16702961672473868,0.0,0.0,0.1672473867595819,0.16702961672473868
0.004,239,0.00030078249507918114,0.0007303859237290531,0.009053981817622413,0.8327526132404182,0.1672473867595819,0.0,0.0,0.8329703832752613,0.16702961672473868,0.0,0.0,0.1672473867595819,0.16702961672473868
0.0041,239,0.0003052151750806639,0.0007429935962855134,0.009584585010782513,0.8327526132404182,0.1672473867595819,0.0,0.0,0.8329703832752613,0.16702961672473868,0.0,0.0,0.1672473867595819,0.16702961672473868
0.004200000000000001,239,0.000309748983143655,0.0007551886024427822,0.00961335436371211,0.8327526132404182,0.1672473867595819,0.0,0.0,0.8329703832752613,0.16702961672473868,0.0,0.0,0.1672473867595819,0.16702961672473868
0.0043,239,0.00031426962127059166,0.0007676209778579457,0.009103357608733958,0.8327526132404182,0.1672473867595819,0.0,0.0,0.8329703832752613,0.16702961672473868,0.0,0.0,0.1672473867595819,0.16702961672473868
0.0044,239,0.000318798266934056,0.0007811728476816226,0.007406267946509232,0.8327526132404182,0.1672473867595819,0.0,0.0,0.8329703832752613,0.16702961672473868,0.0,0.0,0.1672473867595819,0.16702961672473868
0.0045000000000000005,239,0.00032349435275110645,0.000794349412349408,0.005284912736014967,0.8327526132404182,0.1672473867595819,0.0,0.0,0.8329703832752613,0.16702961672473868,0.0,0.0,0.1672473867595819,0.16702961672473868
0.0046,239,0.0003282685078821308,0.0008068701290094815,0.00528654257204962,0.8327526132404182,0.1672473867595819,0.0,0.0,0.8329703832752613,0.16702961672473868,0.0,0.0,0.1672473867595819,0.16702961672473868
0.0047,239,0.0003330900070336948,0.0008193960059522763,0.003308425226785295,0.8327526132404182,0.1672473867595819,0.0,0.0,0.8329703832752613,0.16702961672473868,0.0,0.0,0.1672473867595819,0.16702961672473868
0.0048000000000000004,239,0.00033788552868308603,0.0008321830627633479,0.003545525166133367,0.8327526132404182,0.1672473867595819,0.0,0.0,0.8329703832752613,0.16702961672473868,0.0,0.0,0.1672473867595819,0.16702961672473868
0.0049,239,0.00034271430070053325,0.0008445266368021726,0.0026166834411589118,0.8327526132404182,0.1672473867595819,0.0,0.0,0.8329703832752613,0.16702961672473868,0.0,0.0,0.1672473867595819,0.16702961672473868
0.005,239,0.00034761112543576345,0.0008556179440465135,0.0032145860436224496,0.8327526132404182,0.1672473867595819,0.0,0.0,0.8329703832752613,0.16702961672473868,0.0,0.0,0.1672473867595819,0.16702961672473868
0.006,239,0.00039793803443444864,0.0012461117883285605,0.004073399757392505,0.8327526132404182,0.1672473867595819,0.0,0.0,0.8329703832752613,0.16702961672473868,0.0,0.0,0.1672473867595819,0.16702961672473868
0.007,239,0.0004463630396651906,0.0014589084799565958,0.005125431448730137,0.8327526132404182,0.1672473867595819,0.0,0.0,0.8329703832752613,0.16702961672473868,0.0,0.0,0.1672473867595819,0.16702961672473868
0.008,239,0.0004882671461637483,0.0014842130837045143,0.0025651421656529526,0.8327526132404182,0.1672473867595819,0.0,0.0,0.8329703832752613,0.16702961672473868,0.0,0.0,0.1672473867595819,0.16702961672473868
0.009000000000000001,239,0.0006826675804309626,0.0039095965498690466,0.00346845131881197,0.8327526132404182,0.1672473867595819,0.0,0.0,0.8329703832752613,0.16702961672473868,0.0,0.0,0.1672473867595819,0.16702961672473868
0.01,239,0.0009912377718444044,0.006069663433093623,0.003743225192796819,0.8327526132404182,0.1672473867595819,0.0,0.0,0.8328614982578397,0.16702961672473868,0.0,0.00010888501742160279,0.1672473867595819,0.16713850174216027
0.011,230,0.0012492900273980286,0.0073840140727943655,0.006874087615056322,0.7740635888501742,0.1672473867595819,0.0,0.0586890243902439,0.7772212543554007,0.16702961672473868,0.0,0.05574912891986063,0.2259364111498258,0.2227787456445993
0.012,143,0.0015734430660360892,0.008425898488853582,0.006205285770453015,0.48638937282229966,0.1672473867595819,0.0,0.34636324041811845,0.4890026132404181,0.16702961672473868,0.0,0.3439677700348432,0.5136106271777003,0.5109973867595818
0.013000000000000001,135,0.0016837505272882256,0.008942266391537262,0.009817791319364609,0.4604747386759582,0.1672473867595819,0.0,0.37227787456445993,0.4605836236933798,0.16702961672473868,0.0,0.37238675958188155,0.5395252613240418,0.5394163763066202
0.014,127,0.0015417519841182353,0.00839549068797317,0.0028587145416548395,0.429551393728223,0.1672473867595819,0.0,0.4032012195121951,0.43140243902439024,0.16702961672473868,0.0,0.40156794425087106,0.570448606271777,0.5685975609756098
0.015000000000000001,118,0.0014212740624891826,0.006710529392696693,0.005009497292505799,0.39743031358885017,0.1672473867595819,0.0,0.43532229965156793,0.4000435540069686,0.16702961672473868,0.0,0.4329268292682927,0.6025696864111498,0.5999564459930313
0.016,111,0.0015546366268680445,0.006402240203784999,0.009602645499552571,0.3764155052264808,0.1672473867595819,0.0,0.4563371080139373,0.3769599303135889,0.16702961672473868,0.0,0.4560104529616725,0.6235844947735192,0.6230400696864111
0.017,107,0.0015690881108693885,0.005114046324039892,0.007577770415338974,0.36117160278745647,0.1672473867595819,0.0,0.4715810104529617,0.36247822299651566,0.16702961672473868,0.0,0.47049216027874563,0.6388283972125436,0.6375217770034843
0.018000000000000002,103,0.0020236406463252825,0.009666966356612896,0.003813893721741013,0.33939459930313587,0.1672473867595819,0.0,0.49335801393728224,0.3409189895470383,0.16702961672473868,0.0,0.492051393728223,0.6606054006968641,0.6590810104529616
0.019000000000000003,91,0.0016252231644292325,0.0052418623215612645,0.012404904137727102,0.29573170731707316,0.1672473867595819,0.0,0.537020905923345,0.30172038327526135,0.16702961672473868,0.0,0.53125,0.7042682926829268,0.6982796167247387
0.02,78,0.0021918937381768403,0.009913760264650738,0.007842823115730813,0.23148954703832753,0.1672473867595819,0.0,0.6012630662020906,0.23530052264808363,0.16702961672473868,0.0,0.5976698606271778,0.7685104529616724,0.7646994773519163
0.020999999999999998,58,0.002234676601994482,0.0073623999356960505,0.001860114610169078,0.188044425087108,0.1672473867595819,0.0,0.6447081881533101,0.19043989547038329,0.16702961672473868,0.0,0.6425304878048781,0.8119555749128919,0.8095601045296167
0.022,54,0.0022507813749528347,0.007777489681312216,0.012044695281958978,0.17323606271777003,0.1672473867595819,0.0,0.6595165505226481,0.17519599303135888,0.16702961672473868,0.0,0.6577743902439024,0.82676393728223,0.8248040069686411
0.023,53,0.0027506963272720688,0.011041722456135898,0.005428078444991935,0.1640897212543554,0.1672473867595819,0.0,0.6686628919860628,0.16561411149825783,0.16702961672473868,0.0,0.6673562717770035,0.8359102787456446,0.8343858885017421
0.024,48,0.0025742986636846333,0.009063840272633983,0.0021603450167141935,0.15309233449477352,0.1672473867595819,0.0,0.6796602787456446,0.15331010452961671,0.16702961672473868,0.0,0.6796602787456446,0.8469076655052264,0.8466898954703833
0.025,44,0.0023375113378552464,0.008414573479771285,0.003579517328719556,0.1444904181184669,0.1672473867595819,0.0,0.6882621951219512,0.1445993031358885,0.16702961672473868,0.0,0.6883710801393729,0.8555095818815331,0.8554006968641115
0.026000000000000002,42,0.002604912250515705,0.008801485730566716,0.006017753386174496,0.12652439024390244,0.1672473867595819,0.0,0.7062282229965157,0.1283754355400697,0.16702961672473868,0.0,0.7045949477351916,0.8734756097560976,0.8716245644599303
0.027000000000000003,32,0.0028222376243616926,0.00904487790514963,0.0012613117584353573,0.10300522648083624,0.1672473867595819,0.0,0.7297473867595818,0.10365853658536585,0.16702961672473868,0.0,0.7293118466898955,0.8969947735191638,0.8963414634146342
0.027999999999999997,32,0.004203560673385925,0.016485647510524556,0.025871761539864868,0.10039198606271776,0.1672473867595819,0.0,0.7323606271777003,0.09941202090592334,0.16702961672473868,0.0,0.733558362369338,0.8996080139372822,0.9005879790940766
0.028999999999999998,31,0.0029989984528181078,0.007950192476330982,0.0005828044082353545,0.09668989547038327,0.1672473867595819,0.0,0.7360627177700348,0.09658101045296168,0.16702961672473868,0.0,0.7363893728222997,0.9033101045296167,0.9034189895470384
0.03,30,0.003612735916640346,0.008038772164464253,0.005312654585752502,0.08013937282229965,0.1672473867595819,0.0,0.7526132404181185,0.07981271777003485,0.16702961672473868,0.0,0.7531576655052264,0.9198606271777003,0.9201872822299652
