case_id,gate,observed,limit,status
caseA_10nm_relative_flow,position_rms_m,4.0189472907015086e-13,6e-8,PASS
caseA_10nm_relative_flow,position_maximum_m,1.1061175734239915e-12,7e-7,PASS
caseA_10nm_relative_flow,position_relative_l2,2.9277460298259895e-11,1e-4,PASS
caseA_10nm_relative_flow,velocity_rms_m_s,1.7423855745483177e-9,4e-4,PASS
caseA_10nm_relative_flow,velocity_maximum_m_s,3.41187781975777e-9,3.5e-3,PASS
caseA_10nm_relative_flow,velocity_relative_l2,3.402691720265476e-11,5e-4,PASS
caseA_10nm_relative_flow,charge_rms_e,3.513394672796024e-9,4e-4,PASS
caseA_10nm_relative_flow,charge_maximum_e,6.60977050870315e-9,4.5e-3,PASS
caseA_10nm_relative_flow,charge_relative_l2,2.7669410329175896e-10,2e-5,PASS
caseA_30nm_relative_flow,position_rms_m,5.25388357416497e-13,6e-8,PASS
caseA_30nm_relative_flow,position_maximum_m,1.389467321815849e-12,7e-7,PASS
caseA_30nm_relative_flow,position_relative_l2,9.40907381058938e-11,1e-4,PASS
caseA_30nm_relative_flow,velocity_rms_m_s,2.5260434516717365e-9,4e-4,PASS
caseA_30nm_relative_flow,velocity_maximum_m_s,4.580070523336438e-9,3.5e-3,PASS
caseA_30nm_relative_flow,velocity_relative_l2,9.553675868988996e-11,5e-4,PASS
caseA_30nm_relative_flow,charge_rms_e,2.0342138607095293e-8,4e-4,PASS
caseA_30nm_relative_flow,charge_maximum_e,4.15538892184486e-8,4.5e-3,PASS
caseA_30nm_relative_flow,charge_relative_l2,3.7277306103495233e-10,2e-5,PASS
caseA_100nm_image,position_rms_m,3.8769440221081826e-13,6e-8,PASS
caseA_100nm_image,position_maximum_m,1.1409399321559212e-12,7e-7,PASS
caseA_100nm_image,position_relative_l2,1.9680598977534097e-10,1e-4,PASS
caseA_100nm_image,velocity_rms_m_s,1.9708992297755863e-9,4e-4,PASS
caseA_100nm_image,velocity_maximum_m_s,3.7799342636129654e-9,3.5e-3,PASS
caseA_100nm_image,velocity_relative_l2,1.8689950165931344e-10,5e-4,PASS
caseA_100nm_image,charge_rms_e,1.1799609854633251e-7,4e-4,PASS
caseA_100nm_image,charge_maximum_e,2.3727159259578912e-7,4.5e-3,PASS
caseA_100nm_image,charge_relative_l2,4.66732921548995e-10,2e-5,PASS
