case_id,path,sha256,normalized_payload_sha256,bytes
formal_iondrag_theory_consistent/caseP_10nm,manifest.csv,e408733f20c55bfcd362a5d207c3353bc38fca8f2c66b482b5006e62ef131293,NOT_APPLICABLE,1625
formal_iondrag_theory_consistent/caseP_10nm,validation/package_validation.csv,bc88df8df019d36172398ce8559f60d2dc1a2f7d2cb208fa728d6981c3585c79,NOT_APPLICABLE,640
formal_iondrag_theory_consistent/caseP_10nm,config/global_parameters.csv,a38196b02aa348b68d3aca4344141d8c56e3c1f9f7ca000b4e6798b01a550f0f,NOT_APPLICABLE,6635
formal_iondrag_theory_consistent/caseP_10nm,config/physical_constants.csv,afb2f262b495f6cc6f2ec744bc9eece938bb6ff479aacc211af24414ba8b43df,NOT_APPLICABLE,378
formal_iondrag_theory_consistent/caseP_10nm,config/variable_definitions.csv,7f1c1a42a6be2b0f58fb84f3feb7fa2f27ac5f9336ec4bb3eea3c1eed4fd90a9,NOT_APPLICABLE,11145
formal_iondrag_theory_consistent/caseP_10nm,config/particle_physics_feature_settings.csv,a9bc59344f7cae50e86a4586e3d5585ba908a7c48c43050556e1bf2af5377605,NOT_APPLICABLE,96935
formal_iondrag_theory_consistent/caseP_10nm,config/study_and_solver_settings.csv,487be794c55f9081eaef9aa970fba36a9966b9adf700db007288d1cc60106ea0,NOT_APPLICABLE,46767
formal_iondrag_theory_consistent/caseP_10nm,config/boundary_conditions_and_event_codes.csv,e18ae9ed0ec4f41cdc665169b464229a8a632fe7a40ff2717e9dd786568f99ae,NOT_APPLICABLE,849
formal_iondrag_theory_consistent/caseP_10nm,config/background_field_column_dictionary.csv,d733749164ceac512ce252dc7641a8f66c61aaeee32a443ab7a683eaca931793,NOT_APPLICABLE,1542
formal_iondrag_theory_consistent/caseP_10nm,config/particle_output_column_dictionary.csv,a98ddcda67c57f048f27caec1cec728d02641baa71effd6fe9eaaaafe3814e61,NOT_APPLICABLE,21721
formal_iondrag_theory_consistent/caseP_10nm,geometry/mesh_vertices_si.csv,23450d02e45c69f60eed3cc23268c6c0d846fea1c55e6cfbe57591fdedaa1dca,NOT_APPLICABLE,395394
formal_iondrag_theory_consistent/caseP_10nm,geometry/boundary_edges.csv,6da9097588ebc6df2f66759d4f132d2ab0e2a6bf071416dd1b113ac2e58828d5,NOT_APPLICABLE,21526
formal_iondrag_theory_consistent/caseP_10nm,geometry/domain_triangles.csv,3499cb657fce871016b1e07d9cb799655794f8657e30ba2162e12efa73efa5bc,NOT_APPLICABLE,341932
formal_iondrag_theory_consistent/caseP_10nm,geometry/domain_quadrilaterals.csv,7f6619549c8ddb65781cfd8dcbf27803ece9dae0cf445304d1aacbe43b997f4c,NOT_APPLICABLE,94290
formal_iondrag_theory_consistent/caseP_10nm,input_fields/background_fields_mesh_points.csv,19ffdf14b5506b72202419754030d87be7444111fea50f85104bd072b6952209,900b7a104444aba7f111f4ef82704596a3e6f9c93a91814e26aa7c9309b63364,6573638
formal_iondrag_theory_consistent/caseP_10nm,input_fields/background_fields_regular_grid_301x301.csv,8448c8cd894180eb60692fbe10988080c16aac6cbaa6f19e00130330063204ae,6c572deb36e4fca91d3e1542323a6a001c445f77a60e9649438702176d07b061,36970209
formal_iondrag_theory_consistent/caseP_10nm,results/release_state_t0_tidy.csv,8d1b8771a2f356ec23406f52d297a5fed3b80835105b93a6c8aff63ef13db88f,NOT_APPLICABLE,399173
formal_iondrag_theory_consistent/caseP_10nm,results/particle_history_full_tidy.csv,b7b0b29a11d7845ca947304a260f719e25eb73be07c16f3c0e2a2b9e95dcaf6f,NOT_APPLICABLE,49316688
formal_iondrag_theory_consistent/caseP_10nm,results/particle_boundary_event_history_tidy.csv,cb36b4d1039d15f710547a9fdf932b53a6f25f47d3169f7730c1594e05a1bbf7,NOT_APPLICABLE,2497553
formal_iondrag_theory_consistent/caseP_30nm,manifest.csv,5bddb7c6f89f48e3a06fb938748a5f00c155e0d71b4ca8689cd6372cd850bce6,NOT_APPLICABLE,1625
formal_iondrag_theory_consistent/caseP_30nm,validation/package_validation.csv,bc88df8df019d36172398ce8559f60d2dc1a2f7d2cb208fa728d6981c3585c79,NOT_APPLICABLE,640
formal_iondrag_theory_consistent/caseP_30nm,config/global_parameters.csv,905ad42ea82bc5e7d4786cdd47d366a3ba05b0ecd00161e968702f2b98a69ca1,NOT_APPLICABLE,6650
formal_iondrag_theory_consistent/caseP_30nm,config/physical_constants.csv,afb2f262b495f6cc6f2ec744bc9eece938bb6ff479aacc211af24414ba8b43df,NOT_APPLICABLE,378
formal_iondrag_theory_consistent/caseP_30nm,config/variable_definitions.csv,7f1c1a42a6be2b0f58fb84f3feb7fa2f27ac5f9336ec4bb3eea3c1eed4fd90a9,NOT_APPLICABLE,11145
formal_iondrag_theory_consistent/caseP_30nm,config/particle_physics_feature_settings.csv,a9bc59344f7cae50e86a4586e3d5585ba908a7c48c43050556e1bf2af5377605,NOT_APPLICABLE,96935
formal_iondrag_theory_consistent/caseP_30nm,config/study_and_solver_settings.csv,263f7eba05d404b16cd7ee7d4d8e90a6db7c4eda532cc90b3f5addfbff4f0f3e,NOT_APPLICABLE,46767
formal_iondrag_theory_consistent/caseP_30nm,config/boundary_conditions_and_event_codes.csv,e18ae9ed0ec4f41cdc665169b464229a8a632fe7a40ff2717e9dd786568f99ae,NOT_APPLICABLE,849
formal_iondrag_theory_consistent/caseP_30nm,config/background_field_column_dictionary.csv,d733749164ceac512ce252dc7641a8f66c61aaeee32a443ab7a683eaca931793,NOT_APPLICABLE,1542
formal_iondrag_theory_consistent/caseP_30nm,config/particle_output_column_dictionary.csv,a98ddcda67c57f048f27caec1cec728d02641baa71effd6fe9eaaaafe3814e61,NOT_APPLICABLE,21721
formal_iondrag_theory_consistent/caseP_30nm,geometry/mesh_vertices_si.csv,23450d02e45c69f60eed3cc23268c6c0d846fea1c55e6cfbe57591fdedaa1dca,NOT_APPLICABLE,395394
formal_iondrag_theory_consistent/caseP_30nm,geometry/boundary_edges.csv,6da9097588ebc6df2f66759d4f132d2ab0e2a6bf071416dd1b113ac2e58828d5,NOT_APPLICABLE,21526
formal_iondrag_theory_consistent/caseP_30nm,geometry/domain_triangles.csv,3499cb657fce871016b1e07d9cb799655794f8657e30ba2162e12efa73efa5bc,NOT_APPLICABLE,341932
formal_iondrag_theory_consistent/caseP_30nm,geometry/domain_quadrilaterals.csv,7f6619549c8ddb65781cfd8dcbf27803ece9dae0cf445304d1aacbe43b997f4c,NOT_APPLICABLE,94290
formal_iondrag_theory_consistent/caseP_30nm,input_fields/background_fields_mesh_points.csv,5bca7bfed4e0b8e02dfe7cc8ac7f4925152f409e5b910f36fdae1c8119b18c36,939c2f41527c63156002749a6cf73eba5f3516eed449d35f3319e9315f946ea2,6573665
formal_iondrag_theory_consistent/caseP_30nm,input_fields/background_fields_regular_grid_301x301.csv,8448c8cd894180eb60692fbe10988080c16aac6cbaa6f19e00130330063204ae,6c572deb36e4fca91d3e1542323a6a001c445f77a60e9649438702176d07b061,36970209
formal_iondrag_theory_consistent/caseP_30nm,results/release_state_t0_tidy.csv,0afdc5c6c6b84b71e16d00e7897028e784a619807fbc8a815e4af255eb3f848b,NOT_APPLICABLE,407878
formal_iondrag_theory_consistent/caseP_30nm,results/particle_history_full_tidy.csv,a26087b4bd5704dddfd957ee6dd5d034698b293ba188ae8c64130e0ecda8a957,NOT_APPLICABLE,50448643
formal_iondrag_theory_consistent/caseP_30nm,results/particle_boundary_event_history_tidy.csv,2c0f7ae06e1ca0455238ad83f0de4c14ff3ab14962ca52edbea901f00d6bf8e5,NOT_APPLICABLE,2501808
formal_iondrag_theory_consistent/caseP_100nm,manifest.csv,5efed41cb98bb4ca813cc6d89b547dffd906fb0ab460b1f0965e9f57feefe2dc,NOT_APPLICABLE,1627
formal_iondrag_theory_consistent/caseP_100nm,validation/package_validation.csv,bc88df8df019d36172398ce8559f60d2dc1a2f7d2cb208fa728d6981c3585c79,NOT_APPLICABLE,640
formal_iondrag_theory_consistent/caseP_100nm,config/global_parameters.csv,aba627c82652bab5f6ae27ad333eb4496712ad32f51f8cc52baddd50dcfa578a,NOT_APPLICABLE,6651
formal_iondrag_theory_consistent/caseP_100nm,config/physical_constants.csv,afb2f262b495f6cc6f2ec744bc9eece938bb6ff479aacc211af24414ba8b43df,NOT_APPLICABLE,378
formal_iondrag_theory_consistent/caseP_100nm,config/variable_definitions.csv,7f1c1a42a6be2b0f58fb84f3feb7fa2f27ac5f9336ec4bb3eea3c1eed4fd90a9,NOT_APPLICABLE,11145
formal_iondrag_theory_consistent/caseP_100nm,config/particle_physics_feature_settings.csv,a9bc59344f7cae50e86a4586e3d5585ba908a7c48c43050556e1bf2af5377605,NOT_APPLICABLE,96935
formal_iondrag_theory_consistent/caseP_100nm,config/study_and_solver_settings.csv,a9f454566ae6b2d3be338d9d088c1a4365314f786435848317254188a377b710,NOT_APPLICABLE,47235
formal_iondrag_theory_consistent/caseP_100nm,config/boundary_conditions_and_event_codes.csv,e18ae9ed0ec4f41cdc665169b464229a8a632fe7a40ff2717e9dd786568f99ae,NOT_APPLICABLE,849
formal_iondrag_theory_consistent/caseP_100nm,config/background_field_column_dictionary.csv,d733749164ceac512ce252dc7641a8f66c61aaeee32a443ab7a683eaca931793,NOT_APPLICABLE,1542
formal_iondrag_theory_consistent/caseP_100nm,config/particle_output_column_dictionary.csv,a98ddcda67c57f048f27caec1cec728d02641baa71effd6fe9eaaaafe3814e61,NOT_APPLICABLE,21721
formal_iondrag_theory_consistent/caseP_100nm,geometry/mesh_vertices_si.csv,23450d02e45c69f60eed3cc23268c6c0d846fea1c55e6cfbe57591fdedaa1dca,NOT_APPLICABLE,395394
formal_iondrag_theory_consistent/caseP_100nm,geometry/boundary_edges.csv,6da9097588ebc6df2f66759d4f132d2ab0e2a6bf071416dd1b113ac2e58828d5,NOT_APPLICABLE,21526
formal_iondrag_theory_consistent/caseP_100nm,geometry/domain_triangles.csv,3499cb657fce871016b1e07d9cb799655794f8657e30ba2162e12efa73efa5bc,NOT_APPLICABLE,341932
formal_iondrag_theory_consistent/caseP_100nm,geometry/domain_quadrilaterals.csv,7f6619549c8ddb65781cfd8dcbf27803ece9dae0cf445304d1aacbe43b997f4c,NOT_APPLICABLE,94290
formal_iondrag_theory_consistent/caseP_100nm,input_fields/background_fields_mesh_points.csv,ab3264d25bddf994561f1780d2a1f2c8d1ed27410fdaaebda32b9e8ea34f39cb,eea61902961b24a330e3e6e2cc6afc70b2de30fccea4026df455ff5b12f920d8,6573646
formal_iondrag_theory_consistent/caseP_100nm,input_fields/background_fields_regular_grid_301x301.csv,891022ee599707d39a852aaf83bb6f01adcb310f7e0baa58360a43284d114c72,6c572deb36e4fca91d3e1542323a6a001c445f77a60e9649438702176d07b061,36970209
formal_iondrag_theory_consistent/caseP_100nm,results/release_state_t0_tidy.csv,7df5ab32b34f1535d72a6e35c5d344aaffe037b289f0f3d646146a6a6644935a,NOT_APPLICABLE,408591
formal_iondrag_theory_consistent/caseP_100nm,results/particle_history_full_tidy.csv,8470c6399fe1cd549854958bee0e572dfb05bd04f3ccd767b514383b1788e11d,NOT_APPLICABLE,50453353
formal_iondrag_theory_consistent/caseP_100nm,results/particle_boundary_event_history_tidy.csv,c8a78fbd8351fe75ef74e2693b4eb26dc11946ebc1b040e28348b21c5109e930,NOT_APPLICABLE,2505091
formal_iondrag_theory_consistent/caseA_10nm,manifest.csv,86a60d2a1ef749f96d742f8f23ac5857a2696e3a131c852f129b9c300c89550f,NOT_APPLICABLE,1628
formal_iondrag_theory_consistent/caseA_10nm,validation/package_validation.csv,67bb1aacadad8e3bc20ee7cf81ea20f779e1a4868f14789422a5c0288141776e,NOT_APPLICABLE,640
formal_iondrag_theory_consistent/caseA_10nm,config/global_parameters.csv,a38196b02aa348b68d3aca4344141d8c56e3c1f9f7ca000b4e6798b01a550f0f,NOT_APPLICABLE,6635
formal_iondrag_theory_consistent/caseA_10nm,config/physical_constants.csv,afb2f262b495f6cc6f2ec744bc9eece938bb6ff479aacc211af24414ba8b43df,NOT_APPLICABLE,378
formal_iondrag_theory_consistent/caseA_10nm,config/variable_definitions.csv,7f1c1a42a6be2b0f58fb84f3feb7fa2f27ac5f9336ec4bb3eea3c1eed4fd90a9,NOT_APPLICABLE,11145
formal_iondrag_theory_consistent/caseA_10nm,config/particle_physics_feature_settings.csv,8282454e51106d39d312e9582b45cf50585f77be682e90dd83bbaf2d68102cba,NOT_APPLICABLE,105907
formal_iondrag_theory_consistent/caseA_10nm,config/study_and_solver_settings.csv,77409542574adcbf4c2a7dfcf3e37ae817b1fb8156dd8deebef0b46da06d2d55,NOT_APPLICABLE,51484
formal_iondrag_theory_consistent/caseA_10nm,config/boundary_conditions_and_event_codes.csv,7e5529991d26aaec339d69ed02d467bbe70741ff72438d06585300be2f1324e3,NOT_APPLICABLE,800
formal_iondrag_theory_consistent/caseA_10nm,config/background_field_column_dictionary.csv,15bc4d1d22f54bd161e4eed773fcdab6f993400b544448b543a6cdeb40d5ce4f,NOT_APPLICABLE,1693
formal_iondrag_theory_consistent/caseA_10nm,config/particle_output_column_dictionary.csv,cbc8ba044d7e1de2e2e014b310267c85703bc48b9ddaed5bf431bf91f99f2bc8,NOT_APPLICABLE,21461
formal_iondrag_theory_consistent/caseA_10nm,geometry/mesh_vertices_si.csv,23450d02e45c69f60eed3cc23268c6c0d846fea1c55e6cfbe57591fdedaa1dca,NOT_APPLICABLE,395394
formal_iondrag_theory_consistent/caseA_10nm,geometry/boundary_edges.csv,6da9097588ebc6df2f66759d4f132d2ab0e2a6bf071416dd1b113ac2e58828d5,NOT_APPLICABLE,21526
formal_iondrag_theory_consistent/caseA_10nm,geometry/domain_triangles.csv,3499cb657fce871016b1e07d9cb799655794f8657e30ba2162e12efa73efa5bc,NOT_APPLICABLE,341932
formal_iondrag_theory_consistent/caseA_10nm,geometry/domain_quadrilaterals.csv,7f6619549c8ddb65781cfd8dcbf27803ece9dae0cf445304d1aacbe43b997f4c,NOT_APPLICABLE,94290
formal_iondrag_theory_consistent/caseA_10nm,input_fields/background_fields_mesh_points.csv,0fb599554d7f1e357d267d18e641356e8c9617b837916871aff9816000f35493,4e8dd86b7ddfb24781e16449c355e454aea8aab2bc859bc66c41036659e26eea,7545672
formal_iondrag_theory_consistent/caseA_10nm,input_fields/background_fields_regular_grid_301x301.csv,5cc335f7ccb237f9b8d6746a99fa1b4d7a0b22141e9aab35d1ccc784924d38d9,01b1b040c3d35aa3d75221f632266298ff7027c112458ffaf441ac2525f91d65,40370441
formal_iondrag_theory_consistent/caseA_10nm,results/release_state_t0_tidy.csv,030d16b5072a4d7f4f5ad9c1641e561f3bc1a0bf919fa80a3b9a29c657559af8,NOT_APPLICABLE,404421
formal_iondrag_theory_consistent/caseA_10nm,results/particle_history_full_tidy.csv,b11d49c4e60fe817a65df33ce6581533c78dcc43e2a8c61de204eb38c2fe488f,NOT_APPLICABLE,46511045
formal_iondrag_theory_consistent/caseA_10nm,results/particle_boundary_event_history_tidy.csv,188eda92e3ede82ea065005034d25b51ee0dc53e85f51b350d15facef83c4a4a,NOT_APPLICABLE,3020900
formal_iondrag_theory_consistent/caseA_30nm,manifest.csv,1b85e3dc78fa66b56af5e4927801e1a882a289f79c4c425a17b0b4931cdf3707,NOT_APPLICABLE,1628
formal_iondrag_theory_consistent/caseA_30nm,validation/package_validation.csv,67bb1aacadad8e3bc20ee7cf81ea20f779e1a4868f14789422a5c0288141776e,NOT_APPLICABLE,640
formal_iondrag_theory_consistent/caseA_30nm,config/global_parameters.csv,905ad42ea82bc5e7d4786cdd47d366a3ba05b0ecd00161e968702f2b98a69ca1,NOT_APPLICABLE,6650
formal_iondrag_theory_consistent/caseA_30nm,config/physical_constants.csv,afb2f262b495f6cc6f2ec744bc9eece938bb6ff479aacc211af24414ba8b43df,NOT_APPLICABLE,378
formal_iondrag_theory_consistent/caseA_30nm,config/variable_definitions.csv,7f1c1a42a6be2b0f58fb84f3feb7fa2f27ac5f9336ec4bb3eea3c1eed4fd90a9,NOT_APPLICABLE,11145
formal_iondrag_theory_consistent/caseA_30nm,config/particle_physics_feature_settings.csv,8282454e51106d39d312e9582b45cf50585f77be682e90dd83bbaf2d68102cba,NOT_APPLICABLE,105907
formal_iondrag_theory_consistent/caseA_30nm,config/study_and_solver_settings.csv,9be70ba297274daaa99e5838b13de7a28d3086e55054b39cece031c38db303f0,NOT_APPLICABLE,51484
formal_iondrag_theory_consistent/caseA_30nm,config/boundary_conditions_and_event_codes.csv,7e5529991d26aaec339d69ed02d467bbe70741ff72438d06585300be2f1324e3,NOT_APPLICABLE,800
formal_iondrag_theory_consistent/caseA_30nm,config/background_field_column_dictionary.csv,15bc4d1d22f54bd161e4eed773fcdab6f993400b544448b543a6cdeb40d5ce4f,NOT_APPLICABLE,1693
formal_iondrag_theory_consistent/caseA_30nm,config/particle_output_column_dictionary.csv,cbc8ba044d7e1de2e2e014b310267c85703bc48b9ddaed5bf431bf91f99f2bc8,NOT_APPLICABLE,21461
formal_iondrag_theory_consistent/caseA_30nm,geometry/mesh_vertices_si.csv,23450d02e45c69f60eed3cc23268c6c0d846fea1c55e6cfbe57591fdedaa1dca,NOT_APPLICABLE,395394
formal_iondrag_theory_consistent/caseA_30nm,geometry/boundary_edges.csv,6da9097588ebc6df2f66759d4f132d2ab0e2a6bf071416dd1b113ac2e58828d5,NOT_APPLICABLE,21526
formal_iondrag_theory_consistent/caseA_30nm,geometry/domain_triangles.csv,3499cb657fce871016b1e07d9cb799655794f8657e30ba2162e12efa73efa5bc,NOT_APPLICABLE,341932
formal_iondrag_theory_consistent/caseA_30nm,geometry/domain_quadrilaterals.csv,7f6619549c8ddb65781cfd8dcbf27803ece9dae0cf445304d1aacbe43b997f4c,NOT_APPLICABLE,94290
formal_iondrag_theory_consistent/caseA_30nm,input_fields/background_fields_mesh_points.csv,108ed5b5712148629287967fa0f0bd6fdd768f4abbc1690ca9d7a37eb27e695b,4e8dd86b7ddfb24781e16449c355e454aea8aab2bc859bc66c41036659e26eea,7545672
formal_iondrag_theory_consistent/caseA_30nm,input_fields/background_fields_regular_grid_301x301.csv,8ae69c44a91bc34940e81a813d7c72e7b2177204ec72b1ab4eb5cb88e6485092,01b1b040c3d35aa3d75221f632266298ff7027c112458ffaf441ac2525f91d65,40370441
formal_iondrag_theory_consistent/caseA_30nm,results/release_state_t0_tidy.csv,f6fd063b95c238252ebac5a9476982d80c3448889ceb2e67227d49322fbebf2e,NOT_APPLICABLE,412420
formal_iondrag_theory_consistent/caseA_30nm,results/particle_history_full_tidy.csv,c21f1865d98a8a37c92219b609732145e98dd0678222f48034609c704e655f6c,NOT_APPLICABLE,48024397
formal_iondrag_theory_consistent/caseA_30nm,results/particle_boundary_event_history_tidy.csv,543f27c8dba22a914d85934c55d2fabd8058f1b342dd9cf51e0874a4a3dd96bd,NOT_APPLICABLE,2951492
formal_iondrag_theory_consistent/caseA_100nm,manifest.csv,2a6baeb0ae8bae03b2afca3d763078c83117bbe7a1e2aa41fdbcaab6c4e66dd2,NOT_APPLICABLE,1630
formal_iondrag_theory_consistent/caseA_100nm,validation/package_validation.csv,67bb1aacadad8e3bc20ee7cf81ea20f779e1a4868f14789422a5c0288141776e,NOT_APPLICABLE,640
formal_iondrag_theory_consistent/caseA_100nm,config/global_parameters.csv,aba627c82652bab5f6ae27ad333eb4496712ad32f51f8cc52baddd50dcfa578a,NOT_APPLICABLE,6651
formal_iondrag_theory_consistent/caseA_100nm,config/physical_constants.csv,afb2f262b495f6cc6f2ec744bc9eece938bb6ff479aacc211af24414ba8b43df,NOT_APPLICABLE,378
formal_iondrag_theory_consistent/caseA_100nm,config/variable_definitions.csv,7f1c1a42a6be2b0f58fb84f3feb7fa2f27ac5f9336ec4bb3eea3c1eed4fd90a9,NOT_APPLICABLE,11145
formal_iondrag_theory_consistent/caseA_100nm,config/particle_physics_feature_settings.csv,8282454e51106d39d312e9582b45cf50585f77be682e90dd83bbaf2d68102cba,NOT_APPLICABLE,105907
formal_iondrag_theory_consistent/caseA_100nm,config/study_and_solver_settings.csv,93d0f837613779335bf4dff6a90e2df5be9376b4226e173bb69d88651bb31390,NOT_APPLICABLE,51952
formal_iondrag_theory_consistent/caseA_100nm,config/boundary_conditions_and_event_codes.csv,7e5529991d26aaec339d69ed02d467bbe70741ff72438d06585300be2f1324e3,NOT_APPLICABLE,800
formal_iondrag_theory_consistent/caseA_100nm,config/background_field_column_dictionary.csv,15bc4d1d22f54bd161e4eed773fcdab6f993400b544448b543a6cdeb40d5ce4f,NOT_APPLICABLE,1693
formal_iondrag_theory_consistent/caseA_100nm,config/particle_output_column_dictionary.csv,cbc8ba044d7e1de2e2e014b310267c85703bc48b9ddaed5bf431bf91f99f2bc8,NOT_APPLICABLE,21461
formal_iondrag_theory_consistent/caseA_100nm,geometry/mesh_vertices_si.csv,23450d02e45c69f60eed3cc23268c6c0d846fea1c55e6cfbe57591fdedaa1dca,NOT_APPLICABLE,395394
formal_iondrag_theory_consistent/caseA_100nm,geometry/boundary_edges.csv,6da9097588ebc6df2f66759d4f132d2ab0e2a6bf071416dd1b113ac2e58828d5,NOT_APPLICABLE,21526
formal_iondrag_theory_consistent/caseA_100nm,geometry/domain_triangles.csv,3499cb657fce871016b1e07d9cb799655794f8657e30ba2162e12efa73efa5bc,NOT_APPLICABLE,341932
formal_iondrag_theory_consistent/caseA_100nm,geometry/domain_quadrilaterals.csv,7f6619549c8ddb65781cfd8dcbf27803ece9dae0cf445304d1aacbe43b997f4c,NOT_APPLICABLE,94290
formal_iondrag_theory_consistent/caseA_100nm,input_fields/background_fields_mesh_points.csv,bf941c93652d8a50036fc1e7e5cff4f4fdb352c887189317e0702ecd67360de9,4e8dd86b7ddfb24781e16449c355e454aea8aab2bc859bc66c41036659e26eea,7545672
formal_iondrag_theory_consistent/caseA_100nm,input_fields/background_fields_regular_grid_301x301.csv,f581198b5014598386fa3fbacb468be40ac5890c7e4ff03799a39a1bfbf7527b,01b1b040c3d35aa3d75221f632266298ff7027c112458ffaf441ac2525f91d65,40370441
formal_iondrag_theory_consistent/caseA_100nm,results/release_state_t0_tidy.csv,c109ff0152742911d5a1d7e73bd6a0e65580211b2711c3d94aa3b86dfc3b7685,NOT_APPLICABLE,413131
formal_iondrag_theory_consistent/caseA_100nm,results/particle_history_full_tidy.csv,af61916d47dc634e4b3ca42139eebe7fe74a0fd27941250aefda2b39f4ad4a78,NOT_APPLICABLE,48215990
formal_iondrag_theory_consistent/caseA_100nm,results/particle_boundary_event_history_tidy.csv,59a2ac2e51fd312ee42c59581f8c132738abe209144840e7fcd49d16230fdffd,NOT_APPLICABLE,2959085
formal_iondrag_image_minimal_corrected/caseP_10nm,manifest.csv,aec44f90a1b1e46cd3a0d816cc0da44f6654c4c168f60d2279e064ccd8d2392c,NOT_APPLICABLE,1650
formal_iondrag_image_minimal_corrected/caseP_10nm,validation/package_validation.csv,bc88df8df019d36172398ce8559f60d2dc1a2f7d2cb208fa728d6981c3585c79,NOT_APPLICABLE,640
formal_iondrag_image_minimal_corrected/caseP_10nm,config/global_parameters.csv,a38196b02aa348b68d3aca4344141d8c56e3c1f9f7ca000b4e6798b01a550f0f,NOT_APPLICABLE,6635
formal_iondrag_image_minimal_corrected/caseP_10nm,config/physical_constants.csv,afb2f262b495f6cc6f2ec744bc9eece938bb6ff479aacc211af24414ba8b43df,NOT_APPLICABLE,378
formal_iondrag_image_minimal_corrected/caseP_10nm,config/variable_definitions.csv,21c7d261aafa8623259a6820b4c23fe0234c5bf9559f6b0d1cc0d089794b8f59,NOT_APPLICABLE,11454
formal_iondrag_image_minimal_corrected/caseP_10nm,config/particle_physics_feature_settings.csv,7c3fd36aafc3f6c952dc4ac21c6d2953f5e8eea0ecc696faa52be6a7b7f7767c,NOT_APPLICABLE,95473
formal_iondrag_image_minimal_corrected/caseP_10nm,config/study_and_solver_settings.csv,96f178212dc208c4aa28b2aff6d8fa768cfcfafdd36f5be9964e2bba02e9d9d0,NOT_APPLICABLE,46757
formal_iondrag_image_minimal_corrected/caseP_10nm,config/boundary_conditions_and_event_codes.csv,e18ae9ed0ec4f41cdc665169b464229a8a632fe7a40ff2717e9dd786568f99ae,NOT_APPLICABLE,849
formal_iondrag_image_minimal_corrected/caseP_10nm,config/background_field_column_dictionary.csv,d733749164ceac512ce252dc7641a8f66c61aaeee32a443ab7a683eaca931793,NOT_APPLICABLE,1542
formal_iondrag_image_minimal_corrected/caseP_10nm,config/particle_output_column_dictionary.csv,7be906d2dc3dc07767c57eabe3974050d179013bb55840b6030562d26557ac62,NOT_APPLICABLE,13451
formal_iondrag_image_minimal_corrected/caseP_10nm,geometry/mesh_vertices_si.csv,23450d02e45c69f60eed3cc23268c6c0d846fea1c55e6cfbe57591fdedaa1dca,NOT_APPLICABLE,395394
formal_iondrag_image_minimal_corrected/caseP_10nm,geometry/boundary_edges.csv,6da9097588ebc6df2f66759d4f132d2ab0e2a6bf071416dd1b113ac2e58828d5,NOT_APPLICABLE,21526
formal_iondrag_image_minimal_corrected/caseP_10nm,geometry/domain_triangles.csv,3499cb657fce871016b1e07d9cb799655794f8657e30ba2162e12efa73efa5bc,NOT_APPLICABLE,341932
formal_iondrag_image_minimal_corrected/caseP_10nm,geometry/domain_quadrilaterals.csv,7f6619549c8ddb65781cfd8dcbf27803ece9dae0cf445304d1aacbe43b997f4c,NOT_APPLICABLE,94290
formal_iondrag_image_minimal_corrected/caseP_10nm,input_fields/background_fields_mesh_points.csv,12961d4fa7cb4ffa94c03cbe96a4780b004d01c5b2c90b8893a66fced6030bd3,10dcae0957bf784a7ee777ec54c54b15769087a563dfb093bb3522b999dcfa1c,6573637
formal_iondrag_image_minimal_corrected/caseP_10nm,input_fields/background_fields_regular_grid_301x301.csv,b6ef0f5af68a8b6c94d2c446c16c428a876749caeaba28e431931bbb22d02d6b,6c572deb36e4fca91d3e1542323a6a001c445f77a60e9649438702176d07b061,36970209
formal_iondrag_image_minimal_corrected/caseP_10nm,results/release_state_t0_tidy.csv,f00e4df6fcc1770d1eba9e6e846e19238ee855e240d5f1787320eba2953b5613,NOT_APPLICABLE,399183
formal_iondrag_image_minimal_corrected/caseP_10nm,results/particle_history_full_tidy.csv,61df6194f03fe326581e69e8ea47b859e4b8e95d8471d555d6c8e21ca0eb9108,NOT_APPLICABLE,49331453
formal_iondrag_image_minimal_corrected/caseP_10nm,results/particle_boundary_event_history_tidy.csv,585923549f02f745c5c80d6d1656e3aed56e922ba36fdaba452026c67003cd14,NOT_APPLICABLE,2497913
formal_iondrag_image_minimal_corrected/caseP_30nm,manifest.csv,26bc43bd65fb81e71714539e0e3661613d8f5f3498809e97d9c235f3848b0d8b,NOT_APPLICABLE,1650
formal_iondrag_image_minimal_corrected/caseP_30nm,validation/package_validation.csv,bc88df8df019d36172398ce8559f60d2dc1a2f7d2cb208fa728d6981c3585c79,NOT_APPLICABLE,640
formal_iondrag_image_minimal_corrected/caseP_30nm,config/global_parameters.csv,905ad42ea82bc5e7d4786cdd47d366a3ba05b0ecd00161e968702f2b98a69ca1,NOT_APPLICABLE,6650
formal_iondrag_image_minimal_corrected/caseP_30nm,config/physical_constants.csv,afb2f262b495f6cc6f2ec744bc9eece938bb6ff479aacc211af24414ba8b43df,NOT_APPLICABLE,378
formal_iondrag_image_minimal_corrected/caseP_30nm,config/variable_definitions.csv,21c7d261aafa8623259a6820b4c23fe0234c5bf9559f6b0d1cc0d089794b8f59,NOT_APPLICABLE,11454
formal_iondrag_image_minimal_corrected/caseP_30nm,config/particle_physics_feature_settings.csv,7c3fd36aafc3f6c952dc4ac21c6d2953f5e8eea0ecc696faa52be6a7b7f7767c,NOT_APPLICABLE,95473
formal_iondrag_image_minimal_corrected/caseP_30nm,config/study_and_solver_settings.csv,f7badb1683ffbc535ecb465e9a04acc27e0bdec388d67cb703ae622647a38085,NOT_APPLICABLE,46757
formal_iondrag_image_minimal_corrected/caseP_30nm,config/boundary_conditions_and_event_codes.csv,e18ae9ed0ec4f41cdc665169b464229a8a632fe7a40ff2717e9dd786568f99ae,NOT_APPLICABLE,849
formal_iondrag_image_minimal_corrected/caseP_30nm,config/background_field_column_dictionary.csv,d733749164ceac512ce252dc7641a8f66c61aaeee32a443ab7a683eaca931793,NOT_APPLICABLE,1542
formal_iondrag_image_minimal_corrected/caseP_30nm,config/particle_output_column_dictionary.csv,7be906d2dc3dc07767c57eabe3974050d179013bb55840b6030562d26557ac62,NOT_APPLICABLE,13451
formal_iondrag_image_minimal_corrected/caseP_30nm,geometry/mesh_vertices_si.csv,23450d02e45c69f60eed3cc23268c6c0d846fea1c55e6cfbe57591fdedaa1dca,NOT_APPLICABLE,395394
formal_iondrag_image_minimal_corrected/caseP_30nm,geometry/boundary_edges.csv,6da9097588ebc6df2f66759d4f132d2ab0e2a6bf071416dd1b113ac2e58828d5,NOT_APPLICABLE,21526
formal_iondrag_image_minimal_corrected/caseP_30nm,geometry/domain_triangles.csv,3499cb657fce871016b1e07d9cb799655794f8657e30ba2162e12efa73efa5bc,NOT_APPLICABLE,341932
formal_iondrag_image_minimal_corrected/caseP_30nm,geometry/domain_quadrilaterals.csv,7f6619549c8ddb65781cfd8dcbf27803ece9dae0cf445304d1aacbe43b997f4c,NOT_APPLICABLE,94290
formal_iondrag_image_minimal_corrected/caseP_30nm,input_fields/background_fields_mesh_points.csv,dd8368bd257408e8531e3a6d3ea9e948c51fc9473309d6027f91ad54a542b0a8,f7ce56d923dbe16e3138669c9785f13bb6a827a8208aeed7a9d01e8a79358b41,6573645
formal_iondrag_image_minimal_corrected/caseP_30nm,input_fields/background_fields_regular_grid_301x301.csv,b6ef0f5af68a8b6c94d2c446c16c428a876749caeaba28e431931bbb22d02d6b,6c572deb36e4fca91d3e1542323a6a001c445f77a60e9649438702176d07b061,36970209
formal_iondrag_image_minimal_corrected/caseP_30nm,results/release_state_t0_tidy.csv,ab77662c09b9ff7c1b207266656fdfe7141ba3a8168d6a8497fb88b2ddf0ae7d,NOT_APPLICABLE,407811
formal_iondrag_image_minimal_corrected/caseP_30nm,results/particle_history_full_tidy.csv,2390ac6c3cdcd8a640c68e283e65fec8b1b91506ef7cca29a0a0a7612f092ed8,NOT_APPLICABLE,50450460
formal_iondrag_image_minimal_corrected/caseP_30nm,results/particle_boundary_event_history_tidy.csv,143266d17b7e33c8f0f6beff78091581c0306d0f50f34498efed31dac67af415,NOT_APPLICABLE,2503021
formal_iondrag_image_minimal_corrected/caseP_100nm,manifest.csv,2e54480c5179b5e6599aadc9760073a3b59b23499e479121ab5444136077728a,NOT_APPLICABLE,1652
formal_iondrag_image_minimal_corrected/caseP_100nm,validation/package_validation.csv,bc88df8df019d36172398ce8559f60d2dc1a2f7d2cb208fa728d6981c3585c79,NOT_APPLICABLE,640
formal_iondrag_image_minimal_corrected/caseP_100nm,config/global_parameters.csv,aba627c82652bab5f6ae27ad333eb4496712ad32f51f8cc52baddd50dcfa578a,NOT_APPLICABLE,6651
formal_iondrag_image_minimal_corrected/caseP_100nm,config/physical_constants.csv,afb2f262b495f6cc6f2ec744bc9eece938bb6ff479aacc211af24414ba8b43df,NOT_APPLICABLE,378
formal_iondrag_image_minimal_corrected/caseP_100nm,config/variable_definitions.csv,21c7d261aafa8623259a6820b4c23fe0234c5bf9559f6b0d1cc0d089794b8f59,NOT_APPLICABLE,11454
formal_iondrag_image_minimal_corrected/caseP_100nm,config/particle_physics_feature_settings.csv,7c3fd36aafc3f6c952dc4ac21c6d2953f5e8eea0ecc696faa52be6a7b7f7767c,NOT_APPLICABLE,95473
formal_iondrag_image_minimal_corrected/caseP_100nm,config/study_and_solver_settings.csv,fba31f0a83e2b4ca9af92d29121c0e5a970c1d8169311fff4240d6ff08729ac1,NOT_APPLICABLE,47225
formal_iondrag_image_minimal_corrected/caseP_100nm,config/boundary_conditions_and_event_codes.csv,e18ae9ed0ec4f41cdc665169b464229a8a632fe7a40ff2717e9dd786568f99ae,NOT_APPLICABLE,849
formal_iondrag_image_minimal_corrected/caseP_100nm,config/background_field_column_dictionary.csv,d733749164ceac512ce252dc7641a8f66c61aaeee32a443ab7a683eaca931793,NOT_APPLICABLE,1542
formal_iondrag_image_minimal_corrected/caseP_100nm,config/particle_output_column_dictionary.csv,7be906d2dc3dc07767c57eabe3974050d179013bb55840b6030562d26557ac62,NOT_APPLICABLE,13451
formal_iondrag_image_minimal_corrected/caseP_100nm,geometry/mesh_vertices_si.csv,23450d02e45c69f60eed3cc23268c6c0d846fea1c55e6cfbe57591fdedaa1dca,NOT_APPLICABLE,395394
formal_iondrag_image_minimal_corrected/caseP_100nm,geometry/boundary_edges.csv,6da9097588ebc6df2f66759d4f132d2ab0e2a6bf071416dd1b113ac2e58828d5,NOT_APPLICABLE,21526
formal_iondrag_image_minimal_corrected/caseP_100nm,geometry/domain_triangles.csv,3499cb657fce871016b1e07d9cb799655794f8657e30ba2162e12efa73efa5bc,NOT_APPLICABLE,341932
formal_iondrag_image_minimal_corrected/caseP_100nm,geometry/domain_quadrilaterals.csv,7f6619549c8ddb65781cfd8dcbf27803ece9dae0cf445304d1aacbe43b997f4c,NOT_APPLICABLE,94290
formal_iondrag_image_minimal_corrected/caseP_100nm,input_fields/background_fields_mesh_points.csv,7786dba9981bab6a3240b2e45b361908fe2b87bcd74fbc1969da82fd211a832c,4709439a91cdafd93c4ad4b3eaa7cabeca4351235611a14c09061930854e864f,6573630
formal_iondrag_image_minimal_corrected/caseP_100nm,input_fields/background_fields_regular_grid_301x301.csv,50db184a54eeda865bf4c15ac22568f0598f9abada23d260f6c1b15982e982ae,6c572deb36e4fca91d3e1542323a6a001c445f77a60e9649438702176d07b061,36970209
formal_iondrag_image_minimal_corrected/caseP_100nm,results/release_state_t0_tidy.csv,7388d9e5764765d5ec473b988c5b8cb173a17c65567efc0b9decf335010d31a0,NOT_APPLICABLE,409148
formal_iondrag_image_minimal_corrected/caseP_100nm,results/particle_history_full_tidy.csv,94524ed13fbd721fa406faea4f5998dbcd409a4e650ba03a33b250de60ae1a5c,NOT_APPLICABLE,50374509
formal_iondrag_image_minimal_corrected/caseP_100nm,results/particle_boundary_event_history_tidy.csv,bca834f9b293806fa93747c8be033beb978bcd4ecd8068afecfb7e77c8960fd7,NOT_APPLICABLE,2556490
formal_iondrag_image_minimal_corrected/caseA_10nm,manifest.csv,28dcc1b53bb9599d017603b38c5d875e4ed193c59bf713a60c6e409e886f90e7,NOT_APPLICABLE,1653
formal_iondrag_image_minimal_corrected/caseA_10nm,validation/package_validation.csv,67bb1aacadad8e3bc20ee7cf81ea20f779e1a4868f14789422a5c0288141776e,NOT_APPLICABLE,640
formal_iondrag_image_minimal_corrected/caseA_10nm,config/global_parameters.csv,a38196b02aa348b68d3aca4344141d8c56e3c1f9f7ca000b4e6798b01a550f0f,NOT_APPLICABLE,6635
formal_iondrag_image_minimal_corrected/caseA_10nm,config/physical_constants.csv,afb2f262b495f6cc6f2ec744bc9eece938bb6ff479aacc211af24414ba8b43df,NOT_APPLICABLE,378
formal_iondrag_image_minimal_corrected/caseA_10nm,config/variable_definitions.csv,21c7d261aafa8623259a6820b4c23fe0234c5bf9559f6b0d1cc0d089794b8f59,NOT_APPLICABLE,11454
formal_iondrag_image_minimal_corrected/caseA_10nm,config/particle_physics_feature_settings.csv,0488de828cc590268c468ef5a9fb393879ab98c1a715b5424316195663a6cdb0,NOT_APPLICABLE,101706
formal_iondrag_image_minimal_corrected/caseA_10nm,config/study_and_solver_settings.csv,b455aadabcf4e323e0b97d47bc2b812e62016b1dd09f01fd106110070776fed4,NOT_APPLICABLE,50424
formal_iondrag_image_minimal_corrected/caseA_10nm,config/boundary_conditions_and_event_codes.csv,7e5529991d26aaec339d69ed02d467bbe70741ff72438d06585300be2f1324e3,NOT_APPLICABLE,800
formal_iondrag_image_minimal_corrected/caseA_10nm,config/background_field_column_dictionary.csv,15bc4d1d22f54bd161e4eed773fcdab6f993400b544448b543a6cdeb40d5ce4f,NOT_APPLICABLE,1693
formal_iondrag_image_minimal_corrected/caseA_10nm,config/particle_output_column_dictionary.csv,11de3232854f5d29d056cf48226c6a0970494a6213cd364e930ec71866f67347,NOT_APPLICABLE,12611
formal_iondrag_image_minimal_corrected/caseA_10nm,geometry/mesh_vertices_si.csv,23450d02e45c69f60eed3cc23268c6c0d846fea1c55e6cfbe57591fdedaa1dca,NOT_APPLICABLE,395394
formal_iondrag_image_minimal_corrected/caseA_10nm,geometry/boundary_edges.csv,6da9097588ebc6df2f66759d4f132d2ab0e2a6bf071416dd1b113ac2e58828d5,NOT_APPLICABLE,21526
formal_iondrag_image_minimal_corrected/caseA_10nm,geometry/domain_triangles.csv,3499cb657fce871016b1e07d9cb799655794f8657e30ba2162e12efa73efa5bc,NOT_APPLICABLE,341932
formal_iondrag_image_minimal_corrected/caseA_10nm,geometry/domain_quadrilaterals.csv,7f6619549c8ddb65781cfd8dcbf27803ece9dae0cf445304d1aacbe43b997f4c,NOT_APPLICABLE,94290
formal_iondrag_image_minimal_corrected/caseA_10nm,input_fields/background_fields_mesh_points.csv,c5e34837f07af04600b798253a3a6f1a7c91d9003b810e4cd08e0112763e659d,4e8dd86b7ddfb24781e16449c355e454aea8aab2bc859bc66c41036659e26eea,7545672
formal_iondrag_image_minimal_corrected/caseA_10nm,input_fields/background_fields_regular_grid_301x301.csv,f93838b080a9bb75475058503c2b451aa64643ceead9dd947b117f606c82a026,01b1b040c3d35aa3d75221f632266298ff7027c112458ffaf441ac2525f91d65,40370441
formal_iondrag_image_minimal_corrected/caseA_10nm,results/release_state_t0_tidy.csv,4698fc9d474c234587fffdf3486f4925766bd6330987436239e340887f3de4e1,NOT_APPLICABLE,401071
formal_iondrag_image_minimal_corrected/caseA_10nm,results/particle_history_full_tidy.csv,405220f7f85b373e32217955e542614e33d4e307a81d52f8517e22046f7ca65d,NOT_APPLICABLE,48969618
formal_iondrag_image_minimal_corrected/caseA_10nm,results/particle_boundary_event_history_tidy.csv,d2583d535c5eff7a8e593c6f45e323ba6699b29ccfdd2f1538f65979bd3b19f3,NOT_APPLICABLE,2697122
formal_iondrag_image_minimal_corrected/caseA_30nm,manifest.csv,8aca14918178cd316a8f535384789838521ceffb6b61dc0b8e69bff028ba11d3,NOT_APPLICABLE,1653
formal_iondrag_image_minimal_corrected/caseA_30nm,validation/package_validation.csv,67bb1aacadad8e3bc20ee7cf81ea20f779e1a4868f14789422a5c0288141776e,NOT_APPLICABLE,640
formal_iondrag_image_minimal_corrected/caseA_30nm,config/global_parameters.csv,905ad42ea82bc5e7d4786cdd47d366a3ba05b0ecd00161e968702f2b98a69ca1,NOT_APPLICABLE,6650
formal_iondrag_image_minimal_corrected/caseA_30nm,config/physical_constants.csv,afb2f262b495f6cc6f2ec744bc9eece938bb6ff479aacc211af24414ba8b43df,NOT_APPLICABLE,378
formal_iondrag_image_minimal_corrected/caseA_30nm,config/variable_definitions.csv,21c7d261aafa8623259a6820b4c23fe0234c5bf9559f6b0d1cc0d089794b8f59,NOT_APPLICABLE,11454
formal_iondrag_image_minimal_corrected/caseA_30nm,config/particle_physics_feature_settings.csv,0488de828cc590268c468ef5a9fb393879ab98c1a715b5424316195663a6cdb0,NOT_APPLICABLE,101706
formal_iondrag_image_minimal_corrected/caseA_30nm,config/study_and_solver_settings.csv,af5a08426b0fdbaa1f1682518a2887c0da7a223f6ea48b47d7fac74ec6d571da,NOT_APPLICABLE,50424
formal_iondrag_image_minimal_corrected/caseA_30nm,config/boundary_conditions_and_event_codes.csv,7e5529991d26aaec339d69ed02d467bbe70741ff72438d06585300be2f1324e3,NOT_APPLICABLE,800
formal_iondrag_image_minimal_corrected/caseA_30nm,config/background_field_column_dictionary.csv,15bc4d1d22f54bd161e4eed773fcdab6f993400b544448b543a6cdeb40d5ce4f,NOT_APPLICABLE,1693
formal_iondrag_image_minimal_corrected/caseA_30nm,config/particle_output_column_dictionary.csv,11de3232854f5d29d056cf48226c6a0970494a6213cd364e930ec71866f67347,NOT_APPLICABLE,12611
formal_iondrag_image_minimal_corrected/caseA_30nm,geometry/mesh_vertices_si.csv,23450d02e45c69f60eed3cc23268c6c0d846fea1c55e6cfbe57591fdedaa1dca,NOT_APPLICABLE,395394
formal_iondrag_image_minimal_corrected/caseA_30nm,geometry/boundary_edges.csv,6da9097588ebc6df2f66759d4f132d2ab0e2a6bf071416dd1b113ac2e58828d5,NOT_APPLICABLE,21526
formal_iondrag_image_minimal_corrected/caseA_30nm,geometry/domain_triangles.csv,3499cb657fce871016b1e07d9cb799655794f8657e30ba2162e12efa73efa5bc,NOT_APPLICABLE,341932
formal_iondrag_image_minimal_corrected/caseA_30nm,geometry/domain_quadrilaterals.csv,7f6619549c8ddb65781cfd8dcbf27803ece9dae0cf445304d1aacbe43b997f4c,NOT_APPLICABLE,94290
formal_iondrag_image_minimal_corrected/caseA_30nm,input_fields/background_fields_mesh_points.csv,8ac7b51d0e233a07dd1e075a3515779662a9c5dd33dd7404926075d8160a0871,4e8dd86b7ddfb24781e16449c355e454aea8aab2bc859bc66c41036659e26eea,7545672
formal_iondrag_image_minimal_corrected/caseA_30nm,input_fields/background_fields_regular_grid_301x301.csv,31c0796a9b41e441b37d74bdb236580acbad1b67aa4983be0cf6612ae477cdf2,01b1b040c3d35aa3d75221f632266298ff7027c112458ffaf441ac2525f91d65,40370441
formal_iondrag_image_minimal_corrected/caseA_30nm,results/release_state_t0_tidy.csv,9da4092c84864636fc03802ca36f6ce2d498ff3c0c2ddc0d998affedc60e22b3,NOT_APPLICABLE,408538
formal_iondrag_image_minimal_corrected/caseA_30nm,results/particle_history_full_tidy.csv,9220ae74646618c1aa300bdaeffd8a5c35867d3b7d529a811c8c58419b669206,NOT_APPLICABLE,50436737
formal_iondrag_image_minimal_corrected/caseA_30nm,results/particle_boundary_event_history_tidy.csv,1c85e698c42afd7fa029dc421c97ca65374205ef6119b5e2cffb6bc8725c66fb,NOT_APPLICABLE,2575494
formal_iondrag_image_minimal_corrected/caseA_100nm,manifest.csv,c317f70e343fd07d1e72c14175b62687b3fc62daf548ea381b2adf1c9ab5ac9d,NOT_APPLICABLE,1655
formal_iondrag_image_minimal_corrected/caseA_100nm,validation/package_validation.csv,67bb1aacadad8e3bc20ee7cf81ea20f779e1a4868f14789422a5c0288141776e,NOT_APPLICABLE,640
formal_iondrag_image_minimal_corrected/caseA_100nm,config/global_parameters.csv,aba627c82652bab5f6ae27ad333eb4496712ad32f51f8cc52baddd50dcfa578a,NOT_APPLICABLE,6651
formal_iondrag_image_minimal_corrected/caseA_100nm,config/physical_constants.csv,afb2f262b495f6cc6f2ec744bc9eece938bb6ff479aacc211af24414ba8b43df,NOT_APPLICABLE,378
formal_iondrag_image_minimal_corrected/caseA_100nm,config/variable_definitions.csv,21c7d261aafa8623259a6820b4c23fe0234c5bf9559f6b0d1cc0d089794b8f59,NOT_APPLICABLE,11454
formal_iondrag_image_minimal_corrected/caseA_100nm,config/particle_physics_feature_settings.csv,0488de828cc590268c468ef5a9fb393879ab98c1a715b5424316195663a6cdb0,NOT_APPLICABLE,101706
formal_iondrag_image_minimal_corrected/caseA_100nm,config/study_and_solver_settings.csv,1cb85bc919d87a75e18417e5aaba9ffd6ff598d5c098636ce731692a5c53639b,NOT_APPLICABLE,50892
formal_iondrag_image_minimal_corrected/caseA_100nm,config/boundary_conditions_and_event_codes.csv,7e5529991d26aaec339d69ed02d467bbe70741ff72438d06585300be2f1324e3,NOT_APPLICABLE,800
formal_iondrag_image_minimal_corrected/caseA_100nm,config/background_field_column_dictionary.csv,15bc4d1d22f54bd161e4eed773fcdab6f993400b544448b543a6cdeb40d5ce4f,NOT_APPLICABLE,1693
formal_iondrag_image_minimal_corrected/caseA_100nm,config/particle_output_column_dictionary.csv,11de3232854f5d29d056cf48226c6a0970494a6213cd364e930ec71866f67347,NOT_APPLICABLE,12611
formal_iondrag_image_minimal_corrected/caseA_100nm,geometry/mesh_vertices_si.csv,23450d02e45c69f60eed3cc23268c6c0d846fea1c55e6cfbe57591fdedaa1dca,NOT_APPLICABLE,395394
formal_iondrag_image_minimal_corrected/caseA_100nm,geometry/boundary_edges.csv,6da9097588ebc6df2f66759d4f132d2ab0e2a6bf071416dd1b113ac2e58828d5,NOT_APPLICABLE,21526
formal_iondrag_image_minimal_corrected/caseA_100nm,geometry/domain_triangles.csv,3499cb657fce871016b1e07d9cb799655794f8657e30ba2162e12efa73efa5bc,NOT_APPLICABLE,341932
formal_iondrag_image_minimal_corrected/caseA_100nm,geometry/domain_quadrilaterals.csv,7f6619549c8ddb65781cfd8dcbf27803ece9dae0cf445304d1aacbe43b997f4c,NOT_APPLICABLE,94290
formal_iondrag_image_minimal_corrected/caseA_100nm,input_fields/background_fields_mesh_points.csv,71448eba1e6ac96209e4cf3cea2fc264eabf55557fd5daaac1de6545118bd57a,4e8dd86b7ddfb24781e16449c355e454aea8aab2bc859bc66c41036659e26eea,7545672
formal_iondrag_image_minimal_corrected/caseA_100nm,input_fields/background_fields_regular_grid_301x301.csv,293ec6bdc8fd9aea6f5a78d068fc638e84f20b0982102eb348e20af40c5d9c01,01b1b040c3d35aa3d75221f632266298ff7027c112458ffaf441ac2525f91d65,40370441
formal_iondrag_image_minimal_corrected/caseA_100nm,results/release_state_t0_tidy.csv,1342e50c338c12fe0014a6d5bb769c6fe2098d57c723102af9acace140478918,NOT_APPLICABLE,410332
formal_iondrag_image_minimal_corrected/caseA_100nm,results/particle_history_full_tidy.csv,2043cfb90b49ddc0a5ae0397b2e9023e90b5c4540321d126d92e62ea84fa95a5,NOT_APPLICABLE,50349239
formal_iondrag_image_minimal_corrected/caseA_100nm,results/particle_boundary_event_history_tidy.csv,ff1c36164ae3d405406e00913995ccdcf31d792c09c411038d3168f45a09eb7a,NOT_APPLICABLE,2674435
