case_id,canonical_column,COMSOL_expression,unit,name_unit_status,solution_averaging_recovery_topology
formal_iondrag_theory_consistent/caseP_10nm,gas_velocity_r_m_per_s,u,m/s,PASS,NOT_EXPORTED
formal_iondrag_theory_consistent/caseP_10nm,gas_velocity_z_m_per_s,w,m/s,PASS,NOT_EXPORTED
formal_iondrag_theory_consistent/caseP_10nm,gas_temperature_K,T,K,PASS,NOT_EXPORTED
formal_iondrag_theory_consistent/caseP_10nm,electric_field_r_V_per_m,Er_P/1[m],V/m,PASS,NOT_EXPORTED
formal_iondrag_theory_consistent/caseP_10nm,electric_field_z_V_per_m,Ez_P/1[m],V/m,PASS,NOT_EXPORTED
formal_iondrag_theory_consistent/caseP_10nm,gradient_E2_r_V2_per_m3,"d(E2rf_P,r)*1[V^2/m^2]",V^2/m^3,PASS,NOT_EXPORTED
formal_iondrag_theory_consistent/caseP_10nm,gradient_E2_z_V2_per_m3,"d(E2rf_P,z)*1[V^2/m^2]",V^2/m^3,PASS,NOT_EXPORTED
formal_iondrag_theory_consistent/caseP_10nm,total_positive_ion_density_per_m3,ni_d,1/m^3,PASS,NOT_EXPORTED
formal_iondrag_theory_consistent/caseP_10nm,effective_positive_ion_mass_kg,mi_d,kg,PASS,NOT_EXPORTED
formal_iondrag_theory_consistent/caseP_10nm,ion_velocity_r_m_per_s,uir_d,m/s,PASS,NOT_EXPORTED
formal_iondrag_theory_consistent/caseP_10nm,ion_velocity_z_m_per_s,uiz_d,m/s,PASS,NOT_EXPORTED
formal_iondrag_theory_consistent/caseP_10nm,ion_thermal_energy_eV_as_V,TiV_d,V,PASS,NOT_EXPORTED
formal_iondrag_theory_consistent/caseP_10nm,axisymmetric_azimuthal_vorticity_per_s,"d(u,z)-d(w,r)",1/s,PASS,NOT_EXPORTED
formal_iondrag_theory_consistent/caseP_30nm,gas_velocity_r_m_per_s,u,m/s,PASS,NOT_EXPORTED
formal_iondrag_theory_consistent/caseP_30nm,gas_velocity_z_m_per_s,w,m/s,PASS,NOT_EXPORTED
formal_iondrag_theory_consistent/caseP_30nm,gas_temperature_K,T,K,PASS,NOT_EXPORTED
formal_iondrag_theory_consistent/caseP_30nm,electric_field_r_V_per_m,Er_P/1[m],V/m,PASS,NOT_EXPORTED
formal_iondrag_theory_consistent/caseP_30nm,electric_field_z_V_per_m,Ez_P/1[m],V/m,PASS,NOT_EXPORTED
formal_iondrag_theory_consistent/caseP_30nm,gradient_E2_r_V2_per_m3,"d(E2rf_P,r)*1[V^2/m^2]",V^2/m^3,PASS,NOT_EXPORTED
formal_iondrag_theory_consistent/caseP_30nm,gradient_E2_z_V2_per_m3,"d(E2rf_P,z)*1[V^2/m^2]",V^2/m^3,PASS,NOT_EXPORTED
formal_iondrag_theory_consistent/caseP_30nm,total_positive_ion_density_per_m3,ni_d,1/m^3,PASS,NOT_EXPORTED
formal_iondrag_theory_consistent/caseP_30nm,effective_positive_ion_mass_kg,mi_d,kg,PASS,NOT_EXPORTED
formal_iondrag_theory_consistent/caseP_30nm,ion_velocity_r_m_per_s,uir_d,m/s,PASS,NOT_EXPORTED
formal_iondrag_theory_consistent/caseP_30nm,ion_velocity_z_m_per_s,uiz_d,m/s,PASS,NOT_EXPORTED
formal_iondrag_theory_consistent/caseP_30nm,ion_thermal_energy_eV_as_V,TiV_d,V,PASS,NOT_EXPORTED
formal_iondrag_theory_consistent/caseP_30nm,axisymmetric_azimuthal_vorticity_per_s,"d(u,z)-d(w,r)",1/s,PASS,NOT_EXPORTED
formal_iondrag_theory_consistent/caseP_100nm,gas_velocity_r_m_per_s,u,m/s,PASS,NOT_EXPORTED
formal_iondrag_theory_consistent/caseP_100nm,gas_velocity_z_m_per_s,w,m/s,PASS,NOT_EXPORTED
formal_iondrag_theory_consistent/caseP_100nm,gas_temperature_K,T,K,PASS,NOT_EXPORTED
formal_iondrag_theory_consistent/caseP_100nm,electric_field_r_V_per_m,Er_P/1[m],V/m,PASS,NOT_EXPORTED
formal_iondrag_theory_consistent/caseP_100nm,electric_field_z_V_per_m,Ez_P/1[m],V/m,PASS,NOT_EXPORTED
formal_iondrag_theory_consistent/caseP_100nm,gradient_E2_r_V2_per_m3,"d(E2rf_P,r)*1[V^2/m^2]",V^2/m^3,PASS,NOT_EXPORTED
formal_iondrag_theory_consistent/caseP_100nm,gradient_E2_z_V2_per_m3,"d(E2rf_P,z)*1[V^2/m^2]",V^2/m^3,PASS,NOT_EXPORTED
formal_iondrag_theory_consistent/caseP_100nm,total_positive_ion_density_per_m3,ni_d,1/m^3,PASS,NOT_EXPORTED
formal_iondrag_theory_consistent/caseP_100nm,effective_positive_ion_mass_kg,mi_d,kg,PASS,NOT_EXPORTED
formal_iondrag_theory_consistent/caseP_100nm,ion_velocity_r_m_per_s,uir_d,m/s,PASS,NOT_EXPORTED
formal_iondrag_theory_consistent/caseP_100nm,ion_velocity_z_m_per_s,uiz_d,m/s,PASS,NOT_EXPORTED
formal_iondrag_theory_consistent/caseP_100nm,ion_thermal_energy_eV_as_V,TiV_d,V,PASS,NOT_EXPORTED
formal_iondrag_theory_consistent/caseP_100nm,axisymmetric_azimuthal_vorticity_per_s,"d(u,z)-d(w,r)",1/s,PASS,NOT_EXPORTED
formal_iondrag_theory_consistent/caseA_10nm,gas_velocity_r_m_per_s,AS_ugr,m/s,PASS,NOT_EXPORTED
formal_iondrag_theory_consistent/caseA_10nm,gas_velocity_z_m_per_s,AS_ugz,m/s,PASS,NOT_EXPORTED
formal_iondrag_theory_consistent/caseA_10nm,gas_temperature_K,AS_Tg,K,PASS,NOT_EXPORTED
formal_iondrag_theory_consistent/caseA_10nm,electric_field_r_V_per_m,AS_Er,V/m,PASS,NOT_EXPORTED
formal_iondrag_theory_consistent/caseA_10nm,electric_field_z_V_per_m,AS_Ez,V/m,PASS,NOT_EXPORTED
formal_iondrag_theory_consistent/caseA_10nm,gradient_E2_r_V2_per_m3,"d(AS_E2,r)",V^2/m^3,PASS,NOT_EXPORTED
formal_iondrag_theory_consistent/caseA_10nm,gradient_E2_z_V2_per_m3,"d(AS_E2,z)",V^2/m^3,PASS,NOT_EXPORTED
formal_iondrag_theory_consistent/caseA_10nm,total_positive_ion_density_per_m3,AS_ni,1/m^3,PASS,NOT_EXPORTED
formal_iondrag_theory_consistent/caseA_10nm,effective_positive_ion_mass_kg,AS_mi,kg,PASS,NOT_EXPORTED
formal_iondrag_theory_consistent/caseA_10nm,ion_velocity_r_m_per_s,AS_uir,m/s,PASS,NOT_EXPORTED
formal_iondrag_theory_consistent/caseA_10nm,ion_velocity_z_m_per_s,AS_uiz,m/s,PASS,NOT_EXPORTED
formal_iondrag_theory_consistent/caseA_10nm,ion_thermal_energy_eV_as_V,AS_TiV,V,PASS,NOT_EXPORTED
formal_iondrag_theory_consistent/caseA_10nm,axisymmetric_azimuthal_vorticity_per_s,"d(AS_ugr,z)-d(AS_ugz,r)",1/s,PASS,NOT_EXPORTED
formal_iondrag_theory_consistent/caseA_30nm,gas_velocity_r_m_per_s,AS_ugr,m/s,PASS,NOT_EXPORTED
formal_iondrag_theory_consistent/caseA_30nm,gas_velocity_z_m_per_s,AS_ugz,m/s,PASS,NOT_EXPORTED
formal_iondrag_theory_consistent/caseA_30nm,gas_temperature_K,AS_Tg,K,PASS,NOT_EXPORTED
formal_iondrag_theory_consistent/caseA_30nm,electric_field_r_V_per_m,AS_Er,V/m,PASS,NOT_EXPORTED
formal_iondrag_theory_consistent/caseA_30nm,electric_field_z_V_per_m,AS_Ez,V/m,PASS,NOT_EXPORTED
formal_iondrag_theory_consistent/caseA_30nm,gradient_E2_r_V2_per_m3,"d(AS_E2,r)",V^2/m^3,PASS,NOT_EXPORTED
formal_iondrag_theory_consistent/caseA_30nm,gradient_E2_z_V2_per_m3,"d(AS_E2,z)",V^2/m^3,PASS,NOT_EXPORTED
formal_iondrag_theory_consistent/caseA_30nm,total_positive_ion_density_per_m3,AS_ni,1/m^3,PASS,NOT_EXPORTED
formal_iondrag_theory_consistent/caseA_30nm,effective_positive_ion_mass_kg,AS_mi,kg,PASS,NOT_EXPORTED
formal_iondrag_theory_consistent/caseA_30nm,ion_velocity_r_m_per_s,AS_uir,m/s,PASS,NOT_EXPORTED
formal_iondrag_theory_consistent/caseA_30nm,ion_velocity_z_m_per_s,AS_uiz,m/s,PASS,NOT_EXPORTED
formal_iondrag_theory_consistent/caseA_30nm,ion_thermal_energy_eV_as_V,AS_TiV,V,PASS,NOT_EXPORTED
formal_iondrag_theory_consistent/caseA_30nm,axisymmetric_azimuthal_vorticity_per_s,"d(AS_ugr,z)-d(AS_ugz,r)",1/s,PASS,NOT_EXPORTED
formal_iondrag_theory_consistent/caseA_100nm,gas_velocity_r_m_per_s,AS_ugr,m/s,PASS,NOT_EXPORTED
formal_iondrag_theory_consistent/caseA_100nm,gas_velocity_z_m_per_s,AS_ugz,m/s,PASS,NOT_EXPORTED
formal_iondrag_theory_consistent/caseA_100nm,gas_temperature_K,AS_Tg,K,PASS,NOT_EXPORTED
formal_iondrag_theory_consistent/caseA_100nm,electric_field_r_V_per_m,AS_Er,V/m,PASS,NOT_EXPORTED
formal_iondrag_theory_consistent/caseA_100nm,electric_field_z_V_per_m,AS_Ez,V/m,PASS,NOT_EXPORTED
formal_iondrag_theory_consistent/caseA_100nm,gradient_E2_r_V2_per_m3,"d(AS_E2,r)",V^2/m^3,PASS,NOT_EXPORTED
formal_iondrag_theory_consistent/caseA_100nm,gradient_E2_z_V2_per_m3,"d(AS_E2,z)",V^2/m^3,PASS,NOT_EXPORTED
formal_iondrag_theory_consistent/caseA_100nm,total_positive_ion_density_per_m3,AS_ni,1/m^3,PASS,NOT_EXPORTED
formal_iondrag_theory_consistent/caseA_100nm,effective_positive_ion_mass_kg,AS_mi,kg,PASS,NOT_EXPORTED
formal_iondrag_theory_consistent/caseA_100nm,ion_velocity_r_m_per_s,AS_uir,m/s,PASS,NOT_EXPORTED
formal_iondrag_theory_consistent/caseA_100nm,ion_velocity_z_m_per_s,AS_uiz,m/s,PASS,NOT_EXPORTED
formal_iondrag_theory_consistent/caseA_100nm,ion_thermal_energy_eV_as_V,AS_TiV,V,PASS,NOT_EXPORTED
formal_iondrag_theory_consistent/caseA_100nm,axisymmetric_azimuthal_vorticity_per_s,"d(AS_ugr,z)-d(AS_ugz,r)",1/s,PASS,NOT_EXPORTED
formal_iondrag_image_minimal_corrected/caseP_10nm,gas_velocity_r_m_per_s,u,m/s,PASS,NOT_EXPORTED
formal_iondrag_image_minimal_corrected/caseP_10nm,gas_velocity_z_m_per_s,w,m/s,PASS,NOT_EXPORTED
formal_iondrag_image_minimal_corrected/caseP_10nm,gas_temperature_K,T,K,PASS,NOT_EXPORTED
formal_iondrag_image_minimal_corrected/caseP_10nm,electric_field_r_V_per_m,Er_P/1[m],V/m,PASS,NOT_EXPORTED
formal_iondrag_image_minimal_corrected/caseP_10nm,electric_field_z_V_per_m,Ez_P/1[m],V/m,PASS,NOT_EXPORTED
formal_iondrag_image_minimal_corrected/caseP_10nm,gradient_E2_r_V2_per_m3,"d(E2rf_P,r)*1[V^2/m^2]",V^2/m^3,PASS,NOT_EXPORTED
formal_iondrag_image_minimal_corrected/caseP_10nm,gradient_E2_z_V2_per_m3,"d(E2rf_P,z)*1[V^2/m^2]",V^2/m^3,PASS,NOT_EXPORTED
formal_iondrag_image_minimal_corrected/caseP_10nm,total_positive_ion_density_per_m3,ni_d,1/m^3,PASS,NOT_EXPORTED
formal_iondrag_image_minimal_corrected/caseP_10nm,effective_positive_ion_mass_kg,mi_d,kg,PASS,NOT_EXPORTED
formal_iondrag_image_minimal_corrected/caseP_10nm,ion_velocity_r_m_per_s,uir_d,m/s,PASS,NOT_EXPORTED
formal_iondrag_image_minimal_corrected/caseP_10nm,ion_velocity_z_m_per_s,uiz_d,m/s,PASS,NOT_EXPORTED
formal_iondrag_image_minimal_corrected/caseP_10nm,ion_thermal_energy_eV_as_V,TiV_d,V,PASS,NOT_EXPORTED
formal_iondrag_image_minimal_corrected/caseP_10nm,axisymmetric_azimuthal_vorticity_per_s,"d(u,z)-d(w,r)",1/s,PASS,NOT_EXPORTED
formal_iondrag_image_minimal_corrected/caseP_30nm,gas_velocity_r_m_per_s,u,m/s,PASS,NOT_EXPORTED
formal_iondrag_image_minimal_corrected/caseP_30nm,gas_velocity_z_m_per_s,w,m/s,PASS,NOT_EXPORTED
formal_iondrag_image_minimal_corrected/caseP_30nm,gas_temperature_K,T,K,PASS,NOT_EXPORTED
formal_iondrag_image_minimal_corrected/caseP_30nm,electric_field_r_V_per_m,Er_P/1[m],V/m,PASS,NOT_EXPORTED
formal_iondrag_image_minimal_corrected/caseP_30nm,electric_field_z_V_per_m,Ez_P/1[m],V/m,PASS,NOT_EXPORTED
formal_iondrag_image_minimal_corrected/caseP_30nm,gradient_E2_r_V2_per_m3,"d(E2rf_P,r)*1[V^2/m^2]",V^2/m^3,PASS,NOT_EXPORTED
formal_iondrag_image_minimal_corrected/caseP_30nm,gradient_E2_z_V2_per_m3,"d(E2rf_P,z)*1[V^2/m^2]",V^2/m^3,PASS,NOT_EXPORTED
formal_iondrag_image_minimal_corrected/caseP_30nm,total_positive_ion_density_per_m3,ni_d,1/m^3,PASS,NOT_EXPORTED
formal_iondrag_image_minimal_corrected/caseP_30nm,effective_positive_ion_mass_kg,mi_d,kg,PASS,NOT_EXPORTED
formal_iondrag_image_minimal_corrected/caseP_30nm,ion_velocity_r_m_per_s,uir_d,m/s,PASS,NOT_EXPORTED
formal_iondrag_image_minimal_corrected/caseP_30nm,ion_velocity_z_m_per_s,uiz_d,m/s,PASS,NOT_EXPORTED
formal_iondrag_image_minimal_corrected/caseP_30nm,ion_thermal_energy_eV_as_V,TiV_d,V,PASS,NOT_EXPORTED
formal_iondrag_image_minimal_corrected/caseP_30nm,axisymmetric_azimuthal_vorticity_per_s,"d(u,z)-d(w,r)",1/s,PASS,NOT_EXPORTED
formal_iondrag_image_minimal_corrected/caseP_100nm,gas_velocity_r_m_per_s,u,m/s,PASS,NOT_EXPORTED
formal_iondrag_image_minimal_corrected/caseP_100nm,gas_velocity_z_m_per_s,w,m/s,PASS,NOT_EXPORTED
formal_iondrag_image_minimal_corrected/caseP_100nm,gas_temperature_K,T,K,PASS,NOT_EXPORTED
formal_iondrag_image_minimal_corrected/caseP_100nm,electric_field_r_V_per_m,Er_P/1[m],V/m,PASS,NOT_EXPORTED
formal_iondrag_image_minimal_corrected/caseP_100nm,electric_field_z_V_per_m,Ez_P/1[m],V/m,PASS,NOT_EXPORTED
formal_iondrag_image_minimal_corrected/caseP_100nm,gradient_E2_r_V2_per_m3,"d(E2rf_P,r)*1[V^2/m^2]",V^2/m^3,PASS,NOT_EXPORTED
formal_iondrag_image_minimal_corrected/caseP_100nm,gradient_E2_z_V2_per_m3,"d(E2rf_P,z)*1[V^2/m^2]",V^2/m^3,PASS,NOT_EXPORTED
formal_iondrag_image_minimal_corrected/caseP_100nm,total_positive_ion_density_per_m3,ni_d,1/m^3,PASS,NOT_EXPORTED
formal_iondrag_image_minimal_corrected/caseP_100nm,effective_positive_ion_mass_kg,mi_d,kg,PASS,NOT_EXPORTED
formal_iondrag_image_minimal_corrected/caseP_100nm,ion_velocity_r_m_per_s,uir_d,m/s,PASS,NOT_EXPORTED
formal_iondrag_image_minimal_corrected/caseP_100nm,ion_velocity_z_m_per_s,uiz_d,m/s,PASS,NOT_EXPORTED
formal_iondrag_image_minimal_corrected/caseP_100nm,ion_thermal_energy_eV_as_V,TiV_d,V,PASS,NOT_EXPORTED
formal_iondrag_image_minimal_corrected/caseP_100nm,axisymmetric_azimuthal_vorticity_per_s,"d(u,z)-d(w,r)",1/s,PASS,NOT_EXPORTED
formal_iondrag_image_minimal_corrected/caseA_10nm,gas_velocity_r_m_per_s,AS_ugr,m/s,PASS,NOT_EXPORTED
formal_iondrag_image_minimal_corrected/caseA_10nm,gas_velocity_z_m_per_s,AS_ugz,m/s,PASS,NOT_EXPORTED
formal_iondrag_image_minimal_corrected/caseA_10nm,gas_temperature_K,AS_Tg,K,PASS,NOT_EXPORTED
formal_iondrag_image_minimal_corrected/caseA_10nm,electric_field_r_V_per_m,AS_Er,V/m,PASS,NOT_EXPORTED
formal_iondrag_image_minimal_corrected/caseA_10nm,electric_field_z_V_per_m,AS_Ez,V/m,PASS,NOT_EXPORTED
formal_iondrag_image_minimal_corrected/caseA_10nm,gradient_E2_r_V2_per_m3,"d(AS_E2,r)",V^2/m^3,PASS,NOT_EXPORTED
formal_iondrag_image_minimal_corrected/caseA_10nm,gradient_E2_z_V2_per_m3,"d(AS_E2,z)",V^2/m^3,PASS,NOT_EXPORTED
formal_iondrag_image_minimal_corrected/caseA_10nm,total_positive_ion_density_per_m3,AS_ni,1/m^3,PASS,NOT_EXPORTED
formal_iondrag_image_minimal_corrected/caseA_10nm,effective_positive_ion_mass_kg,AS_mi,kg,PASS,NOT_EXPORTED
formal_iondrag_image_minimal_corrected/caseA_10nm,ion_velocity_r_m_per_s,AS_uir,m/s,PASS,NOT_EXPORTED
formal_iondrag_image_minimal_corrected/caseA_10nm,ion_velocity_z_m_per_s,AS_uiz,m/s,PASS,NOT_EXPORTED
formal_iondrag_image_minimal_corrected/caseA_10nm,ion_thermal_energy_eV_as_V,AS_TiV,V,PASS,NOT_EXPORTED
formal_iondrag_image_minimal_corrected/caseA_10nm,axisymmetric_azimuthal_vorticity_per_s,"d(AS_ugr,z)-d(AS_ugz,r)",1/s,PASS,NOT_EXPORTED
formal_iondrag_image_minimal_corrected/caseA_30nm,gas_velocity_r_m_per_s,AS_ugr,m/s,PASS,NOT_EXPORTED
formal_iondrag_image_minimal_corrected/caseA_30nm,gas_velocity_z_m_per_s,AS_ugz,m/s,PASS,NOT_EXPORTED
formal_iondrag_image_minimal_corrected/caseA_30nm,gas_temperature_K,AS_Tg,K,PASS,NOT_EXPORTED
formal_iondrag_image_minimal_corrected/caseA_30nm,electric_field_r_V_per_m,AS_Er,V/m,PASS,NOT_EXPORTED
formal_iondrag_image_minimal_corrected/caseA_30nm,electric_field_z_V_per_m,AS_Ez,V/m,PASS,NOT_EXPORTED
formal_iondrag_image_minimal_corrected/caseA_30nm,gradient_E2_r_V2_per_m3,"d(AS_E2,r)",V^2/m^3,PASS,NOT_EXPORTED
formal_iondrag_image_minimal_corrected/caseA_30nm,gradient_E2_z_V2_per_m3,"d(AS_E2,z)",V^2/m^3,PASS,NOT_EXPORTED
formal_iondrag_image_minimal_corrected/caseA_30nm,total_positive_ion_density_per_m3,AS_ni,1/m^3,PASS,NOT_EXPORTED
formal_iondrag_image_minimal_corrected/caseA_30nm,effective_positive_ion_mass_kg,AS_mi,kg,PASS,NOT_EXPORTED
formal_iondrag_image_minimal_corrected/caseA_30nm,ion_velocity_r_m_per_s,AS_uir,m/s,PASS,NOT_EXPORTED
formal_iondrag_image_minimal_corrected/caseA_30nm,ion_velocity_z_m_per_s,AS_uiz,m/s,PASS,NOT_EXPORTED
formal_iondrag_image_minimal_corrected/caseA_30nm,ion_thermal_energy_eV_as_V,AS_TiV,V,PASS,NOT_EXPORTED
formal_iondrag_image_minimal_corrected/caseA_30nm,axisymmetric_azimuthal_vorticity_per_s,"d(AS_ugr,z)-d(AS_ugz,r)",1/s,PASS,NOT_EXPORTED
formal_iondrag_image_minimal_corrected/caseA_100nm,gas_velocity_r_m_per_s,AS_ugr,m/s,PASS,NOT_EXPORTED
formal_iondrag_image_minimal_corrected/caseA_100nm,gas_velocity_z_m_per_s,AS_ugz,m/s,PASS,NOT_EXPORTED
formal_iondrag_image_minimal_corrected/caseA_100nm,gas_temperature_K,AS_Tg,K,PASS,NOT_EXPORTED
formal_iondrag_image_minimal_corrected/caseA_100nm,electric_field_r_V_per_m,AS_Er,V/m,PASS,NOT_EXPORTED
formal_iondrag_image_minimal_corrected/caseA_100nm,electric_field_z_V_per_m,AS_Ez,V/m,PASS,NOT_EXPORTED
formal_iondrag_image_minimal_corrected/caseA_100nm,gradient_E2_r_V2_per_m3,"d(AS_E2,r)",V^2/m^3,PASS,NOT_EXPORTED
formal_iondrag_image_minimal_corrected/caseA_100nm,gradient_E2_z_V2_per_m3,"d(AS_E2,z)",V^2/m^3,PASS,NOT_EXPORTED
formal_iondrag_image_minimal_corrected/caseA_100nm,total_positive_ion_density_per_m3,AS_ni,1/m^3,PASS,NOT_EXPORTED
formal_iondrag_image_minimal_corrected/caseA_100nm,effective_positive_ion_mass_kg,AS_mi,kg,PASS,NOT_EXPORTED
formal_iondrag_image_minimal_corrected/caseA_100nm,ion_velocity_r_m_per_s,AS_uir,m/s,PASS,NOT_EXPORTED
formal_iondrag_image_minimal_corrected/caseA_100nm,ion_velocity_z_m_per_s,AS_uiz,m/s,PASS,NOT_EXPORTED
formal_iondrag_image_minimal_corrected/caseA_100nm,ion_thermal_energy_eV_as_V,AS_TiV,V,PASS,NOT_EXPORTED
formal_iondrag_image_minimal_corrected/caseA_100nm,axisymmetric_azimuthal_vorticity_per_s,"d(AS_ugr,z)-d(AS_ugz,r)",1/s,PASS,NOT_EXPORTED
