case_id,physics_tag,feature_tag,property,selected_entities,normalized_value
formal_iondrag_theory_consistent/caseP_10nm,fpt,liftfm,F,[3],"[C_lift_fm*pi*root.comp1.rho_g_d*root.comp1.lambda_g_d*(d0/2)^2*(root.comp1.w-fpt.vz)*nojac(d(root.comp1.u,z)-d(root.comp1.w,r)),0[N],-C_lift_fm*pi*root.comp1.rho_g_d*root.comp1.lambda_g_d*(d0/2)^2*(root.comp1.u-fpt.vr)*nojac(d(root.comp1.u,z)-d(root.comp1.w,r))]"
formal_iondrag_theory_consistent/caseP_10nm,fpt,bf1,i,[3],[brownian_seed]
formal_iondrag_theory_consistent/caseP_10nm,fpt,depf,F,[3],"[2*pi*epsilon0_const*(d0/2)^3*root.comp1.Kcm_d*nojac(d(root.comp1.E2rf_P,r)),0[N],2*pi*epsilon0_const*(d0/2)^3*root.comp1.Kcm_d*nojac(d(root.comp1.E2rf_P,z))]"
formal_iondrag_theory_consistent/caseP_10nm,fpt,auxq,R,[],"[((pi*(d0/2)^2*root.comp1.ni_d*sqrt((((root.comp1.uir_d-fpt.vr)^2+(root.comp1.uiz_d-fpt.vz)^2)+(8*e_const*root.comp1.TiV_d/(pi*root.comp1.mi_d))+u_eps^2))*if((ZP*root.comp1.phi1_d)<=0[V],1-(ZP*root.comp1.phi1_d)/(max(root.comp1.mi_d*(((root.comp1.uir_d-fpt.vr)^2+(root.comp1.uiz_d-fpt.vz)^2)+(8*e_const*root.comp1.TiV_d/(pi*root.comp1.mi_d))+u_eps^2)/(2*e_const),Ti_floor)),exp(max(-50,min(50,-(ZP*root.comp1.phi1_d)/(max(root.comp1.mi_d*(((root.comp1.uir_d-fpt.vr)^2+(root.comp1.uiz_d-fpt.vz)^2)+(8*e_const*root.comp1.TiV_d/(pi*root.comp1.mi_d))+u_eps^2)/(2*e_const),Ti_floor)))))))-(root.comp1.Ge0_d*if((ZP*root.comp1.phi1_d)<=0[V],exp(max(-50,min(50,(ZP*root.comp1.phi1_d)/root.comp1.Te_d))),1+(ZP*root.comp1.phi1_d)/root.comp1.Te_d)))]"
formal_iondrag_theory_consistent/caseP_10nm,fpt,idf,F,[3],"[((iondrag_scale_P*(pi*min((max(d0/2,min(root.comp1.lambdaD_d,root.comp1.lambda_in_d)))^2,(d0/2)^2*max(0,1-2*e_const*(ZP*root.comp1.phi1_d)/(root.comp1.mi_d*(((root.comp1.uir_d-fpt.vr)^2+(root.comp1.uiz_d-fpt.vz)^2)+(8*e_const*root.comp1.TiV_d/(pi*root.comp1.mi_d))+u_eps^2))))+4*pi*((sqrt(ZP^2+1e-20)*e_const^2/(4*pi*epsilon0_const*root.comp1.mi_d*(((root.comp1.uir_d-fpt.vr)^2+(root.comp1.uiz_d-fpt.vz)^2)+(8*e_const*root.comp1.TiV_d/(pi*root.comp1.mi_d))+u_eps^2))))^2*(max(0,0.5*log(((max(d0/2,min(root.comp1.lambdaD_d,root.comp1.lambda_in_d)))^2+((sqrt(ZP^2+1e-20)*e_const^2/(4*pi*epsilon0_const*root.comp1.mi_d*(((root.comp1.uir_d-fpt.vr)^2+(root.comp1.uiz_d-fpt.vz)^2)+(8*e_const*root.comp1.TiV_d/(pi*root.comp1.mi_d))+u_eps^2))))^2)/(min((max(d0/2,min(root.comp1.lambdaD_d,root.comp1.lambda_in_d)))^2,(d0/2)^2*max(0,1-2*e_const*(ZP*root.comp1.phi1_d)/(root.comp1.mi_d*(((root.comp1.uir_d-fpt.vr)^2+(root.comp1.uiz_d-fpt.vz)^2)+(8*e_const*root.comp1.TiV_d/(pi*root.comp1.mi_d))+u_eps^2))))+((sqrt(ZP^2+1e-20)*e_const^2/(4*pi*epsilon0_const*root.comp1.mi_d*(((root.comp1.uir_d-fpt.vr)^2+(root.comp1.uiz_d-fpt.vz)^2)+(8*e_const*root.comp1.TiV_d/(pi*root.comp1.mi_d))+u_eps^2))))^2)))))*root.comp1.ni_d*root.comp1.mi_d*sqrt((((root.comp1.uir_d-fpt.vr)^2+(root.comp1.uiz_d-fpt.vz)^2)+(8*e_const*root.comp1.TiV_d/(pi*root.comp1.mi_d))+u_eps^2)))*(root.comp1.uir_d-fpt.vr)),0[N],((iondrag_scale_P*(pi*min((max(d0/2,min(root.comp1.lambdaD_d,root.comp1.lambda_in_d)))^2,(d0/2)^2*max(0,1-2*e_const*(ZP*root.comp1.phi1_d)/(root.comp1.mi_d*(((root.comp1.uir_d-fpt.vr)^2+(root.comp1.uiz_d-fpt.vz)^2)+(8*e_const*root.comp1.TiV_d/(pi*root.comp1.mi_d))+u_eps^2))))+4*pi*((sqrt(ZP^2+1e-20)*e_const^2/(4*pi*epsilon0_const*root.comp1.mi_d*(((root.comp1.uir_d-fpt.vr)^2+(root.comp1.uiz_d-fpt.vz)^2)+(8*e_const*root.comp1.TiV_d/(pi*root.comp1.mi_d))+u_eps^2))))^2*(max(0,0.5*log(((max(d0/2,min(root.comp1.lambdaD_d,root.comp1.lambda_in_d)))^2+((sqrt(ZP^2+1e-20)*e_const^2/(4*pi*epsilon0_const*root.comp1.mi_d*(((root.comp1.uir_d-fpt.vr)^2+(root.comp1.uiz_d-fpt.vz)^2)+(8*e_const*root.comp1.TiV_d/(pi*root.comp1.mi_d))+u_eps^2))))^2)/(min((max(d0/2,min(root.comp1.lambdaD_d,root.comp1.lambda_in_d)))^2,(d0/2)^2*max(0,1-2*e_const*(ZP*root.comp1.phi1_d)/(root.comp1.mi_d*(((root.comp1.uir_d-fpt.vr)^2+(root.comp1.uiz_d-fpt.vz)^2)+(8*e_const*root.comp1.TiV_d/(pi*root.comp1.mi_d))+u_eps^2))))+((sqrt(ZP^2+1e-20)*e_const^2/(4*pi*epsilon0_const*root.comp1.mi_d*(((root.comp1.uir_d-fpt.vr)^2+(root.comp1.uiz_d-fpt.vz)^2)+(8*e_const*root.comp1.TiV_d/(pi*root.comp1.mi_d))+u_eps^2))))^2)))))*root.comp1.ni_d*root.comp1.mi_d*sqrt((((root.comp1.uir_d-fpt.vr)^2+(root.comp1.uiz_d-fpt.vz)^2)+(8*e_const*root.comp1.TiV_d/(pi*root.comp1.mi_d))+u_eps^2)))*(root.comp1.uiz_d-fpt.vz))]"
formal_iondrag_theory_consistent/caseP_30nm,fpt,liftfm,F,[3],"[C_lift_fm*pi*root.comp1.rho_g_d*root.comp1.lambda_g_d*(d0/2)^2*(root.comp1.w-fpt.vz)*nojac(d(root.comp1.u,z)-d(root.comp1.w,r)),0[N],-C_lift_fm*pi*root.comp1.rho_g_d*root.comp1.lambda_g_d*(d0/2)^2*(root.comp1.u-fpt.vr)*nojac(d(root.comp1.u,z)-d(root.comp1.w,r))]"
formal_iondrag_theory_consistent/caseP_30nm,fpt,bf1,i,[3],[brownian_seed]
formal_iondrag_theory_consistent/caseP_30nm,fpt,depf,F,[3],"[2*pi*epsilon0_const*(d0/2)^3*root.comp1.Kcm_d*nojac(d(root.comp1.E2rf_P,r)),0[N],2*pi*epsilon0_const*(d0/2)^3*root.comp1.Kcm_d*nojac(d(root.comp1.E2rf_P,z))]"
formal_iondrag_theory_consistent/caseP_30nm,fpt,auxq,R,[],"[((pi*(d0/2)^2*root.comp1.ni_d*sqrt((((root.comp1.uir_d-fpt.vr)^2+(root.comp1.uiz_d-fpt.vz)^2)+(8*e_const*root.comp1.TiV_d/(pi*root.comp1.mi_d))+u_eps^2))*if((ZP*root.comp1.phi1_d)<=0[V],1-(ZP*root.comp1.phi1_d)/(max(root.comp1.mi_d*(((root.comp1.uir_d-fpt.vr)^2+(root.comp1.uiz_d-fpt.vz)^2)+(8*e_const*root.comp1.TiV_d/(pi*root.comp1.mi_d))+u_eps^2)/(2*e_const),Ti_floor)),exp(max(-50,min(50,-(ZP*root.comp1.phi1_d)/(max(root.comp1.mi_d*(((root.comp1.uir_d-fpt.vr)^2+(root.comp1.uiz_d-fpt.vz)^2)+(8*e_const*root.comp1.TiV_d/(pi*root.comp1.mi_d))+u_eps^2)/(2*e_const),Ti_floor)))))))-(root.comp1.Ge0_d*if((ZP*root.comp1.phi1_d)<=0[V],exp(max(-50,min(50,(ZP*root.comp1.phi1_d)/root.comp1.Te_d))),1+(ZP*root.comp1.phi1_d)/root.comp1.Te_d)))]"
formal_iondrag_theory_consistent/caseP_30nm,fpt,idf,F,[3],"[((iondrag_scale_P*(pi*min((max(d0/2,min(root.comp1.lambdaD_d,root.comp1.lambda_in_d)))^2,(d0/2)^2*max(0,1-2*e_const*(ZP*root.comp1.phi1_d)/(root.comp1.mi_d*(((root.comp1.uir_d-fpt.vr)^2+(root.comp1.uiz_d-fpt.vz)^2)+(8*e_const*root.comp1.TiV_d/(pi*root.comp1.mi_d))+u_eps^2))))+4*pi*((sqrt(ZP^2+1e-20)*e_const^2/(4*pi*epsilon0_const*root.comp1.mi_d*(((root.comp1.uir_d-fpt.vr)^2+(root.comp1.uiz_d-fpt.vz)^2)+(8*e_const*root.comp1.TiV_d/(pi*root.comp1.mi_d))+u_eps^2))))^2*(max(0,0.5*log(((max(d0/2,min(root.comp1.lambdaD_d,root.comp1.lambda_in_d)))^2+((sqrt(ZP^2+1e-20)*e_const^2/(4*pi*epsilon0_const*root.comp1.mi_d*(((root.comp1.uir_d-fpt.vr)^2+(root.comp1.uiz_d-fpt.vz)^2)+(8*e_const*root.comp1.TiV_d/(pi*root.comp1.mi_d))+u_eps^2))))^2)/(min((max(d0/2,min(root.comp1.lambdaD_d,root.comp1.lambda_in_d)))^2,(d0/2)^2*max(0,1-2*e_const*(ZP*root.comp1.phi1_d)/(root.comp1.mi_d*(((root.comp1.uir_d-fpt.vr)^2+(root.comp1.uiz_d-fpt.vz)^2)+(8*e_const*root.comp1.TiV_d/(pi*root.comp1.mi_d))+u_eps^2))))+((sqrt(ZP^2+1e-20)*e_const^2/(4*pi*epsilon0_const*root.comp1.mi_d*(((root.comp1.uir_d-fpt.vr)^2+(root.comp1.uiz_d-fpt.vz)^2)+(8*e_const*root.comp1.TiV_d/(pi*root.comp1.mi_d))+u_eps^2))))^2)))))*root.comp1.ni_d*root.comp1.mi_d*sqrt((((root.comp1.uir_d-fpt.vr)^2+(root.comp1.uiz_d-fpt.vz)^2)+(8*e_const*root.comp1.TiV_d/(pi*root.comp1.mi_d))+u_eps^2)))*(root.comp1.uir_d-fpt.vr)),0[N],((iondrag_scale_P*(pi*min((max(d0/2,min(root.comp1.lambdaD_d,root.comp1.lambda_in_d)))^2,(d0/2)^2*max(0,1-2*e_const*(ZP*root.comp1.phi1_d)/(root.comp1.mi_d*(((root.comp1.uir_d-fpt.vr)^2+(root.comp1.uiz_d-fpt.vz)^2)+(8*e_const*root.comp1.TiV_d/(pi*root.comp1.mi_d))+u_eps^2))))+4*pi*((sqrt(ZP^2+1e-20)*e_const^2/(4*pi*epsilon0_const*root.comp1.mi_d*(((root.comp1.uir_d-fpt.vr)^2+(root.comp1.uiz_d-fpt.vz)^2)+(8*e_const*root.comp1.TiV_d/(pi*root.comp1.mi_d))+u_eps^2))))^2*(max(0,0.5*log(((max(d0/2,min(root.comp1.lambdaD_d,root.comp1.lambda_in_d)))^2+((sqrt(ZP^2+1e-20)*e_const^2/(4*pi*epsilon0_const*root.comp1.mi_d*(((root.comp1.uir_d-fpt.vr)^2+(root.comp1.uiz_d-fpt.vz)^2)+(8*e_const*root.comp1.TiV_d/(pi*root.comp1.mi_d))+u_eps^2))))^2)/(min((max(d0/2,min(root.comp1.lambdaD_d,root.comp1.lambda_in_d)))^2,(d0/2)^2*max(0,1-2*e_const*(ZP*root.comp1.phi1_d)/(root.comp1.mi_d*(((root.comp1.uir_d-fpt.vr)^2+(root.comp1.uiz_d-fpt.vz)^2)+(8*e_const*root.comp1.TiV_d/(pi*root.comp1.mi_d))+u_eps^2))))+((sqrt(ZP^2+1e-20)*e_const^2/(4*pi*epsilon0_const*root.comp1.mi_d*(((root.comp1.uir_d-fpt.vr)^2+(root.comp1.uiz_d-fpt.vz)^2)+(8*e_const*root.comp1.TiV_d/(pi*root.comp1.mi_d))+u_eps^2))))^2)))))*root.comp1.ni_d*root.comp1.mi_d*sqrt((((root.comp1.uir_d-fpt.vr)^2+(root.comp1.uiz_d-fpt.vz)^2)+(8*e_const*root.comp1.TiV_d/(pi*root.comp1.mi_d))+u_eps^2)))*(root.comp1.uiz_d-fpt.vz))]"
formal_iondrag_theory_consistent/caseP_100nm,fpt,liftfm,F,[3],"[C_lift_fm*pi*root.comp1.rho_g_d*root.comp1.lambda_g_d*(d0/2)^2*(root.comp1.w-fpt.vz)*nojac(d(root.comp1.u,z)-d(root.comp1.w,r)),0[N],-C_lift_fm*pi*root.comp1.rho_g_d*root.comp1.lambda_g_d*(d0/2)^2*(root.comp1.u-fpt.vr)*nojac(d(root.comp1.u,z)-d(root.comp1.w,r))]"
formal_iondrag_theory_consistent/caseP_100nm,fpt,bf1,i,[3],[brownian_seed]
formal_iondrag_theory_consistent/caseP_100nm,fpt,depf,F,[3],"[2*pi*epsilon0_const*(d0/2)^3*root.comp1.Kcm_d*nojac(d(root.comp1.E2rf_P,r)),0[N],2*pi*epsilon0_const*(d0/2)^3*root.comp1.Kcm_d*nojac(d(root.comp1.E2rf_P,z))]"
formal_iondrag_theory_consistent/caseP_100nm,fpt,auxq,R,[],"[((pi*(d0/2)^2*root.comp1.ni_d*sqrt((((root.comp1.uir_d-fpt.vr)^2+(root.comp1.uiz_d-fpt.vz)^2)+(8*e_const*root.comp1.TiV_d/(pi*root.comp1.mi_d))+u_eps^2))*if((ZP*root.comp1.phi1_d)<=0[V],1-(ZP*root.comp1.phi1_d)/(max(root.comp1.mi_d*(((root.comp1.uir_d-fpt.vr)^2+(root.comp1.uiz_d-fpt.vz)^2)+(8*e_const*root.comp1.TiV_d/(pi*root.comp1.mi_d))+u_eps^2)/(2*e_const),Ti_floor)),exp(max(-50,min(50,-(ZP*root.comp1.phi1_d)/(max(root.comp1.mi_d*(((root.comp1.uir_d-fpt.vr)^2+(root.comp1.uiz_d-fpt.vz)^2)+(8*e_const*root.comp1.TiV_d/(pi*root.comp1.mi_d))+u_eps^2)/(2*e_const),Ti_floor)))))))-(root.comp1.Ge0_d*if((ZP*root.comp1.phi1_d)<=0[V],exp(max(-50,min(50,(ZP*root.comp1.phi1_d)/root.comp1.Te_d))),1+(ZP*root.comp1.phi1_d)/root.comp1.Te_d)))]"
formal_iondrag_theory_consistent/caseP_100nm,fpt,idf,F,[3],"[((iondrag_scale_P*(pi*min((max(d0/2,min(root.comp1.lambdaD_d,root.comp1.lambda_in_d)))^2,(d0/2)^2*max(0,1-2*e_const*(ZP*root.comp1.phi1_d)/(root.comp1.mi_d*(((root.comp1.uir_d-fpt.vr)^2+(root.comp1.uiz_d-fpt.vz)^2)+(8*e_const*root.comp1.TiV_d/(pi*root.comp1.mi_d))+u_eps^2))))+4*pi*((sqrt(ZP^2+1e-20)*e_const^2/(4*pi*epsilon0_const*root.comp1.mi_d*(((root.comp1.uir_d-fpt.vr)^2+(root.comp1.uiz_d-fpt.vz)^2)+(8*e_const*root.comp1.TiV_d/(pi*root.comp1.mi_d))+u_eps^2))))^2*(max(0,0.5*log(((max(d0/2,min(root.comp1.lambdaD_d,root.comp1.lambda_in_d)))^2+((sqrt(ZP^2+1e-20)*e_const^2/(4*pi*epsilon0_const*root.comp1.mi_d*(((root.comp1.uir_d-fpt.vr)^2+(root.comp1.uiz_d-fpt.vz)^2)+(8*e_const*root.comp1.TiV_d/(pi*root.comp1.mi_d))+u_eps^2))))^2)/(min((max(d0/2,min(root.comp1.lambdaD_d,root.comp1.lambda_in_d)))^2,(d0/2)^2*max(0,1-2*e_const*(ZP*root.comp1.phi1_d)/(root.comp1.mi_d*(((root.comp1.uir_d-fpt.vr)^2+(root.comp1.uiz_d-fpt.vz)^2)+(8*e_const*root.comp1.TiV_d/(pi*root.comp1.mi_d))+u_eps^2))))+((sqrt(ZP^2+1e-20)*e_const^2/(4*pi*epsilon0_const*root.comp1.mi_d*(((root.comp1.uir_d-fpt.vr)^2+(root.comp1.uiz_d-fpt.vz)^2)+(8*e_const*root.comp1.TiV_d/(pi*root.comp1.mi_d))+u_eps^2))))^2)))))*root.comp1.ni_d*root.comp1.mi_d*sqrt((((root.comp1.uir_d-fpt.vr)^2+(root.comp1.uiz_d-fpt.vz)^2)+(8*e_const*root.comp1.TiV_d/(pi*root.comp1.mi_d))+u_eps^2)))*(root.comp1.uir_d-fpt.vr)),0[N],((iondrag_scale_P*(pi*min((max(d0/2,min(root.comp1.lambdaD_d,root.comp1.lambda_in_d)))^2,(d0/2)^2*max(0,1-2*e_const*(ZP*root.comp1.phi1_d)/(root.comp1.mi_d*(((root.comp1.uir_d-fpt.vr)^2+(root.comp1.uiz_d-fpt.vz)^2)+(8*e_const*root.comp1.TiV_d/(pi*root.comp1.mi_d))+u_eps^2))))+4*pi*((sqrt(ZP^2+1e-20)*e_const^2/(4*pi*epsilon0_const*root.comp1.mi_d*(((root.comp1.uir_d-fpt.vr)^2+(root.comp1.uiz_d-fpt.vz)^2)+(8*e_const*root.comp1.TiV_d/(pi*root.comp1.mi_d))+u_eps^2))))^2*(max(0,0.5*log(((max(d0/2,min(root.comp1.lambdaD_d,root.comp1.lambda_in_d)))^2+((sqrt(ZP^2+1e-20)*e_const^2/(4*pi*epsilon0_const*root.comp1.mi_d*(((root.comp1.uir_d-fpt.vr)^2+(root.comp1.uiz_d-fpt.vz)^2)+(8*e_const*root.comp1.TiV_d/(pi*root.comp1.mi_d))+u_eps^2))))^2)/(min((max(d0/2,min(root.comp1.lambdaD_d,root.comp1.lambda_in_d)))^2,(d0/2)^2*max(0,1-2*e_const*(ZP*root.comp1.phi1_d)/(root.comp1.mi_d*(((root.comp1.uir_d-fpt.vr)^2+(root.comp1.uiz_d-fpt.vz)^2)+(8*e_const*root.comp1.TiV_d/(pi*root.comp1.mi_d))+u_eps^2))))+((sqrt(ZP^2+1e-20)*e_const^2/(4*pi*epsilon0_const*root.comp1.mi_d*(((root.comp1.uir_d-fpt.vr)^2+(root.comp1.uiz_d-fpt.vz)^2)+(8*e_const*root.comp1.TiV_d/(pi*root.comp1.mi_d))+u_eps^2))))^2)))))*root.comp1.ni_d*root.comp1.mi_d*sqrt((((root.comp1.uir_d-fpt.vr)^2+(root.comp1.uiz_d-fpt.vz)^2)+(8*e_const*root.comp1.TiV_d/(pi*root.comp1.mi_d))+u_eps^2)))*(root.comp1.uiz_d-fpt.vz))]"
formal_iondrag_theory_consistent/caseA_10nm,fptas,liftfm,F,[3],"[C_lift_fm*pi*root.comp1.AS_rhog*root.comp1.AS_lambdag*(d0/2)^2*(root.comp1.AS_ugz-fptas.vz)*nojac(d(root.comp1.AS_ugr,z)-d(root.comp1.AS_ugz,r)),0[N],-C_lift_fm*pi*root.comp1.AS_rhog*root.comp1.AS_lambdag*(d0/2)^2*(root.comp1.AS_ugr-fptas.vr)*nojac(d(root.comp1.AS_ugr,z)-d(root.comp1.AS_ugz,r))]"
formal_iondrag_theory_consistent/caseA_10nm,fptas,bf1,i,[3],[AS_brownian_seed]
formal_iondrag_theory_consistent/caseA_10nm,fptas,depf,F,[3],"[2*pi*epsilon0_const*(d0/2)^3*root.comp1.AS_Kcm*nojac(d(root.comp1.AS_E2,r)),0[N],2*pi*epsilon0_const*(d0/2)^3*root.comp1.AS_Kcm*nojac(d(root.comp1.AS_E2,z))]"
formal_iondrag_theory_consistent/caseA_10nm,fptas,auxq,R,[],"[((pi*(d0/2)^2*root.comp1.AS_ni*sqrt((((root.comp1.AS_uir-fptas.vr)^2+(root.comp1.AS_uiz-fptas.vz)^2)+(8*e_const*root.comp1.AS_TiV/(pi*AS_mi))+u_eps^2))*if((ZAS*root.comp1.AS_phi1)<=0[V],1-(ZAS*root.comp1.AS_phi1)/(max(AS_mi*(((root.comp1.AS_uir-fptas.vr)^2+(root.comp1.AS_uiz-fptas.vz)^2)+(8*e_const*root.comp1.AS_TiV/(pi*AS_mi))+u_eps^2)/(2*e_const),Ti_floor)),exp(max(-50,min(50,-(ZAS*root.comp1.AS_phi1)/(max(AS_mi*(((root.comp1.AS_uir-fptas.vr)^2+(root.comp1.AS_uiz-fptas.vz)^2)+(8*e_const*root.comp1.AS_TiV/(pi*AS_mi))+u_eps^2)/(2*e_const),Ti_floor)))))))-(root.comp1.AS_Ge0*if((ZAS*root.comp1.AS_phi1)<=0[V],exp(max(-50,min(50,(ZAS*root.comp1.AS_phi1)/AS_Te))),1+(ZAS*root.comp1.AS_phi1)/AS_Te)))]"
formal_iondrag_theory_consistent/caseA_10nm,fptas,idf,F,[3],"[((AS_iondrag_scale*(pi*min((max(d0/2,min(root.comp1.AS_lambdaD,root.comp1.AS_lambda_in)))^2,(d0/2)^2*max(0,1-2*e_const*(ZAS*root.comp1.AS_phi1)/(AS_mi*(((root.comp1.AS_uir-fptas.vr)^2+(root.comp1.AS_uiz-fptas.vz)^2)+(8*e_const*root.comp1.AS_TiV/(pi*AS_mi))+u_eps^2))))+4*pi*((sqrt(ZAS^2+1e-20)*e_const^2/(4*pi*epsilon0_const*AS_mi*(((root.comp1.AS_uir-fptas.vr)^2+(root.comp1.AS_uiz-fptas.vz)^2)+(8*e_const*root.comp1.AS_TiV/(pi*AS_mi))+u_eps^2))))^2*(max(0,0.5*log(((max(d0/2,min(root.comp1.AS_lambdaD,root.comp1.AS_lambda_in)))^2+((sqrt(ZAS^2+1e-20)*e_const^2/(4*pi*epsilon0_const*AS_mi*(((root.comp1.AS_uir-fptas.vr)^2+(root.comp1.AS_uiz-fptas.vz)^2)+(8*e_const*root.comp1.AS_TiV/(pi*AS_mi))+u_eps^2))))^2)/(min((max(d0/2,min(root.comp1.AS_lambdaD,root.comp1.AS_lambda_in)))^2,(d0/2)^2*max(0,1-2*e_const*(ZAS*root.comp1.AS_phi1)/(AS_mi*(((root.comp1.AS_uir-fptas.vr)^2+(root.comp1.AS_uiz-fptas.vz)^2)+(8*e_const*root.comp1.AS_TiV/(pi*AS_mi))+u_eps^2))))+((sqrt(ZAS^2+1e-20)*e_const^2/(4*pi*epsilon0_const*AS_mi*(((root.comp1.AS_uir-fptas.vr)^2+(root.comp1.AS_uiz-fptas.vz)^2)+(8*e_const*root.comp1.AS_TiV/(pi*AS_mi))+u_eps^2))))^2)))))*root.comp1.AS_ni*AS_mi*sqrt((((root.comp1.AS_uir-fptas.vr)^2+(root.comp1.AS_uiz-fptas.vz)^2)+(8*e_const*root.comp1.AS_TiV/(pi*AS_mi))+u_eps^2)))*(root.comp1.AS_uir-fptas.vr)),0[N],((AS_iondrag_scale*(pi*min((max(d0/2,min(root.comp1.AS_lambdaD,root.comp1.AS_lambda_in)))^2,(d0/2)^2*max(0,1-2*e_const*(ZAS*root.comp1.AS_phi1)/(AS_mi*(((root.comp1.AS_uir-fptas.vr)^2+(root.comp1.AS_uiz-fptas.vz)^2)+(8*e_const*root.comp1.AS_TiV/(pi*AS_mi))+u_eps^2))))+4*pi*((sqrt(ZAS^2+1e-20)*e_const^2/(4*pi*epsilon0_const*AS_mi*(((root.comp1.AS_uir-fptas.vr)^2+(root.comp1.AS_uiz-fptas.vz)^2)+(8*e_const*root.comp1.AS_TiV/(pi*AS_mi))+u_eps^2))))^2*(max(0,0.5*log(((max(d0/2,min(root.comp1.AS_lambdaD,root.comp1.AS_lambda_in)))^2+((sqrt(ZAS^2+1e-20)*e_const^2/(4*pi*epsilon0_const*AS_mi*(((root.comp1.AS_uir-fptas.vr)^2+(root.comp1.AS_uiz-fptas.vz)^2)+(8*e_const*root.comp1.AS_TiV/(pi*AS_mi))+u_eps^2))))^2)/(min((max(d0/2,min(root.comp1.AS_lambdaD,root.comp1.AS_lambda_in)))^2,(d0/2)^2*max(0,1-2*e_const*(ZAS*root.comp1.AS_phi1)/(AS_mi*(((root.comp1.AS_uir-fptas.vr)^2+(root.comp1.AS_uiz-fptas.vz)^2)+(8*e_const*root.comp1.AS_TiV/(pi*AS_mi))+u_eps^2))))+((sqrt(ZAS^2+1e-20)*e_const^2/(4*pi*epsilon0_const*AS_mi*(((root.comp1.AS_uir-fptas.vr)^2+(root.comp1.AS_uiz-fptas.vz)^2)+(8*e_const*root.comp1.AS_TiV/(pi*AS_mi))+u_eps^2))))^2)))))*root.comp1.AS_ni*AS_mi*sqrt((((root.comp1.AS_uir-fptas.vr)^2+(root.comp1.AS_uiz-fptas.vz)^2)+(8*e_const*root.comp1.AS_TiV/(pi*AS_mi))+u_eps^2)))*(root.comp1.AS_uiz-fptas.vz))]"
formal_iondrag_theory_consistent/caseA_30nm,fptas,liftfm,F,[3],"[C_lift_fm*pi*root.comp1.AS_rhog*root.comp1.AS_lambdag*(d0/2)^2*(root.comp1.AS_ugz-fptas.vz)*nojac(d(root.comp1.AS_ugr,z)-d(root.comp1.AS_ugz,r)),0[N],-C_lift_fm*pi*root.comp1.AS_rhog*root.comp1.AS_lambdag*(d0/2)^2*(root.comp1.AS_ugr-fptas.vr)*nojac(d(root.comp1.AS_ugr,z)-d(root.comp1.AS_ugz,r))]"
formal_iondrag_theory_consistent/caseA_30nm,fptas,bf1,i,[3],[AS_brownian_seed]
formal_iondrag_theory_consistent/caseA_30nm,fptas,depf,F,[3],"[2*pi*epsilon0_const*(d0/2)^3*root.comp1.AS_Kcm*nojac(d(root.comp1.AS_E2,r)),0[N],2*pi*epsilon0_const*(d0/2)^3*root.comp1.AS_Kcm*nojac(d(root.comp1.AS_E2,z))]"
formal_iondrag_theory_consistent/caseA_30nm,fptas,auxq,R,[],"[((pi*(d0/2)^2*root.comp1.AS_ni*sqrt((((root.comp1.AS_uir-fptas.vr)^2+(root.comp1.AS_uiz-fptas.vz)^2)+(8*e_const*root.comp1.AS_TiV/(pi*AS_mi))+u_eps^2))*if((ZAS*root.comp1.AS_phi1)<=0[V],1-(ZAS*root.comp1.AS_phi1)/(max(AS_mi*(((root.comp1.AS_uir-fptas.vr)^2+(root.comp1.AS_uiz-fptas.vz)^2)+(8*e_const*root.comp1.AS_TiV/(pi*AS_mi))+u_eps^2)/(2*e_const),Ti_floor)),exp(max(-50,min(50,-(ZAS*root.comp1.AS_phi1)/(max(AS_mi*(((root.comp1.AS_uir-fptas.vr)^2+(root.comp1.AS_uiz-fptas.vz)^2)+(8*e_const*root.comp1.AS_TiV/(pi*AS_mi))+u_eps^2)/(2*e_const),Ti_floor)))))))-(root.comp1.AS_Ge0*if((ZAS*root.comp1.AS_phi1)<=0[V],exp(max(-50,min(50,(ZAS*root.comp1.AS_phi1)/AS_Te))),1+(ZAS*root.comp1.AS_phi1)/AS_Te)))]"
formal_iondrag_theory_consistent/caseA_30nm,fptas,idf,F,[3],"[((AS_iondrag_scale*(pi*min((max(d0/2,min(root.comp1.AS_lambdaD,root.comp1.AS_lambda_in)))^2,(d0/2)^2*max(0,1-2*e_const*(ZAS*root.comp1.AS_phi1)/(AS_mi*(((root.comp1.AS_uir-fptas.vr)^2+(root.comp1.AS_uiz-fptas.vz)^2)+(8*e_const*root.comp1.AS_TiV/(pi*AS_mi))+u_eps^2))))+4*pi*((sqrt(ZAS^2+1e-20)*e_const^2/(4*pi*epsilon0_const*AS_mi*(((root.comp1.AS_uir-fptas.vr)^2+(root.comp1.AS_uiz-fptas.vz)^2)+(8*e_const*root.comp1.AS_TiV/(pi*AS_mi))+u_eps^2))))^2*(max(0,0.5*log(((max(d0/2,min(root.comp1.AS_lambdaD,root.comp1.AS_lambda_in)))^2+((sqrt(ZAS^2+1e-20)*e_const^2/(4*pi*epsilon0_const*AS_mi*(((root.comp1.AS_uir-fptas.vr)^2+(root.comp1.AS_uiz-fptas.vz)^2)+(8*e_const*root.comp1.AS_TiV/(pi*AS_mi))+u_eps^2))))^2)/(min((max(d0/2,min(root.comp1.AS_lambdaD,root.comp1.AS_lambda_in)))^2,(d0/2)^2*max(0,1-2*e_const*(ZAS*root.comp1.AS_phi1)/(AS_mi*(((root.comp1.AS_uir-fptas.vr)^2+(root.comp1.AS_uiz-fptas.vz)^2)+(8*e_const*root.comp1.AS_TiV/(pi*AS_mi))+u_eps^2))))+((sqrt(ZAS^2+1e-20)*e_const^2/(4*pi*epsilon0_const*AS_mi*(((root.comp1.AS_uir-fptas.vr)^2+(root.comp1.AS_uiz-fptas.vz)^2)+(8*e_const*root.comp1.AS_TiV/(pi*AS_mi))+u_eps^2))))^2)))))*root.comp1.AS_ni*AS_mi*sqrt((((root.comp1.AS_uir-fptas.vr)^2+(root.comp1.AS_uiz-fptas.vz)^2)+(8*e_const*root.comp1.AS_TiV/(pi*AS_mi))+u_eps^2)))*(root.comp1.AS_uir-fptas.vr)),0[N],((AS_iondrag_scale*(pi*min((max(d0/2,min(root.comp1.AS_lambdaD,root.comp1.AS_lambda_in)))^2,(d0/2)^2*max(0,1-2*e_const*(ZAS*root.comp1.AS_phi1)/(AS_mi*(((root.comp1.AS_uir-fptas.vr)^2+(root.comp1.AS_uiz-fptas.vz)^2)+(8*e_const*root.comp1.AS_TiV/(pi*AS_mi))+u_eps^2))))+4*pi*((sqrt(ZAS^2+1e-20)*e_const^2/(4*pi*epsilon0_const*AS_mi*(((root.comp1.AS_uir-fptas.vr)^2+(root.comp1.AS_uiz-fptas.vz)^2)+(8*e_const*root.comp1.AS_TiV/(pi*AS_mi))+u_eps^2))))^2*(max(0,0.5*log(((max(d0/2,min(root.comp1.AS_lambdaD,root.comp1.AS_lambda_in)))^2+((sqrt(ZAS^2+1e-20)*e_const^2/(4*pi*epsilon0_const*AS_mi*(((root.comp1.AS_uir-fptas.vr)^2+(root.comp1.AS_uiz-fptas.vz)^2)+(8*e_const*root.comp1.AS_TiV/(pi*AS_mi))+u_eps^2))))^2)/(min((max(d0/2,min(root.comp1.AS_lambdaD,root.comp1.AS_lambda_in)))^2,(d0/2)^2*max(0,1-2*e_const*(ZAS*root.comp1.AS_phi1)/(AS_mi*(((root.comp1.AS_uir-fptas.vr)^2+(root.comp1.AS_uiz-fptas.vz)^2)+(8*e_const*root.comp1.AS_TiV/(pi*AS_mi))+u_eps^2))))+((sqrt(ZAS^2+1e-20)*e_const^2/(4*pi*epsilon0_const*AS_mi*(((root.comp1.AS_uir-fptas.vr)^2+(root.comp1.AS_uiz-fptas.vz)^2)+(8*e_const*root.comp1.AS_TiV/(pi*AS_mi))+u_eps^2))))^2)))))*root.comp1.AS_ni*AS_mi*sqrt((((root.comp1.AS_uir-fptas.vr)^2+(root.comp1.AS_uiz-fptas.vz)^2)+(8*e_const*root.comp1.AS_TiV/(pi*AS_mi))+u_eps^2)))*(root.comp1.AS_uiz-fptas.vz))]"
formal_iondrag_theory_consistent/caseA_100nm,fptas,liftfm,F,[3],"[C_lift_fm*pi*root.comp1.AS_rhog*root.comp1.AS_lambdag*(d0/2)^2*(root.comp1.AS_ugz-fptas.vz)*nojac(d(root.comp1.AS_ugr,z)-d(root.comp1.AS_ugz,r)),0[N],-C_lift_fm*pi*root.comp1.AS_rhog*root.comp1.AS_lambdag*(d0/2)^2*(root.comp1.AS_ugr-fptas.vr)*nojac(d(root.comp1.AS_ugr,z)-d(root.comp1.AS_ugz,r))]"
formal_iondrag_theory_consistent/caseA_100nm,fptas,bf1,i,[3],[AS_brownian_seed]
formal_iondrag_theory_consistent/caseA_100nm,fptas,depf,F,[3],"[2*pi*epsilon0_const*(d0/2)^3*root.comp1.AS_Kcm*nojac(d(root.comp1.AS_E2,r)),0[N],2*pi*epsilon0_const*(d0/2)^3*root.comp1.AS_Kcm*nojac(d(root.comp1.AS_E2,z))]"
formal_iondrag_theory_consistent/caseA_100nm,fptas,auxq,R,[],"[((pi*(d0/2)^2*root.comp1.AS_ni*sqrt((((root.comp1.AS_uir-fptas.vr)^2+(root.comp1.AS_uiz-fptas.vz)^2)+(8*e_const*root.comp1.AS_TiV/(pi*AS_mi))+u_eps^2))*if((ZAS*root.comp1.AS_phi1)<=0[V],1-(ZAS*root.comp1.AS_phi1)/(max(AS_mi*(((root.comp1.AS_uir-fptas.vr)^2+(root.comp1.AS_uiz-fptas.vz)^2)+(8*e_const*root.comp1.AS_TiV/(pi*AS_mi))+u_eps^2)/(2*e_const),Ti_floor)),exp(max(-50,min(50,-(ZAS*root.comp1.AS_phi1)/(max(AS_mi*(((root.comp1.AS_uir-fptas.vr)^2+(root.comp1.AS_uiz-fptas.vz)^2)+(8*e_const*root.comp1.AS_TiV/(pi*AS_mi))+u_eps^2)/(2*e_const),Ti_floor)))))))-(root.comp1.AS_Ge0*if((ZAS*root.comp1.AS_phi1)<=0[V],exp(max(-50,min(50,(ZAS*root.comp1.AS_phi1)/AS_Te))),1+(ZAS*root.comp1.AS_phi1)/AS_Te)))]"
formal_iondrag_theory_consistent/caseA_100nm,fptas,idf,F,[3],"[((AS_iondrag_scale*(pi*min((max(d0/2,min(root.comp1.AS_lambdaD,root.comp1.AS_lambda_in)))^2,(d0/2)^2*max(0,1-2*e_const*(ZAS*root.comp1.AS_phi1)/(AS_mi*(((root.comp1.AS_uir-fptas.vr)^2+(root.comp1.AS_uiz-fptas.vz)^2)+(8*e_const*root.comp1.AS_TiV/(pi*AS_mi))+u_eps^2))))+4*pi*((sqrt(ZAS^2+1e-20)*e_const^2/(4*pi*epsilon0_const*AS_mi*(((root.comp1.AS_uir-fptas.vr)^2+(root.comp1.AS_uiz-fptas.vz)^2)+(8*e_const*root.comp1.AS_TiV/(pi*AS_mi))+u_eps^2))))^2*(max(0,0.5*log(((max(d0/2,min(root.comp1.AS_lambdaD,root.comp1.AS_lambda_in)))^2+((sqrt(ZAS^2+1e-20)*e_const^2/(4*pi*epsilon0_const*AS_mi*(((root.comp1.AS_uir-fptas.vr)^2+(root.comp1.AS_uiz-fptas.vz)^2)+(8*e_const*root.comp1.AS_TiV/(pi*AS_mi))+u_eps^2))))^2)/(min((max(d0/2,min(root.comp1.AS_lambdaD,root.comp1.AS_lambda_in)))^2,(d0/2)^2*max(0,1-2*e_const*(ZAS*root.comp1.AS_phi1)/(AS_mi*(((root.comp1.AS_uir-fptas.vr)^2+(root.comp1.AS_uiz-fptas.vz)^2)+(8*e_const*root.comp1.AS_TiV/(pi*AS_mi))+u_eps^2))))+((sqrt(ZAS^2+1e-20)*e_const^2/(4*pi*epsilon0_const*AS_mi*(((root.comp1.AS_uir-fptas.vr)^2+(root.comp1.AS_uiz-fptas.vz)^2)+(8*e_const*root.comp1.AS_TiV/(pi*AS_mi))+u_eps^2))))^2)))))*root.comp1.AS_ni*AS_mi*sqrt((((root.comp1.AS_uir-fptas.vr)^2+(root.comp1.AS_uiz-fptas.vz)^2)+(8*e_const*root.comp1.AS_TiV/(pi*AS_mi))+u_eps^2)))*(root.comp1.AS_uir-fptas.vr)),0[N],((AS_iondrag_scale*(pi*min((max(d0/2,min(root.comp1.AS_lambdaD,root.comp1.AS_lambda_in)))^2,(d0/2)^2*max(0,1-2*e_const*(ZAS*root.comp1.AS_phi1)/(AS_mi*(((root.comp1.AS_uir-fptas.vr)^2+(root.comp1.AS_uiz-fptas.vz)^2)+(8*e_const*root.comp1.AS_TiV/(pi*AS_mi))+u_eps^2))))+4*pi*((sqrt(ZAS^2+1e-20)*e_const^2/(4*pi*epsilon0_const*AS_mi*(((root.comp1.AS_uir-fptas.vr)^2+(root.comp1.AS_uiz-fptas.vz)^2)+(8*e_const*root.comp1.AS_TiV/(pi*AS_mi))+u_eps^2))))^2*(max(0,0.5*log(((max(d0/2,min(root.comp1.AS_lambdaD,root.comp1.AS_lambda_in)))^2+((sqrt(ZAS^2+1e-20)*e_const^2/(4*pi*epsilon0_const*AS_mi*(((root.comp1.AS_uir-fptas.vr)^2+(root.comp1.AS_uiz-fptas.vz)^2)+(8*e_const*root.comp1.AS_TiV/(pi*AS_mi))+u_eps^2))))^2)/(min((max(d0/2,min(root.comp1.AS_lambdaD,root.comp1.AS_lambda_in)))^2,(d0/2)^2*max(0,1-2*e_const*(ZAS*root.comp1.AS_phi1)/(AS_mi*(((root.comp1.AS_uir-fptas.vr)^2+(root.comp1.AS_uiz-fptas.vz)^2)+(8*e_const*root.comp1.AS_TiV/(pi*AS_mi))+u_eps^2))))+((sqrt(ZAS^2+1e-20)*e_const^2/(4*pi*epsilon0_const*AS_mi*(((root.comp1.AS_uir-fptas.vr)^2+(root.comp1.AS_uiz-fptas.vz)^2)+(8*e_const*root.comp1.AS_TiV/(pi*AS_mi))+u_eps^2))))^2)))))*root.comp1.AS_ni*AS_mi*sqrt((((root.comp1.AS_uir-fptas.vr)^2+(root.comp1.AS_uiz-fptas.vz)^2)+(8*e_const*root.comp1.AS_TiV/(pi*AS_mi))+u_eps^2)))*(root.comp1.AS_uiz-fptas.vz))]"
formal_iondrag_image_minimal_corrected/caseP_10nm,fpt,liftfm,F,[3],"[C_lift_fm*pi*root.comp1.rho_g_d*root.comp1.lambda_g_d*(d0/2)^2*(root.comp1.w-fpt.vz)*(nojac(root.comp1.spf.vorticityphi)),0[N],-C_lift_fm*pi*root.comp1.rho_g_d*root.comp1.lambda_g_d*(d0/2)^2*(root.comp1.u-fpt.vr)*(nojac(root.comp1.spf.vorticityphi))]"
formal_iondrag_image_minimal_corrected/caseP_10nm,fpt,bf1,i,[3],[brownian_seed]
formal_iondrag_image_minimal_corrected/caseP_10nm,fpt,depf,F,[3],"[2*pi*epsilon0_const*(d0/2)^3*root.comp1.Kcm_d*nojac(d(root.comp1.E2rf_P,r)),0[N],2*pi*epsilon0_const*(d0/2)^3*root.comp1.Kcm_d*nojac(d(root.comp1.E2rf_P,z))]"
formal_iondrag_image_minimal_corrected/caseP_10nm,fpt,auxq,R,[],"[((pi*(d0/2)^2*root.comp1.ni_d*sqrt((((root.comp1.uir_d-fpt.vr)^2+(root.comp1.uiz_d-fpt.vz)^2)+(8*e_const*root.comp1.TiV_d/(pi*root.comp1.mi_d))+u_eps^2))*if((ZP*root.comp1.phi1_d)<=0[V],1-(ZP*root.comp1.phi1_d)/(max(root.comp1.mi_d*(((root.comp1.uir_d-fpt.vr)^2+(root.comp1.uiz_d-fpt.vz)^2)+(8*e_const*root.comp1.TiV_d/(pi*root.comp1.mi_d))+u_eps^2)/(2*e_const),Ti_floor)),exp(max(-50,min(50,-(ZP*root.comp1.phi1_d)/(max(root.comp1.mi_d*(((root.comp1.uir_d-fpt.vr)^2+(root.comp1.uiz_d-fpt.vz)^2)+(8*e_const*root.comp1.TiV_d/(pi*root.comp1.mi_d))+u_eps^2)/(2*e_const),Ti_floor)))))))-(root.comp1.Ge0_d*if((ZP*root.comp1.phi1_d)<=0[V],exp(max(-50,min(50,(ZP*root.comp1.phi1_d)/root.comp1.Te_d))),1+(ZP*root.comp1.phi1_d)/root.comp1.Te_d)))]"
formal_iondrag_image_minimal_corrected/caseP_10nm,fpt,idf,F,[3],"[((iondrag_scale_P*root.comp1.mi_d*root.comp1.ni_d*sqrt(((root.comp1.uir_d^2+root.comp1.uiz_d^2+u_eps^2)+8*e_const*root.comp1.TiV_d/(pi*root.comp1.mi_d)))*sqrt((root.comp1.uir_d^2+root.comp1.uiz_d^2+u_eps^2))*((pi*(d0/2)^2*max(0,1-(ZP*root.comp1.phi1_d)/root.comp1.TiV_d))+(pi*((e_const^2*ZP/(2*pi*epsilon0_const*root.comp1.mi_d*((root.comp1.uir_d^2+root.comp1.uiz_d^2+u_eps^2)+8*e_const*root.comp1.TiV_d/(pi*root.comp1.mi_d)))))^2*log(max(1+1e-12,root.comp1.lambdaD_image_P/(d0/2))))))*root.comp1.Er_P/sqrt(root.comp1.Er_P^2+root.comp1.Ez_P^2+E2floor)),0[N],((iondrag_scale_P*root.comp1.mi_d*root.comp1.ni_d*sqrt(((root.comp1.uir_d^2+root.comp1.uiz_d^2+u_eps^2)+8*e_const*root.comp1.TiV_d/(pi*root.comp1.mi_d)))*sqrt((root.comp1.uir_d^2+root.comp1.uiz_d^2+u_eps^2))*((pi*(d0/2)^2*max(0,1-(ZP*root.comp1.phi1_d)/root.comp1.TiV_d))+(pi*((e_const^2*ZP/(2*pi*epsilon0_const*root.comp1.mi_d*((root.comp1.uir_d^2+root.comp1.uiz_d^2+u_eps^2)+8*e_const*root.comp1.TiV_d/(pi*root.comp1.mi_d)))))^2*log(max(1+1e-12,root.comp1.lambdaD_image_P/(d0/2))))))*root.comp1.Ez_P/sqrt(root.comp1.Er_P^2+root.comp1.Ez_P^2+E2floor))]"
formal_iondrag_image_minimal_corrected/caseP_30nm,fpt,liftfm,F,[3],"[C_lift_fm*pi*root.comp1.rho_g_d*root.comp1.lambda_g_d*(d0/2)^2*(root.comp1.w-fpt.vz)*(nojac(root.comp1.spf.vorticityphi)),0[N],-C_lift_fm*pi*root.comp1.rho_g_d*root.comp1.lambda_g_d*(d0/2)^2*(root.comp1.u-fpt.vr)*(nojac(root.comp1.spf.vorticityphi))]"
formal_iondrag_image_minimal_corrected/caseP_30nm,fpt,bf1,i,[3],[brownian_seed]
formal_iondrag_image_minimal_corrected/caseP_30nm,fpt,depf,F,[3],"[2*pi*epsilon0_const*(d0/2)^3*root.comp1.Kcm_d*nojac(d(root.comp1.E2rf_P,r)),0[N],2*pi*epsilon0_const*(d0/2)^3*root.comp1.Kcm_d*nojac(d(root.comp1.E2rf_P,z))]"
formal_iondrag_image_minimal_corrected/caseP_30nm,fpt,auxq,R,[],"[((pi*(d0/2)^2*root.comp1.ni_d*sqrt((((root.comp1.uir_d-fpt.vr)^2+(root.comp1.uiz_d-fpt.vz)^2)+(8*e_const*root.comp1.TiV_d/(pi*root.comp1.mi_d))+u_eps^2))*if((ZP*root.comp1.phi1_d)<=0[V],1-(ZP*root.comp1.phi1_d)/(max(root.comp1.mi_d*(((root.comp1.uir_d-fpt.vr)^2+(root.comp1.uiz_d-fpt.vz)^2)+(8*e_const*root.comp1.TiV_d/(pi*root.comp1.mi_d))+u_eps^2)/(2*e_const),Ti_floor)),exp(max(-50,min(50,-(ZP*root.comp1.phi1_d)/(max(root.comp1.mi_d*(((root.comp1.uir_d-fpt.vr)^2+(root.comp1.uiz_d-fpt.vz)^2)+(8*e_const*root.comp1.TiV_d/(pi*root.comp1.mi_d))+u_eps^2)/(2*e_const),Ti_floor)))))))-(root.comp1.Ge0_d*if((ZP*root.comp1.phi1_d)<=0[V],exp(max(-50,min(50,(ZP*root.comp1.phi1_d)/root.comp1.Te_d))),1+(ZP*root.comp1.phi1_d)/root.comp1.Te_d)))]"
formal_iondrag_image_minimal_corrected/caseP_30nm,fpt,idf,F,[3],"[((iondrag_scale_P*root.comp1.mi_d*root.comp1.ni_d*sqrt(((root.comp1.uir_d^2+root.comp1.uiz_d^2+u_eps^2)+8*e_const*root.comp1.TiV_d/(pi*root.comp1.mi_d)))*sqrt((root.comp1.uir_d^2+root.comp1.uiz_d^2+u_eps^2))*((pi*(d0/2)^2*max(0,1-(ZP*root.comp1.phi1_d)/root.comp1.TiV_d))+(pi*((e_const^2*ZP/(2*pi*epsilon0_const*root.comp1.mi_d*((root.comp1.uir_d^2+root.comp1.uiz_d^2+u_eps^2)+8*e_const*root.comp1.TiV_d/(pi*root.comp1.mi_d)))))^2*log(max(1+1e-12,root.comp1.lambdaD_image_P/(d0/2))))))*root.comp1.Er_P/sqrt(root.comp1.Er_P^2+root.comp1.Ez_P^2+E2floor)),0[N],((iondrag_scale_P*root.comp1.mi_d*root.comp1.ni_d*sqrt(((root.comp1.uir_d^2+root.comp1.uiz_d^2+u_eps^2)+8*e_const*root.comp1.TiV_d/(pi*root.comp1.mi_d)))*sqrt((root.comp1.uir_d^2+root.comp1.uiz_d^2+u_eps^2))*((pi*(d0/2)^2*max(0,1-(ZP*root.comp1.phi1_d)/root.comp1.TiV_d))+(pi*((e_const^2*ZP/(2*pi*epsilon0_const*root.comp1.mi_d*((root.comp1.uir_d^2+root.comp1.uiz_d^2+u_eps^2)+8*e_const*root.comp1.TiV_d/(pi*root.comp1.mi_d)))))^2*log(max(1+1e-12,root.comp1.lambdaD_image_P/(d0/2))))))*root.comp1.Ez_P/sqrt(root.comp1.Er_P^2+root.comp1.Ez_P^2+E2floor))]"
formal_iondrag_image_minimal_corrected/caseP_100nm,fpt,liftfm,F,[3],"[C_lift_fm*pi*root.comp1.rho_g_d*root.comp1.lambda_g_d*(d0/2)^2*(root.comp1.w-fpt.vz)*(nojac(root.comp1.spf.vorticityphi)),0[N],-C_lift_fm*pi*root.comp1.rho_g_d*root.comp1.lambda_g_d*(d0/2)^2*(root.comp1.u-fpt.vr)*(nojac(root.comp1.spf.vorticityphi))]"
formal_iondrag_image_minimal_corrected/caseP_100nm,fpt,bf1,i,[3],[brownian_seed]
formal_iondrag_image_minimal_corrected/caseP_100nm,fpt,depf,F,[3],"[2*pi*epsilon0_const*(d0/2)^3*root.comp1.Kcm_d*nojac(d(root.comp1.E2rf_P,r)),0[N],2*pi*epsilon0_const*(d0/2)^3*root.comp1.Kcm_d*nojac(d(root.comp1.E2rf_P,z))]"
formal_iondrag_image_minimal_corrected/caseP_100nm,fpt,auxq,R,[],"[((pi*(d0/2)^2*root.comp1.ni_d*sqrt((((root.comp1.uir_d-fpt.vr)^2+(root.comp1.uiz_d-fpt.vz)^2)+(8*e_const*root.comp1.TiV_d/(pi*root.comp1.mi_d))+u_eps^2))*if((ZP*root.comp1.phi1_d)<=0[V],1-(ZP*root.comp1.phi1_d)/(max(root.comp1.mi_d*(((root.comp1.uir_d-fpt.vr)^2+(root.comp1.uiz_d-fpt.vz)^2)+(8*e_const*root.comp1.TiV_d/(pi*root.comp1.mi_d))+u_eps^2)/(2*e_const),Ti_floor)),exp(max(-50,min(50,-(ZP*root.comp1.phi1_d)/(max(root.comp1.mi_d*(((root.comp1.uir_d-fpt.vr)^2+(root.comp1.uiz_d-fpt.vz)^2)+(8*e_const*root.comp1.TiV_d/(pi*root.comp1.mi_d))+u_eps^2)/(2*e_const),Ti_floor)))))))-(root.comp1.Ge0_d*if((ZP*root.comp1.phi1_d)<=0[V],exp(max(-50,min(50,(ZP*root.comp1.phi1_d)/root.comp1.Te_d))),1+(ZP*root.comp1.phi1_d)/root.comp1.Te_d)))]"
formal_iondrag_image_minimal_corrected/caseP_100nm,fpt,idf,F,[3],"[((iondrag_scale_P*root.comp1.mi_d*root.comp1.ni_d*sqrt(((root.comp1.uir_d^2+root.comp1.uiz_d^2+u_eps^2)+8*e_const*root.comp1.TiV_d/(pi*root.comp1.mi_d)))*sqrt((root.comp1.uir_d^2+root.comp1.uiz_d^2+u_eps^2))*((pi*(d0/2)^2*max(0,1-(ZP*root.comp1.phi1_d)/root.comp1.TiV_d))+(pi*((e_const^2*ZP/(2*pi*epsilon0_const*root.comp1.mi_d*((root.comp1.uir_d^2+root.comp1.uiz_d^2+u_eps^2)+8*e_const*root.comp1.TiV_d/(pi*root.comp1.mi_d)))))^2*log(max(1+1e-12,root.comp1.lambdaD_image_P/(d0/2))))))*root.comp1.Er_P/sqrt(root.comp1.Er_P^2+root.comp1.Ez_P^2+E2floor)),0[N],((iondrag_scale_P*root.comp1.mi_d*root.comp1.ni_d*sqrt(((root.comp1.uir_d^2+root.comp1.uiz_d^2+u_eps^2)+8*e_const*root.comp1.TiV_d/(pi*root.comp1.mi_d)))*sqrt((root.comp1.uir_d^2+root.comp1.uiz_d^2+u_eps^2))*((pi*(d0/2)^2*max(0,1-(ZP*root.comp1.phi1_d)/root.comp1.TiV_d))+(pi*((e_const^2*ZP/(2*pi*epsilon0_const*root.comp1.mi_d*((root.comp1.uir_d^2+root.comp1.uiz_d^2+u_eps^2)+8*e_const*root.comp1.TiV_d/(pi*root.comp1.mi_d)))))^2*log(max(1+1e-12,root.comp1.lambdaD_image_P/(d0/2))))))*root.comp1.Ez_P/sqrt(root.comp1.Er_P^2+root.comp1.Ez_P^2+E2floor))]"
formal_iondrag_image_minimal_corrected/caseA_10nm,fptas,liftfm,F,[3],"[C_lift_fm*pi*root.comp1.AS_rhog*root.comp1.AS_lambdag*(d0/2)^2*(root.comp1.AS_ugz-fptas.vz)*nojac(d(root.comp1.AS_ugr,z)-d(root.comp1.AS_ugz,r)),0[N],-C_lift_fm*pi*root.comp1.AS_rhog*root.comp1.AS_lambdag*(d0/2)^2*(root.comp1.AS_ugr-fptas.vr)*nojac(d(root.comp1.AS_ugr,z)-d(root.comp1.AS_ugz,r))]"
formal_iondrag_image_minimal_corrected/caseA_10nm,fptas,bf1,i,[3],[AS_brownian_seed]
formal_iondrag_image_minimal_corrected/caseA_10nm,fptas,depf,F,[3],"[2*pi*epsilon0_const*(d0/2)^3*root.comp1.AS_Kcm*nojac(d(root.comp1.AS_E2,r)),0[N],2*pi*epsilon0_const*(d0/2)^3*root.comp1.AS_Kcm*nojac(d(root.comp1.AS_E2,z))]"
formal_iondrag_image_minimal_corrected/caseA_10nm,fptas,auxq,R,[],"[((pi*(d0/2)^2*root.comp1.AS_ni*sqrt((((root.comp1.AS_uir-fptas.vr)^2+(root.comp1.AS_uiz-fptas.vz)^2)+(8*e_const*root.comp1.AS_TiV/(pi*AS_mi))+u_eps^2))*if((ZAS*root.comp1.AS_phi1)<=0[V],1-(ZAS*root.comp1.AS_phi1)/(max(AS_mi*(((root.comp1.AS_uir-fptas.vr)^2+(root.comp1.AS_uiz-fptas.vz)^2)+(8*e_const*root.comp1.AS_TiV/(pi*AS_mi))+u_eps^2)/(2*e_const),Ti_floor)),exp(max(-50,min(50,-(ZAS*root.comp1.AS_phi1)/(max(AS_mi*(((root.comp1.AS_uir-fptas.vr)^2+(root.comp1.AS_uiz-fptas.vz)^2)+(8*e_const*root.comp1.AS_TiV/(pi*AS_mi))+u_eps^2)/(2*e_const),Ti_floor)))))))-(root.comp1.AS_Ge0*if((ZAS*root.comp1.AS_phi1)<=0[V],exp(max(-50,min(50,(ZAS*root.comp1.AS_phi1)/AS_Te))),1+(ZAS*root.comp1.AS_phi1)/AS_Te)))]"
formal_iondrag_image_minimal_corrected/caseA_10nm,fptas,idf,F,[3],"[((AS_iondrag_scale*AS_mi*root.comp1.AS_ni*sqrt((root.comp1.AS_ui_mag^2+8*e_const*root.comp1.AS_TiV/(pi*AS_mi)+u_eps^2))*root.comp1.AS_ui_mag*((pi*(d0/2)^2*max(0,1-(ZAS*root.comp1.AS_phi1)/root.comp1.AS_TiV))+(pi*((e_const^2*ZAS/(2*pi*epsilon0_const*AS_mi*(root.comp1.AS_ui_mag^2+8*e_const*root.comp1.AS_TiV/(pi*AS_mi)+u_eps^2))))^2*log(max(1+1e-12,root.comp1.AS_lambdaD_image/(d0/2))))))*root.comp1.AS_Er/sqrt(root.comp1.AS_E2)),0[N],((AS_iondrag_scale*AS_mi*root.comp1.AS_ni*sqrt((root.comp1.AS_ui_mag^2+8*e_const*root.comp1.AS_TiV/(pi*AS_mi)+u_eps^2))*root.comp1.AS_ui_mag*((pi*(d0/2)^2*max(0,1-(ZAS*root.comp1.AS_phi1)/root.comp1.AS_TiV))+(pi*((e_const^2*ZAS/(2*pi*epsilon0_const*AS_mi*(root.comp1.AS_ui_mag^2+8*e_const*root.comp1.AS_TiV/(pi*AS_mi)+u_eps^2))))^2*log(max(1+1e-12,root.comp1.AS_lambdaD_image/(d0/2))))))*root.comp1.AS_Ez/sqrt(root.comp1.AS_E2))]"
formal_iondrag_image_minimal_corrected/caseA_30nm,fptas,liftfm,F,[3],"[C_lift_fm*pi*root.comp1.AS_rhog*root.comp1.AS_lambdag*(d0/2)^2*(root.comp1.AS_ugz-fptas.vz)*nojac(d(root.comp1.AS_ugr,z)-d(root.comp1.AS_ugz,r)),0[N],-C_lift_fm*pi*root.comp1.AS_rhog*root.comp1.AS_lambdag*(d0/2)^2*(root.comp1.AS_ugr-fptas.vr)*nojac(d(root.comp1.AS_ugr,z)-d(root.comp1.AS_ugz,r))]"
formal_iondrag_image_minimal_corrected/caseA_30nm,fptas,bf1,i,[3],[AS_brownian_seed]
formal_iondrag_image_minimal_corrected/caseA_30nm,fptas,depf,F,[3],"[2*pi*epsilon0_const*(d0/2)^3*root.comp1.AS_Kcm*nojac(d(root.comp1.AS_E2,r)),0[N],2*pi*epsilon0_const*(d0/2)^3*root.comp1.AS_Kcm*nojac(d(root.comp1.AS_E2,z))]"
formal_iondrag_image_minimal_corrected/caseA_30nm,fptas,auxq,R,[],"[((pi*(d0/2)^2*root.comp1.AS_ni*sqrt((((root.comp1.AS_uir-fptas.vr)^2+(root.comp1.AS_uiz-fptas.vz)^2)+(8*e_const*root.comp1.AS_TiV/(pi*AS_mi))+u_eps^2))*if((ZAS*root.comp1.AS_phi1)<=0[V],1-(ZAS*root.comp1.AS_phi1)/(max(AS_mi*(((root.comp1.AS_uir-fptas.vr)^2+(root.comp1.AS_uiz-fptas.vz)^2)+(8*e_const*root.comp1.AS_TiV/(pi*AS_mi))+u_eps^2)/(2*e_const),Ti_floor)),exp(max(-50,min(50,-(ZAS*root.comp1.AS_phi1)/(max(AS_mi*(((root.comp1.AS_uir-fptas.vr)^2+(root.comp1.AS_uiz-fptas.vz)^2)+(8*e_const*root.comp1.AS_TiV/(pi*AS_mi))+u_eps^2)/(2*e_const),Ti_floor)))))))-(root.comp1.AS_Ge0*if((ZAS*root.comp1.AS_phi1)<=0[V],exp(max(-50,min(50,(ZAS*root.comp1.AS_phi1)/AS_Te))),1+(ZAS*root.comp1.AS_phi1)/AS_Te)))]"
formal_iondrag_image_minimal_corrected/caseA_30nm,fptas,idf,F,[3],"[((AS_iondrag_scale*AS_mi*root.comp1.AS_ni*sqrt((root.comp1.AS_ui_mag^2+8*e_const*root.comp1.AS_TiV/(pi*AS_mi)+u_eps^2))*root.comp1.AS_ui_mag*((pi*(d0/2)^2*max(0,1-(ZAS*root.comp1.AS_phi1)/root.comp1.AS_TiV))+(pi*((e_const^2*ZAS/(2*pi*epsilon0_const*AS_mi*(root.comp1.AS_ui_mag^2+8*e_const*root.comp1.AS_TiV/(pi*AS_mi)+u_eps^2))))^2*log(max(1+1e-12,root.comp1.AS_lambdaD_image/(d0/2))))))*root.comp1.AS_Er/sqrt(root.comp1.AS_E2)),0[N],((AS_iondrag_scale*AS_mi*root.comp1.AS_ni*sqrt((root.comp1.AS_ui_mag^2+8*e_const*root.comp1.AS_TiV/(pi*AS_mi)+u_eps^2))*root.comp1.AS_ui_mag*((pi*(d0/2)^2*max(0,1-(ZAS*root.comp1.AS_phi1)/root.comp1.AS_TiV))+(pi*((e_const^2*ZAS/(2*pi*epsilon0_const*AS_mi*(root.comp1.AS_ui_mag^2+8*e_const*root.comp1.AS_TiV/(pi*AS_mi)+u_eps^2))))^2*log(max(1+1e-12,root.comp1.AS_lambdaD_image/(d0/2))))))*root.comp1.AS_Ez/sqrt(root.comp1.AS_E2))]"
formal_iondrag_image_minimal_corrected/caseA_100nm,fptas,liftfm,F,[3],"[C_lift_fm*pi*root.comp1.AS_rhog*root.comp1.AS_lambdag*(d0/2)^2*(root.comp1.AS_ugz-fptas.vz)*nojac(d(root.comp1.AS_ugr,z)-d(root.comp1.AS_ugz,r)),0[N],-C_lift_fm*pi*root.comp1.AS_rhog*root.comp1.AS_lambdag*(d0/2)^2*(root.comp1.AS_ugr-fptas.vr)*nojac(d(root.comp1.AS_ugr,z)-d(root.comp1.AS_ugz,r))]"
formal_iondrag_image_minimal_corrected/caseA_100nm,fptas,bf1,i,[3],[AS_brownian_seed]
formal_iondrag_image_minimal_corrected/caseA_100nm,fptas,depf,F,[3],"[2*pi*epsilon0_const*(d0/2)^3*root.comp1.AS_Kcm*nojac(d(root.comp1.AS_E2,r)),0[N],2*pi*epsilon0_const*(d0/2)^3*root.comp1.AS_Kcm*nojac(d(root.comp1.AS_E2,z))]"
formal_iondrag_image_minimal_corrected/caseA_100nm,fptas,auxq,R,[],"[((pi*(d0/2)^2*root.comp1.AS_ni*sqrt((((root.comp1.AS_uir-fptas.vr)^2+(root.comp1.AS_uiz-fptas.vz)^2)+(8*e_const*root.comp1.AS_TiV/(pi*AS_mi))+u_eps^2))*if((ZAS*root.comp1.AS_phi1)<=0[V],1-(ZAS*root.comp1.AS_phi1)/(max(AS_mi*(((root.comp1.AS_uir-fptas.vr)^2+(root.comp1.AS_uiz-fptas.vz)^2)+(8*e_const*root.comp1.AS_TiV/(pi*AS_mi))+u_eps^2)/(2*e_const),Ti_floor)),exp(max(-50,min(50,-(ZAS*root.comp1.AS_phi1)/(max(AS_mi*(((root.comp1.AS_uir-fptas.vr)^2+(root.comp1.AS_uiz-fptas.vz)^2)+(8*e_const*root.comp1.AS_TiV/(pi*AS_mi))+u_eps^2)/(2*e_const),Ti_floor)))))))-(root.comp1.AS_Ge0*if((ZAS*root.comp1.AS_phi1)<=0[V],exp(max(-50,min(50,(ZAS*root.comp1.AS_phi1)/AS_Te))),1+(ZAS*root.comp1.AS_phi1)/AS_Te)))]"
formal_iondrag_image_minimal_corrected/caseA_100nm,fptas,idf,F,[3],"[((AS_iondrag_scale*AS_mi*root.comp1.AS_ni*sqrt((root.comp1.AS_ui_mag^2+8*e_const*root.comp1.AS_TiV/(pi*AS_mi)+u_eps^2))*root.comp1.AS_ui_mag*((pi*(d0/2)^2*max(0,1-(ZAS*root.comp1.AS_phi1)/root.comp1.AS_TiV))+(pi*((e_const^2*ZAS/(2*pi*epsilon0_const*AS_mi*(root.comp1.AS_ui_mag^2+8*e_const*root.comp1.AS_TiV/(pi*AS_mi)+u_eps^2))))^2*log(max(1+1e-12,root.comp1.AS_lambdaD_image/(d0/2))))))*root.comp1.AS_Er/sqrt(root.comp1.AS_E2)),0[N],((AS_iondrag_scale*AS_mi*root.comp1.AS_ni*sqrt((root.comp1.AS_ui_mag^2+8*e_const*root.comp1.AS_TiV/(pi*AS_mi)+u_eps^2))*root.comp1.AS_ui_mag*((pi*(d0/2)^2*max(0,1-(ZAS*root.comp1.AS_phi1)/root.comp1.AS_TiV))+(pi*((e_const^2*ZAS/(2*pi*epsilon0_const*AS_mi*(root.comp1.AS_ui_mag^2+8*e_const*root.comp1.AS_TiV/(pi*AS_mi)+u_eps^2))))^2*log(max(1+1e-12,root.comp1.AS_lambdaD_image/(d0/2))))))*root.comp1.AS_Ez/sqrt(root.comp1.AS_E2))]"
