case_id,replica,seed,execution_status
formal_iondrag_theory_consistent/caseP_10nm,0,318000,PLANNED_NOT_RUN
formal_iondrag_theory_consistent/caseP_10nm,1,318001,PLANNED_NOT_RUN
formal_iondrag_theory_consistent/caseP_10nm,2,318002,PLANNED_NOT_RUN
formal_iondrag_theory_consistent/caseP_10nm,3,318003,PLANNED_NOT_RUN
formal_iondrag_theory_consistent/caseP_10nm,4,318004,PLANNED_NOT_RUN
formal_iondrag_theory_consistent/caseP_10nm,5,318005,PLANNED_NOT_RUN
formal_iondrag_theory_consistent/caseP_10nm,6,318006,PLANNED_NOT_RUN
formal_iondrag_theory_consistent/caseP_10nm,7,318007,PLANNED_NOT_RUN
formal_iondrag_theory_consistent/caseP_10nm,8,318008,PLANNED_NOT_RUN
formal_iondrag_theory_consistent/caseP_10nm,9,318009,PLANNED_NOT_RUN
formal_iondrag_theory_consistent/caseP_10nm,10,318010,PLANNED_NOT_RUN
formal_iondrag_theory_consistent/caseP_10nm,11,318011,PLANNED_NOT_RUN
formal_iondrag_theory_consistent/caseP_10nm,12,318012,PLANNED_NOT_RUN
formal_iondrag_theory_consistent/caseP_10nm,13,318013,PLANNED_NOT_RUN
formal_iondrag_theory_consistent/caseP_10nm,14,318014,PLANNED_NOT_RUN
formal_iondrag_theory_consistent/caseP_10nm,15,318015,PLANNED_NOT_RUN
formal_iondrag_theory_consistent/caseP_10nm,16,318016,PLANNED_NOT_RUN
formal_iondrag_theory_consistent/caseP_10nm,17,318017,PLANNED_NOT_RUN
formal_iondrag_theory_consistent/caseP_10nm,18,318018,PLANNED_NOT_RUN
formal_iondrag_theory_consistent/caseP_10nm,19,318019,PLANNED_NOT_RUN
formal_iondrag_theory_consistent/caseP_10nm,20,318020,PLANNED_NOT_RUN
formal_iondrag_theory_consistent/caseP_10nm,21,318021,PLANNED_NOT_RUN
formal_iondrag_theory_consistent/caseP_10nm,22,318022,PLANNED_NOT_RUN
formal_iondrag_theory_consistent/caseP_10nm,23,318023,PLANNED_NOT_RUN
formal_iondrag_theory_consistent/caseP_10nm,24,318024,PLANNED_NOT_RUN
formal_iondrag_theory_consistent/caseP_10nm,25,318025,PLANNED_NOT_RUN
formal_iondrag_theory_consistent/caseP_10nm,26,318026,PLANNED_NOT_RUN
formal_iondrag_theory_consistent/caseP_10nm,27,318027,PLANNED_NOT_RUN
formal_iondrag_theory_consistent/caseP_10nm,28,318028,PLANNED_NOT_RUN
formal_iondrag_theory_consistent/caseP_10nm,29,318029,PLANNED_NOT_RUN
formal_iondrag_theory_consistent/caseP_10nm,30,318030,PLANNED_NOT_RUN
formal_iondrag_theory_consistent/caseP_10nm,31,318031,PLANNED_NOT_RUN
formal_iondrag_theory_consistent/caseP_30nm,0,318032,PLANNED_NOT_RUN
formal_iondrag_theory_consistent/caseP_30nm,1,318033,PLANNED_NOT_RUN
formal_iondrag_theory_consistent/caseP_30nm,2,318034,PLANNED_NOT_RUN
formal_iondrag_theory_consistent/caseP_30nm,3,318035,PLANNED_NOT_RUN
formal_iondrag_theory_consistent/caseP_30nm,4,318036,PLANNED_NOT_RUN
formal_iondrag_theory_consistent/caseP_30nm,5,318037,PLANNED_NOT_RUN
formal_iondrag_theory_consistent/caseP_30nm,6,318038,PLANNED_NOT_RUN
formal_iondrag_theory_consistent/caseP_30nm,7,318039,PLANNED_NOT_RUN
formal_iondrag_theory_consistent/caseP_30nm,8,318040,PLANNED_NOT_RUN
formal_iondrag_theory_consistent/caseP_30nm,9,318041,PLANNED_NOT_RUN
formal_iondrag_theory_consistent/caseP_30nm,10,318042,PLANNED_NOT_RUN
formal_iondrag_theory_consistent/caseP_30nm,11,318043,PLANNED_NOT_RUN
formal_iondrag_theory_consistent/caseP_30nm,12,318044,PLANNED_NOT_RUN
formal_iondrag_theory_consistent/caseP_30nm,13,318045,PLANNED_NOT_RUN
formal_iondrag_theory_consistent/caseP_30nm,14,318046,PLANNED_NOT_RUN
formal_iondrag_theory_consistent/caseP_30nm,15,318047,PLANNED_NOT_RUN
formal_iondrag_theory_consistent/caseP_30nm,16,318048,PLANNED_NOT_RUN
formal_iondrag_theory_consistent/caseP_30nm,17,318049,PLANNED_NOT_RUN
formal_iondrag_theory_consistent/caseP_30nm,18,318050,PLANNED_NOT_RUN
formal_iondrag_theory_consistent/caseP_30nm,19,318051,PLANNED_NOT_RUN
formal_iondrag_theory_consistent/caseP_30nm,20,318052,PLANNED_NOT_RUN
formal_iondrag_theory_consistent/caseP_30nm,21,318053,PLANNED_NOT_RUN
formal_iondrag_theory_consistent/caseP_30nm,22,318054,PLANNED_NOT_RUN
formal_iondrag_theory_consistent/caseP_30nm,23,318055,PLANNED_NOT_RUN
formal_iondrag_theory_consistent/caseP_30nm,24,318056,PLANNED_NOT_RUN
formal_iondrag_theory_consistent/caseP_30nm,25,318057,PLANNED_NOT_RUN
formal_iondrag_theory_consistent/caseP_30nm,26,318058,PLANNED_NOT_RUN
formal_iondrag_theory_consistent/caseP_30nm,27,318059,PLANNED_NOT_RUN
formal_iondrag_theory_consistent/caseP_30nm,28,318060,PLANNED_NOT_RUN
formal_iondrag_theory_consistent/caseP_30nm,29,318061,PLANNED_NOT_RUN
formal_iondrag_theory_consistent/caseP_30nm,30,318062,PLANNED_NOT_RUN
formal_iondrag_theory_consistent/caseP_30nm,31,318063,PLANNED_NOT_RUN
formal_iondrag_theory_consistent/caseP_100nm,0,318064,PLANNED_NOT_RUN
formal_iondrag_theory_consistent/caseP_100nm,1,318065,PLANNED_NOT_RUN
formal_iondrag_theory_consistent/caseP_100nm,2,318066,PLANNED_NOT_RUN
formal_iondrag_theory_consistent/caseP_100nm,3,318067,PLANNED_NOT_RUN
formal_iondrag_theory_consistent/caseP_100nm,4,318068,PLANNED_NOT_RUN
formal_iondrag_theory_consistent/caseP_100nm,5,318069,PLANNED_NOT_RUN
formal_iondrag_theory_consistent/caseP_100nm,6,318070,PLANNED_NOT_RUN
formal_iondrag_theory_consistent/caseP_100nm,7,318071,PLANNED_NOT_RUN
formal_iondrag_theory_consistent/caseP_100nm,8,318072,PLANNED_NOT_RUN
formal_iondrag_theory_consistent/caseP_100nm,9,318073,PLANNED_NOT_RUN
formal_iondrag_theory_consistent/caseP_100nm,10,318074,PLANNED_NOT_RUN
formal_iondrag_theory_consistent/caseP_100nm,11,318075,PLANNED_NOT_RUN
formal_iondrag_theory_consistent/caseP_100nm,12,318076,PLANNED_NOT_RUN
formal_iondrag_theory_consistent/caseP_100nm,13,318077,PLANNED_NOT_RUN
formal_iondrag_theory_consistent/caseP_100nm,14,318078,PLANNED_NOT_RUN
formal_iondrag_theory_consistent/caseP_100nm,15,318079,PLANNED_NOT_RUN
formal_iondrag_theory_consistent/caseP_100nm,16,318080,PLANNED_NOT_RUN
formal_iondrag_theory_consistent/caseP_100nm,17,318081,PLANNED_NOT_RUN
formal_iondrag_theory_consistent/caseP_100nm,18,318082,PLANNED_NOT_RUN
formal_iondrag_theory_consistent/caseP_100nm,19,318083,PLANNED_NOT_RUN
formal_iondrag_theory_consistent/caseP_100nm,20,318084,PLANNED_NOT_RUN
formal_iondrag_theory_consistent/caseP_100nm,21,318085,PLANNED_NOT_RUN
formal_iondrag_theory_consistent/caseP_100nm,22,318086,PLANNED_NOT_RUN
formal_iondrag_theory_consistent/caseP_100nm,23,318087,PLANNED_NOT_RUN
formal_iondrag_theory_consistent/caseP_100nm,24,318088,PLANNED_NOT_RUN
formal_iondrag_theory_consistent/caseP_100nm,25,318089,PLANNED_NOT_RUN
formal_iondrag_theory_consistent/caseP_100nm,26,318090,PLANNED_NOT_RUN
formal_iondrag_theory_consistent/caseP_100nm,27,318091,PLANNED_NOT_RUN
formal_iondrag_theory_consistent/caseP_100nm,28,318092,PLANNED_NOT_RUN
formal_iondrag_theory_consistent/caseP_100nm,29,318093,PLANNED_NOT_RUN
formal_iondrag_theory_consistent/caseP_100nm,30,318094,PLANNED_NOT_RUN
formal_iondrag_theory_consistent/caseP_100nm,31,318095,PLANNED_NOT_RUN
formal_iondrag_theory_consistent/caseA_10nm,0,318096,PLANNED_NOT_RUN
formal_iondrag_theory_consistent/caseA_10nm,1,318097,PLANNED_NOT_RUN
formal_iondrag_theory_consistent/caseA_10nm,2,318098,PLANNED_NOT_RUN
formal_iondrag_theory_consistent/caseA_10nm,3,318099,PLANNED_NOT_RUN
formal_iondrag_theory_consistent/caseA_10nm,4,318100,PLANNED_NOT_RUN
formal_iondrag_theory_consistent/caseA_10nm,5,318101,PLANNED_NOT_RUN
formal_iondrag_theory_consistent/caseA_10nm,6,318102,PLANNED_NOT_RUN
formal_iondrag_theory_consistent/caseA_10nm,7,318103,PLANNED_NOT_RUN
formal_iondrag_theory_consistent/caseA_10nm,8,318104,PLANNED_NOT_RUN
formal_iondrag_theory_consistent/caseA_10nm,9,318105,PLANNED_NOT_RUN
formal_iondrag_theory_consistent/caseA_10nm,10,318106,PLANNED_NOT_RUN
formal_iondrag_theory_consistent/caseA_10nm,11,318107,PLANNED_NOT_RUN
formal_iondrag_theory_consistent/caseA_10nm,12,318108,PLANNED_NOT_RUN
formal_iondrag_theory_consistent/caseA_10nm,13,318109,PLANNED_NOT_RUN
formal_iondrag_theory_consistent/caseA_10nm,14,318110,PLANNED_NOT_RUN
formal_iondrag_theory_consistent/caseA_10nm,15,318111,PLANNED_NOT_RUN
formal_iondrag_theory_consistent/caseA_10nm,16,318112,PLANNED_NOT_RUN
formal_iondrag_theory_consistent/caseA_10nm,17,318113,PLANNED_NOT_RUN
formal_iondrag_theory_consistent/caseA_10nm,18,318114,PLANNED_NOT_RUN
formal_iondrag_theory_consistent/caseA_10nm,19,318115,PLANNED_NOT_RUN
formal_iondrag_theory_consistent/caseA_10nm,20,318116,PLANNED_NOT_RUN
formal_iondrag_theory_consistent/caseA_10nm,21,318117,PLANNED_NOT_RUN
formal_iondrag_theory_consistent/caseA_10nm,22,318118,PLANNED_NOT_RUN
formal_iondrag_theory_consistent/caseA_10nm,23,318119,PLANNED_NOT_RUN
formal_iondrag_theory_consistent/caseA_10nm,24,318120,PLANNED_NOT_RUN
formal_iondrag_theory_consistent/caseA_10nm,25,318121,PLANNED_NOT_RUN
formal_iondrag_theory_consistent/caseA_10nm,26,318122,PLANNED_NOT_RUN
formal_iondrag_theory_consistent/caseA_10nm,27,318123,PLANNED_NOT_RUN
formal_iondrag_theory_consistent/caseA_10nm,28,318124,PLANNED_NOT_RUN
formal_iondrag_theory_consistent/caseA_10nm,29,318125,PLANNED_NOT_RUN
formal_iondrag_theory_consistent/caseA_10nm,30,318126,PLANNED_NOT_RUN
formal_iondrag_theory_consistent/caseA_10nm,31,318127,PLANNED_NOT_RUN
formal_iondrag_theory_consistent/caseA_30nm,0,318128,PLANNED_NOT_RUN
formal_iondrag_theory_consistent/caseA_30nm,1,318129,PLANNED_NOT_RUN
formal_iondrag_theory_consistent/caseA_30nm,2,318130,PLANNED_NOT_RUN
formal_iondrag_theory_consistent/caseA_30nm,3,318131,PLANNED_NOT_RUN
formal_iondrag_theory_consistent/caseA_30nm,4,318132,PLANNED_NOT_RUN
formal_iondrag_theory_consistent/caseA_30nm,5,318133,PLANNED_NOT_RUN
formal_iondrag_theory_consistent/caseA_30nm,6,318134,PLANNED_NOT_RUN
formal_iondrag_theory_consistent/caseA_30nm,7,318135,PLANNED_NOT_RUN
formal_iondrag_theory_consistent/caseA_30nm,8,318136,PLANNED_NOT_RUN
formal_iondrag_theory_consistent/caseA_30nm,9,318137,PLANNED_NOT_RUN
formal_iondrag_theory_consistent/caseA_30nm,10,318138,PLANNED_NOT_RUN
formal_iondrag_theory_consistent/caseA_30nm,11,318139,PLANNED_NOT_RUN
formal_iondrag_theory_consistent/caseA_30nm,12,318140,PLANNED_NOT_RUN
formal_iondrag_theory_consistent/caseA_30nm,13,318141,PLANNED_NOT_RUN
formal_iondrag_theory_consistent/caseA_30nm,14,318142,PLANNED_NOT_RUN
formal_iondrag_theory_consistent/caseA_30nm,15,318143,PLANNED_NOT_RUN
formal_iondrag_theory_consistent/caseA_30nm,16,318144,PLANNED_NOT_RUN
formal_iondrag_theory_consistent/caseA_30nm,17,318145,PLANNED_NOT_RUN
formal_iondrag_theory_consistent/caseA_30nm,18,318146,PLANNED_NOT_RUN
formal_iondrag_theory_consistent/caseA_30nm,19,318147,PLANNED_NOT_RUN
formal_iondrag_theory_consistent/caseA_30nm,20,318148,PLANNED_NOT_RUN
formal_iondrag_theory_consistent/caseA_30nm,21,318149,PLANNED_NOT_RUN
formal_iondrag_theory_consistent/caseA_30nm,22,318150,PLANNED_NOT_RUN
formal_iondrag_theory_consistent/caseA_30nm,23,318151,PLANNED_NOT_RUN
formal_iondrag_theory_consistent/caseA_30nm,24,318152,PLANNED_NOT_RUN
formal_iondrag_theory_consistent/caseA_30nm,25,318153,PLANNED_NOT_RUN
formal_iondrag_theory_consistent/caseA_30nm,26,318154,PLANNED_NOT_RUN
formal_iondrag_theory_consistent/caseA_30nm,27,318155,PLANNED_NOT_RUN
formal_iondrag_theory_consistent/caseA_30nm,28,318156,PLANNED_NOT_RUN
formal_iondrag_theory_consistent/caseA_30nm,29,318157,PLANNED_NOT_RUN
formal_iondrag_theory_consistent/caseA_30nm,30,318158,PLANNED_NOT_RUN
formal_iondrag_theory_consistent/caseA_30nm,31,318159,PLANNED_NOT_RUN
formal_iondrag_theory_consistent/caseA_100nm,0,318160,PLANNED_NOT_RUN
formal_iondrag_theory_consistent/caseA_100nm,1,318161,PLANNED_NOT_RUN
formal_iondrag_theory_consistent/caseA_100nm,2,318162,PLANNED_NOT_RUN
formal_iondrag_theory_consistent/caseA_100nm,3,318163,PLANNED_NOT_RUN
formal_iondrag_theory_consistent/caseA_100nm,4,318164,PLANNED_NOT_RUN
formal_iondrag_theory_consistent/caseA_100nm,5,318165,PLANNED_NOT_RUN
formal_iondrag_theory_consistent/caseA_100nm,6,318166,PLANNED_NOT_RUN
formal_iondrag_theory_consistent/caseA_100nm,7,318167,PLANNED_NOT_RUN
formal_iondrag_theory_consistent/caseA_100nm,8,318168,PLANNED_NOT_RUN
formal_iondrag_theory_consistent/caseA_100nm,9,318169,PLANNED_NOT_RUN
formal_iondrag_theory_consistent/caseA_100nm,10,318170,PLANNED_NOT_RUN
formal_iondrag_theory_consistent/caseA_100nm,11,318171,PLANNED_NOT_RUN
formal_iondrag_theory_consistent/caseA_100nm,12,318172,PLANNED_NOT_RUN
formal_iondrag_theory_consistent/caseA_100nm,13,318173,PLANNED_NOT_RUN
formal_iondrag_theory_consistent/caseA_100nm,14,318174,PLANNED_NOT_RUN
formal_iondrag_theory_consistent/caseA_100nm,15,318175,PLANNED_NOT_RUN
formal_iondrag_theory_consistent/caseA_100nm,16,318176,PLANNED_NOT_RUN
formal_iondrag_theory_consistent/caseA_100nm,17,318177,PLANNED_NOT_RUN
formal_iondrag_theory_consistent/caseA_100nm,18,318178,PLANNED_NOT_RUN
formal_iondrag_theory_consistent/caseA_100nm,19,318179,PLANNED_NOT_RUN
formal_iondrag_theory_consistent/caseA_100nm,20,318180,PLANNED_NOT_RUN
formal_iondrag_theory_consistent/caseA_100nm,21,318181,PLANNED_NOT_RUN
formal_iondrag_theory_consistent/caseA_100nm,22,318182,PLANNED_NOT_RUN
formal_iondrag_theory_consistent/caseA_100nm,23,318183,PLANNED_NOT_RUN
formal_iondrag_theory_consistent/caseA_100nm,24,318184,PLANNED_NOT_RUN
formal_iondrag_theory_consistent/caseA_100nm,25,318185,PLANNED_NOT_RUN
formal_iondrag_theory_consistent/caseA_100nm,26,318186,PLANNED_NOT_RUN
formal_iondrag_theory_consistent/caseA_100nm,27,318187,PLANNED_NOT_RUN
formal_iondrag_theory_consistent/caseA_100nm,28,318188,PLANNED_NOT_RUN
formal_iondrag_theory_consistent/caseA_100nm,29,318189,PLANNED_NOT_RUN
formal_iondrag_theory_consistent/caseA_100nm,30,318190,PLANNED_NOT_RUN
formal_iondrag_theory_consistent/caseA_100nm,31,318191,PLANNED_NOT_RUN
formal_iondrag_image_minimal_corrected/caseP_10nm,0,318192,PLANNED_NOT_RUN
formal_iondrag_image_minimal_corrected/caseP_10nm,1,318193,PLANNED_NOT_RUN
formal_iondrag_image_minimal_corrected/caseP_10nm,2,318194,PLANNED_NOT_RUN
formal_iondrag_image_minimal_corrected/caseP_10nm,3,318195,PLANNED_NOT_RUN
formal_iondrag_image_minimal_corrected/caseP_10nm,4,318196,PLANNED_NOT_RUN
formal_iondrag_image_minimal_corrected/caseP_10nm,5,318197,PLANNED_NOT_RUN
formal_iondrag_image_minimal_corrected/caseP_10nm,6,318198,PLANNED_NOT_RUN
formal_iondrag_image_minimal_corrected/caseP_10nm,7,318199,PLANNED_NOT_RUN
formal_iondrag_image_minimal_corrected/caseP_10nm,8,318200,PLANNED_NOT_RUN
formal_iondrag_image_minimal_corrected/caseP_10nm,9,318201,PLANNED_NOT_RUN
formal_iondrag_image_minimal_corrected/caseP_10nm,10,318202,PLANNED_NOT_RUN
formal_iondrag_image_minimal_corrected/caseP_10nm,11,318203,PLANNED_NOT_RUN
formal_iondrag_image_minimal_corrected/caseP_10nm,12,318204,PLANNED_NOT_RUN
formal_iondrag_image_minimal_corrected/caseP_10nm,13,318205,PLANNED_NOT_RUN
formal_iondrag_image_minimal_corrected/caseP_10nm,14,318206,PLANNED_NOT_RUN
formal_iondrag_image_minimal_corrected/caseP_10nm,15,318207,PLANNED_NOT_RUN
formal_iondrag_image_minimal_corrected/caseP_10nm,16,318208,PLANNED_NOT_RUN
formal_iondrag_image_minimal_corrected/caseP_10nm,17,318209,PLANNED_NOT_RUN
formal_iondrag_image_minimal_corrected/caseP_10nm,18,318210,PLANNED_NOT_RUN
formal_iondrag_image_minimal_corrected/caseP_10nm,19,318211,PLANNED_NOT_RUN
formal_iondrag_image_minimal_corrected/caseP_10nm,20,318212,PLANNED_NOT_RUN
formal_iondrag_image_minimal_corrected/caseP_10nm,21,318213,PLANNED_NOT_RUN
formal_iondrag_image_minimal_corrected/caseP_10nm,22,318214,PLANNED_NOT_RUN
formal_iondrag_image_minimal_corrected/caseP_10nm,23,318215,PLANNED_NOT_RUN
formal_iondrag_image_minimal_corrected/caseP_10nm,24,318216,PLANNED_NOT_RUN
formal_iondrag_image_minimal_corrected/caseP_10nm,25,318217,PLANNED_NOT_RUN
formal_iondrag_image_minimal_corrected/caseP_10nm,26,318218,PLANNED_NOT_RUN
formal_iondrag_image_minimal_corrected/caseP_10nm,27,318219,PLANNED_NOT_RUN
formal_iondrag_image_minimal_corrected/caseP_10nm,28,318220,PLANNED_NOT_RUN
formal_iondrag_image_minimal_corrected/caseP_10nm,29,318221,PLANNED_NOT_RUN
formal_iondrag_image_minimal_corrected/caseP_10nm,30,318222,PLANNED_NOT_RUN
formal_iondrag_image_minimal_corrected/caseP_10nm,31,318223,PLANNED_NOT_RUN
formal_iondrag_image_minimal_corrected/caseP_30nm,0,318224,PLANNED_NOT_RUN
formal_iondrag_image_minimal_corrected/caseP_30nm,1,318225,PLANNED_NOT_RUN
formal_iondrag_image_minimal_corrected/caseP_30nm,2,318226,PLANNED_NOT_RUN
formal_iondrag_image_minimal_corrected/caseP_30nm,3,318227,PLANNED_NOT_RUN
formal_iondrag_image_minimal_corrected/caseP_30nm,4,318228,PLANNED_NOT_RUN
formal_iondrag_image_minimal_corrected/caseP_30nm,5,318229,PLANNED_NOT_RUN
formal_iondrag_image_minimal_corrected/caseP_30nm,6,318230,PLANNED_NOT_RUN
formal_iondrag_image_minimal_corrected/caseP_30nm,7,318231,PLANNED_NOT_RUN
formal_iondrag_image_minimal_corrected/caseP_30nm,8,318232,PLANNED_NOT_RUN
formal_iondrag_image_minimal_corrected/caseP_30nm,9,318233,PLANNED_NOT_RUN
formal_iondrag_image_minimal_corrected/caseP_30nm,10,318234,PLANNED_NOT_RUN
formal_iondrag_image_minimal_corrected/caseP_30nm,11,318235,PLANNED_NOT_RUN
formal_iondrag_image_minimal_corrected/caseP_30nm,12,318236,PLANNED_NOT_RUN
formal_iondrag_image_minimal_corrected/caseP_30nm,13,318237,PLANNED_NOT_RUN
formal_iondrag_image_minimal_corrected/caseP_30nm,14,318238,PLANNED_NOT_RUN
formal_iondrag_image_minimal_corrected/caseP_30nm,15,318239,PLANNED_NOT_RUN
formal_iondrag_image_minimal_corrected/caseP_30nm,16,318240,PLANNED_NOT_RUN
formal_iondrag_image_minimal_corrected/caseP_30nm,17,318241,PLANNED_NOT_RUN
formal_iondrag_image_minimal_corrected/caseP_30nm,18,318242,PLANNED_NOT_RUN
formal_iondrag_image_minimal_corrected/caseP_30nm,19,318243,PLANNED_NOT_RUN
formal_iondrag_image_minimal_corrected/caseP_30nm,20,318244,PLANNED_NOT_RUN
formal_iondrag_image_minimal_corrected/caseP_30nm,21,318245,PLANNED_NOT_RUN
formal_iondrag_image_minimal_corrected/caseP_30nm,22,318246,PLANNED_NOT_RUN
formal_iondrag_image_minimal_corrected/caseP_30nm,23,318247,PLANNED_NOT_RUN
formal_iondrag_image_minimal_corrected/caseP_30nm,24,318248,PLANNED_NOT_RUN
formal_iondrag_image_minimal_corrected/caseP_30nm,25,318249,PLANNED_NOT_RUN
formal_iondrag_image_minimal_corrected/caseP_30nm,26,318250,PLANNED_NOT_RUN
formal_iondrag_image_minimal_corrected/caseP_30nm,27,318251,PLANNED_NOT_RUN
formal_iondrag_image_minimal_corrected/caseP_30nm,28,318252,PLANNED_NOT_RUN
formal_iondrag_image_minimal_corrected/caseP_30nm,29,318253,PLANNED_NOT_RUN
formal_iondrag_image_minimal_corrected/caseP_30nm,30,318254,PLANNED_NOT_RUN
formal_iondrag_image_minimal_corrected/caseP_30nm,31,318255,PLANNED_NOT_RUN
formal_iondrag_image_minimal_corrected/caseP_100nm,0,318256,PLANNED_NOT_RUN
formal_iondrag_image_minimal_corrected/caseP_100nm,1,318257,PLANNED_NOT_RUN
formal_iondrag_image_minimal_corrected/caseP_100nm,2,318258,PLANNED_NOT_RUN
formal_iondrag_image_minimal_corrected/caseP_100nm,3,318259,PLANNED_NOT_RUN
formal_iondrag_image_minimal_corrected/caseP_100nm,4,318260,PLANNED_NOT_RUN
formal_iondrag_image_minimal_corrected/caseP_100nm,5,318261,PLANNED_NOT_RUN
formal_iondrag_image_minimal_corrected/caseP_100nm,6,318262,PLANNED_NOT_RUN
formal_iondrag_image_minimal_corrected/caseP_100nm,7,318263,PLANNED_NOT_RUN
formal_iondrag_image_minimal_corrected/caseP_100nm,8,318264,PLANNED_NOT_RUN
formal_iondrag_image_minimal_corrected/caseP_100nm,9,318265,PLANNED_NOT_RUN
formal_iondrag_image_minimal_corrected/caseP_100nm,10,318266,PLANNED_NOT_RUN
formal_iondrag_image_minimal_corrected/caseP_100nm,11,318267,PLANNED_NOT_RUN
formal_iondrag_image_minimal_corrected/caseP_100nm,12,318268,PLANNED_NOT_RUN
formal_iondrag_image_minimal_corrected/caseP_100nm,13,318269,PLANNED_NOT_RUN
formal_iondrag_image_minimal_corrected/caseP_100nm,14,318270,PLANNED_NOT_RUN
formal_iondrag_image_minimal_corrected/caseP_100nm,15,318271,PLANNED_NOT_RUN
formal_iondrag_image_minimal_corrected/caseP_100nm,16,318272,PLANNED_NOT_RUN
formal_iondrag_image_minimal_corrected/caseP_100nm,17,318273,PLANNED_NOT_RUN
formal_iondrag_image_minimal_corrected/caseP_100nm,18,318274,PLANNED_NOT_RUN
formal_iondrag_image_minimal_corrected/caseP_100nm,19,318275,PLANNED_NOT_RUN
formal_iondrag_image_minimal_corrected/caseP_100nm,20,318276,PLANNED_NOT_RUN
formal_iondrag_image_minimal_corrected/caseP_100nm,21,318277,PLANNED_NOT_RUN
formal_iondrag_image_minimal_corrected/caseP_100nm,22,318278,PLANNED_NOT_RUN
formal_iondrag_image_minimal_corrected/caseP_100nm,23,318279,PLANNED_NOT_RUN
formal_iondrag_image_minimal_corrected/caseP_100nm,24,318280,PLANNED_NOT_RUN
formal_iondrag_image_minimal_corrected/caseP_100nm,25,318281,PLANNED_NOT_RUN
formal_iondrag_image_minimal_corrected/caseP_100nm,26,318282,PLANNED_NOT_RUN
formal_iondrag_image_minimal_corrected/caseP_100nm,27,318283,PLANNED_NOT_RUN
formal_iondrag_image_minimal_corrected/caseP_100nm,28,318284,PLANNED_NOT_RUN
formal_iondrag_image_minimal_corrected/caseP_100nm,29,318285,PLANNED_NOT_RUN
formal_iondrag_image_minimal_corrected/caseP_100nm,30,318286,PLANNED_NOT_RUN
formal_iondrag_image_minimal_corrected/caseP_100nm,31,318287,PLANNED_NOT_RUN
formal_iondrag_image_minimal_corrected/caseA_10nm,0,318288,PLANNED_NOT_RUN
formal_iondrag_image_minimal_corrected/caseA_10nm,1,318289,PLANNED_NOT_RUN
formal_iondrag_image_minimal_corrected/caseA_10nm,2,318290,PLANNED_NOT_RUN
formal_iondrag_image_minimal_corrected/caseA_10nm,3,318291,PLANNED_NOT_RUN
formal_iondrag_image_minimal_corrected/caseA_10nm,4,318292,PLANNED_NOT_RUN
formal_iondrag_image_minimal_corrected/caseA_10nm,5,318293,PLANNED_NOT_RUN
formal_iondrag_image_minimal_corrected/caseA_10nm,6,318294,PLANNED_NOT_RUN
formal_iondrag_image_minimal_corrected/caseA_10nm,7,318295,PLANNED_NOT_RUN
formal_iondrag_image_minimal_corrected/caseA_10nm,8,318296,PLANNED_NOT_RUN
formal_iondrag_image_minimal_corrected/caseA_10nm,9,318297,PLANNED_NOT_RUN
formal_iondrag_image_minimal_corrected/caseA_10nm,10,318298,PLANNED_NOT_RUN
formal_iondrag_image_minimal_corrected/caseA_10nm,11,318299,PLANNED_NOT_RUN
formal_iondrag_image_minimal_corrected/caseA_10nm,12,318300,PLANNED_NOT_RUN
formal_iondrag_image_minimal_corrected/caseA_10nm,13,318301,PLANNED_NOT_RUN
formal_iondrag_image_minimal_corrected/caseA_10nm,14,318302,PLANNED_NOT_RUN
formal_iondrag_image_minimal_corrected/caseA_10nm,15,318303,PLANNED_NOT_RUN
formal_iondrag_image_minimal_corrected/caseA_10nm,16,318304,PLANNED_NOT_RUN
formal_iondrag_image_minimal_corrected/caseA_10nm,17,318305,PLANNED_NOT_RUN
formal_iondrag_image_minimal_corrected/caseA_10nm,18,318306,PLANNED_NOT_RUN
formal_iondrag_image_minimal_corrected/caseA_10nm,19,318307,PLANNED_NOT_RUN
formal_iondrag_image_minimal_corrected/caseA_10nm,20,318308,PLANNED_NOT_RUN
formal_iondrag_image_minimal_corrected/caseA_10nm,21,318309,PLANNED_NOT_RUN
formal_iondrag_image_minimal_corrected/caseA_10nm,22,318310,PLANNED_NOT_RUN
formal_iondrag_image_minimal_corrected/caseA_10nm,23,318311,PLANNED_NOT_RUN
formal_iondrag_image_minimal_corrected/caseA_10nm,24,318312,PLANNED_NOT_RUN
formal_iondrag_image_minimal_corrected/caseA_10nm,25,318313,PLANNED_NOT_RUN
formal_iondrag_image_minimal_corrected/caseA_10nm,26,318314,PLANNED_NOT_RUN
formal_iondrag_image_minimal_corrected/caseA_10nm,27,318315,PLANNED_NOT_RUN
formal_iondrag_image_minimal_corrected/caseA_10nm,28,318316,PLANNED_NOT_RUN
formal_iondrag_image_minimal_corrected/caseA_10nm,29,318317,PLANNED_NOT_RUN
formal_iondrag_image_minimal_corrected/caseA_10nm,30,318318,PLANNED_NOT_RUN
formal_iondrag_image_minimal_corrected/caseA_10nm,31,318319,PLANNED_NOT_RUN
formal_iondrag_image_minimal_corrected/caseA_30nm,0,318320,PLANNED_NOT_RUN
formal_iondrag_image_minimal_corrected/caseA_30nm,1,318321,PLANNED_NOT_RUN
formal_iondrag_image_minimal_corrected/caseA_30nm,2,318322,PLANNED_NOT_RUN
formal_iondrag_image_minimal_corrected/caseA_30nm,3,318323,PLANNED_NOT_RUN
formal_iondrag_image_minimal_corrected/caseA_30nm,4,318324,PLANNED_NOT_RUN
formal_iondrag_image_minimal_corrected/caseA_30nm,5,318325,PLANNED_NOT_RUN
formal_iondrag_image_minimal_corrected/caseA_30nm,6,318326,PLANNED_NOT_RUN
formal_iondrag_image_minimal_corrected/caseA_30nm,7,318327,PLANNED_NOT_RUN
formal_iondrag_image_minimal_corrected/caseA_30nm,8,318328,PLANNED_NOT_RUN
formal_iondrag_image_minimal_corrected/caseA_30nm,9,318329,PLANNED_NOT_RUN
formal_iondrag_image_minimal_corrected/caseA_30nm,10,318330,PLANNED_NOT_RUN
formal_iondrag_image_minimal_corrected/caseA_30nm,11,318331,PLANNED_NOT_RUN
formal_iondrag_image_minimal_corrected/caseA_30nm,12,318332,PLANNED_NOT_RUN
formal_iondrag_image_minimal_corrected/caseA_30nm,13,318333,PLANNED_NOT_RUN
formal_iondrag_image_minimal_corrected/caseA_30nm,14,318334,PLANNED_NOT_RUN
formal_iondrag_image_minimal_corrected/caseA_30nm,15,318335,PLANNED_NOT_RUN
formal_iondrag_image_minimal_corrected/caseA_30nm,16,318336,PLANNED_NOT_RUN
formal_iondrag_image_minimal_corrected/caseA_30nm,17,318337,PLANNED_NOT_RUN
formal_iondrag_image_minimal_corrected/caseA_30nm,18,318338,PLANNED_NOT_RUN
formal_iondrag_image_minimal_corrected/caseA_30nm,19,318339,PLANNED_NOT_RUN
formal_iondrag_image_minimal_corrected/caseA_30nm,20,318340,PLANNED_NOT_RUN
formal_iondrag_image_minimal_corrected/caseA_30nm,21,318341,PLANNED_NOT_RUN
formal_iondrag_image_minimal_corrected/caseA_30nm,22,318342,PLANNED_NOT_RUN
formal_iondrag_image_minimal_corrected/caseA_30nm,23,318343,PLANNED_NOT_RUN
formal_iondrag_image_minimal_corrected/caseA_30nm,24,318344,PLANNED_NOT_RUN
formal_iondrag_image_minimal_corrected/caseA_30nm,25,318345,PLANNED_NOT_RUN
formal_iondrag_image_minimal_corrected/caseA_30nm,26,318346,PLANNED_NOT_RUN
formal_iondrag_image_minimal_corrected/caseA_30nm,27,318347,PLANNED_NOT_RUN
formal_iondrag_image_minimal_corrected/caseA_30nm,28,318348,PLANNED_NOT_RUN
formal_iondrag_image_minimal_corrected/caseA_30nm,29,318349,PLANNED_NOT_RUN
formal_iondrag_image_minimal_corrected/caseA_30nm,30,318350,PLANNED_NOT_RUN
formal_iondrag_image_minimal_corrected/caseA_30nm,31,318351,PLANNED_NOT_RUN
formal_iondrag_image_minimal_corrected/caseA_100nm,0,318352,PLANNED_NOT_RUN
formal_iondrag_image_minimal_corrected/caseA_100nm,1,318353,PLANNED_NOT_RUN
formal_iondrag_image_minimal_corrected/caseA_100nm,2,318354,PLANNED_NOT_RUN
formal_iondrag_image_minimal_corrected/caseA_100nm,3,318355,PLANNED_NOT_RUN
formal_iondrag_image_minimal_corrected/caseA_100nm,4,318356,PLANNED_NOT_RUN
formal_iondrag_image_minimal_corrected/caseA_100nm,5,318357,PLANNED_NOT_RUN
formal_iondrag_image_minimal_corrected/caseA_100nm,6,318358,PLANNED_NOT_RUN
formal_iondrag_image_minimal_corrected/caseA_100nm,7,318359,PLANNED_NOT_RUN
formal_iondrag_image_minimal_corrected/caseA_100nm,8,318360,PLANNED_NOT_RUN
formal_iondrag_image_minimal_corrected/caseA_100nm,9,318361,PLANNED_NOT_RUN
formal_iondrag_image_minimal_corrected/caseA_100nm,10,318362,PLANNED_NOT_RUN
formal_iondrag_image_minimal_corrected/caseA_100nm,11,318363,PLANNED_NOT_RUN
formal_iondrag_image_minimal_corrected/caseA_100nm,12,318364,PLANNED_NOT_RUN
formal_iondrag_image_minimal_corrected/caseA_100nm,13,318365,PLANNED_NOT_RUN
formal_iondrag_image_minimal_corrected/caseA_100nm,14,318366,PLANNED_NOT_RUN
formal_iondrag_image_minimal_corrected/caseA_100nm,15,318367,PLANNED_NOT_RUN
formal_iondrag_image_minimal_corrected/caseA_100nm,16,318368,PLANNED_NOT_RUN
formal_iondrag_image_minimal_corrected/caseA_100nm,17,318369,PLANNED_NOT_RUN
formal_iondrag_image_minimal_corrected/caseA_100nm,18,318370,PLANNED_NOT_RUN
formal_iondrag_image_minimal_corrected/caseA_100nm,19,318371,PLANNED_NOT_RUN
formal_iondrag_image_minimal_corrected/caseA_100nm,20,318372,PLANNED_NOT_RUN
formal_iondrag_image_minimal_corrected/caseA_100nm,21,318373,PLANNED_NOT_RUN
formal_iondrag_image_minimal_corrected/caseA_100nm,22,318374,PLANNED_NOT_RUN
formal_iondrag_image_minimal_corrected/caseA_100nm,23,318375,PLANNED_NOT_RUN
formal_iondrag_image_minimal_corrected/caseA_100nm,24,318376,PLANNED_NOT_RUN
formal_iondrag_image_minimal_corrected/caseA_100nm,25,318377,PLANNED_NOT_RUN
formal_iondrag_image_minimal_corrected/caseA_100nm,26,318378,PLANNED_NOT_RUN
formal_iondrag_image_minimal_corrected/caseA_100nm,27,318379,PLANNED_NOT_RUN
formal_iondrag_image_minimal_corrected/caseA_100nm,28,318380,PLANNED_NOT_RUN
formal_iondrag_image_minimal_corrected/caseA_100nm,29,318381,PLANNED_NOT_RUN
formal_iondrag_image_minimal_corrected/caseA_100nm,30,318382,PLANNED_NOT_RUN
formal_iondrag_image_minimal_corrected/caseA_100nm,31,318383,PLANNED_NOT_RUN
