case,setting,theory_value,image_value,classification
caseP_10nm,particle_output_column_dictionary.csv:free_molecular_lift_force_magnitude_N/expression,"sqrt((C_lift_fm*pi*root.comp1.rho_g_d*root.comp1.lambda_g_d*(d0/2)^2*(root.comp1.w-fpt.vz)*nojac(d(root.comp1.u,z)-d(root.comp1.w,r)))^2+(0[N])^2+(-C_lift_fm*pi*root.comp1.rho_g_d*root.comp1.lambda_g_d*(d0/2)^2*(root.comp1.u-fpt.vr)*nojac(d(root.comp1.u,z)-d(root.comp1.w,r)))^2)",sqrt((C_lift_fm*pi*root.comp1.rho_g_d*root.comp1.lambda_g_d*(d0/2)^2*(root.comp1.w-fpt.vz)*(nojac(root.comp1.spf.vorticityphi)))^2+(0[N])^2+(-C_lift_fm*pi*root.comp1.rho_g_d*root.comp1.lambda_g_d*(d0/2)^2*(root.comp1.u-fpt.vr)*(nojac(root.comp1.spf.vorticityphi)))^2),CONFOUNDER
caseP_10nm,particle_output_column_dictionary.csv:free_molecular_lift_force_r_N/expression,"C_lift_fm*pi*root.comp1.rho_g_d*root.comp1.lambda_g_d*(d0/2)^2*(root.comp1.w-fpt.vz)*nojac(d(root.comp1.u,z)-d(root.comp1.w,r))",C_lift_fm*pi*root.comp1.rho_g_d*root.comp1.lambda_g_d*(d0/2)^2*(root.comp1.w-fpt.vz)*(nojac(root.comp1.spf.vorticityphi)),CONFOUNDER
caseP_10nm,particle_output_column_dictionary.csv:free_molecular_lift_force_z_N/expression,"-C_lift_fm*pi*root.comp1.rho_g_d*root.comp1.lambda_g_d*(d0/2)^2*(root.comp1.u-fpt.vr)*nojac(d(root.comp1.u,z)-d(root.comp1.w,r))",-C_lift_fm*pi*root.comp1.rho_g_d*root.comp1.lambda_g_d*(d0/2)^2*(root.comp1.u-fpt.vr)*(nojac(root.comp1.spf.vorticityphi)),CONFOUNDER
caseP_10nm,particle_physics_feature_settings.csv:fpt/idf/[3]/F,"[((iondrag_scale_P*(pi*min((max(d0/2,min(root.comp1.lambdaD_d,root.comp1.lambda_in_d)))^2,(d0/2)^2*max(0,1-2*e_const*(ZP*root.comp1.phi1_d)/(root.comp1.mi_d*(((root.comp1.uir_d-fpt.vr)^2+(root.comp1.uiz_d-fpt.vz)^2)+(8*e_const*root.comp1.TiV_d/(pi*root.comp1.mi_d))+u_eps^2))))+4*pi*((sqrt(ZP^2+1e-20)*e_const^2/(4*pi*epsilon0_const*root.comp1.mi_d*(((root.comp1.uir_d-fpt.vr)^2+(root.comp1.uiz_d-fpt.vz)^2)+(8*e_const*root.comp1.TiV_d/(pi*root.comp1.mi_d))+u_eps^2))))^2*(max(0,0.5*log(((max(d0/2,min(root.comp1.lambdaD_d,root.comp1.lambda_in_d)))^2+((sqrt(ZP^2+1e-20)*e_const^2/(4*pi*epsilon0_const*root.comp1.mi_d*(((root.comp1.uir_d-fpt.vr)^2+(root.comp1.uiz_d-fpt.vz)^2)+(8*e_const*root.comp1.TiV_d/(pi*root.comp1.mi_d))+u_eps^2))))^2)/(min((max(d0/2,min(root.comp1.lambdaD_d,root.comp1.lambda_in_d)))^2,(d0/2)^2*max(0,1-2*e_const*(ZP*root.comp1.phi1_d)/(root.comp1.mi_d*(((root.comp1.uir_d-fpt.vr)^2+(root.comp1.uiz_d-fpt.vz)^2)+(8*e_const*root.comp1.TiV_d/(pi*root.comp1.mi_d))+u_eps^2))))+((sqrt(ZP^2+1e-20)*e_const^2/(4*pi*epsilon0_const*root.comp1.mi_d*(((root.comp1.uir_d-fpt.vr)^2+(root.comp1.uiz_d-fpt.vz)^2)+(8*e_const*root.comp1.TiV_d/(pi*root.comp1.mi_d))+u_eps^2))))^2)))))*root.comp1.ni_d*root.comp1.mi_d*sqrt((((root.comp1.uir_d-fpt.vr)^2+(root.comp1.uiz_d-fpt.vz)^2)+(8*e_const*root.comp1.TiV_d/(pi*root.comp1.mi_d))+u_eps^2)))*(root.comp1.uir_d-fpt.vr)),0[N],((iondrag_scale_P*(pi*min((max(d0/2,min(root.comp1.lambdaD_d,root.comp1.lambda_in_d)))^2,(d0/2)^2*max(0,1-2*e_const*(ZP*root.comp1.phi1_d)/(root.comp1.mi_d*(((root.comp1.uir_d-fpt.vr)^2+(root.comp1.uiz_d-fpt.vz)^2)+(8*e_const*root.comp1.TiV_d/(pi*root.comp1.mi_d))+u_eps^2))))+4*pi*((sqrt(ZP^2+1e-20)*e_const^2/(4*pi*epsilon0_const*root.comp1.mi_d*(((root.comp1.uir_d-fpt.vr)^2+(root.comp1.uiz_d-fpt.vz)^2)+(8*e_const*root.comp1.TiV_d/(pi*root.comp1.mi_d))+u_eps^2))))^2*(max(0,0.5*log(((max(d0/2,min(root.comp1.lambdaD_d,root.comp1.lambda_in_d)))^2+((sqrt(ZP^2+1e-20)*e_const^2/(4*pi*epsilon0_const*root.comp1.mi_d*(((root.comp1.uir_d-fpt.vr)^2+(root.comp1.uiz_d-fpt.vz)^2)+(8*e_const*root.comp1.TiV_d/(pi*root.comp1.mi_d))+u_eps^2))))^2)/(min((max(d0/2,min(root.comp1.lambdaD_d,root.comp1.lambda_in_d)))^2,(d0/2)^2*max(0,1-2*e_const*(ZP*root.comp1.phi1_d)/(root.comp1.mi_d*(((root.comp1.uir_d-fpt.vr)^2+(root.comp1.uiz_d-fpt.vz)^2)+(8*e_const*root.comp1.TiV_d/(pi*root.comp1.mi_d))+u_eps^2))))+((sqrt(ZP^2+1e-20)*e_const^2/(4*pi*epsilon0_const*root.comp1.mi_d*(((root.comp1.uir_d-fpt.vr)^2+(root.comp1.uiz_d-fpt.vz)^2)+(8*e_const*root.comp1.TiV_d/(pi*root.comp1.mi_d))+u_eps^2))))^2)))))*root.comp1.ni_d*root.comp1.mi_d*sqrt((((root.comp1.uir_d-fpt.vr)^2+(root.comp1.uiz_d-fpt.vz)^2)+(8*e_const*root.comp1.TiV_d/(pi*root.comp1.mi_d))+u_eps^2)))*(root.comp1.uiz_d-fpt.vz))]","[((iondrag_scale_P*root.comp1.mi_d*root.comp1.ni_d*sqrt(((root.comp1.uir_d^2+root.comp1.uiz_d^2+u_eps^2)+8*e_const*root.comp1.TiV_d/(pi*root.comp1.mi_d)))*sqrt((root.comp1.uir_d^2+root.comp1.uiz_d^2+u_eps^2))*((pi*(d0/2)^2*max(0,1-(ZP*root.comp1.phi1_d)/root.comp1.TiV_d))+(pi*((e_const^2*ZP/(2*pi*epsilon0_const*root.comp1.mi_d*((root.comp1.uir_d^2+root.comp1.uiz_d^2+u_eps^2)+8*e_const*root.comp1.TiV_d/(pi*root.comp1.mi_d)))))^2*log(max(1+1e-12,root.comp1.lambdaD_image_P/(d0/2))))))*root.comp1.Er_P/sqrt(root.comp1.Er_P^2+root.comp1.Ez_P^2+E2floor)),0[N],((iondrag_scale_P*root.comp1.mi_d*root.comp1.ni_d*sqrt(((root.comp1.uir_d^2+root.comp1.uiz_d^2+u_eps^2)+8*e_const*root.comp1.TiV_d/(pi*root.comp1.mi_d)))*sqrt((root.comp1.uir_d^2+root.comp1.uiz_d^2+u_eps^2))*((pi*(d0/2)^2*max(0,1-(ZP*root.comp1.phi1_d)/root.comp1.TiV_d))+(pi*((e_const^2*ZP/(2*pi*epsilon0_const*root.comp1.mi_d*((root.comp1.uir_d^2+root.comp1.uiz_d^2+u_eps^2)+8*e_const*root.comp1.TiV_d/(pi*root.comp1.mi_d)))))^2*log(max(1+1e-12,root.comp1.lambdaD_image_P/(d0/2))))))*root.comp1.Ez_P/sqrt(root.comp1.Er_P^2+root.comp1.Ez_P^2+E2floor))]",ION_DRAG_ALLOWED
caseP_10nm,particle_physics_feature_settings.csv:fpt/liftfm/[3]/F,"[C_lift_fm*pi*root.comp1.rho_g_d*root.comp1.lambda_g_d*(d0/2)^2*(root.comp1.w-fpt.vz)*nojac(d(root.comp1.u,z)-d(root.comp1.w,r)),0[N],-C_lift_fm*pi*root.comp1.rho_g_d*root.comp1.lambda_g_d*(d0/2)^2*(root.comp1.u-fpt.vr)*nojac(d(root.comp1.u,z)-d(root.comp1.w,r))]","[C_lift_fm*pi*root.comp1.rho_g_d*root.comp1.lambda_g_d*(d0/2)^2*(root.comp1.w-fpt.vz)*(nojac(root.comp1.spf.vorticityphi)),0[N],-C_lift_fm*pi*root.comp1.rho_g_d*root.comp1.lambda_g_d*(d0/2)^2*(root.comp1.u-fpt.vr)*(nojac(root.comp1.spf.vorticityphi))]",CONFOUNDER
caseP_10nm,input_fields/background_fields_mesh_points.csv,900b7a104444aba7f111f4ef82704596a3e6f9c93a91814e26aa7c9309b63364,10dcae0957bf784a7ee777ec54c54b15769087a563dfb093bb3522b999dcfa1c,CONFOUNDER
caseP_30nm,particle_output_column_dictionary.csv:free_molecular_lift_force_magnitude_N/expression,"sqrt((C_lift_fm*pi*root.comp1.rho_g_d*root.comp1.lambda_g_d*(d0/2)^2*(root.comp1.w-fpt.vz)*nojac(d(root.comp1.u,z)-d(root.comp1.w,r)))^2+(0[N])^2+(-C_lift_fm*pi*root.comp1.rho_g_d*root.comp1.lambda_g_d*(d0/2)^2*(root.comp1.u-fpt.vr)*nojac(d(root.comp1.u,z)-d(root.comp1.w,r)))^2)",sqrt((C_lift_fm*pi*root.comp1.rho_g_d*root.comp1.lambda_g_d*(d0/2)^2*(root.comp1.w-fpt.vz)*(nojac(root.comp1.spf.vorticityphi)))^2+(0[N])^2+(-C_lift_fm*pi*root.comp1.rho_g_d*root.comp1.lambda_g_d*(d0/2)^2*(root.comp1.u-fpt.vr)*(nojac(root.comp1.spf.vorticityphi)))^2),CONFOUNDER
caseP_30nm,particle_output_column_dictionary.csv:free_molecular_lift_force_r_N/expression,"C_lift_fm*pi*root.comp1.rho_g_d*root.comp1.lambda_g_d*(d0/2)^2*(root.comp1.w-fpt.vz)*nojac(d(root.comp1.u,z)-d(root.comp1.w,r))",C_lift_fm*pi*root.comp1.rho_g_d*root.comp1.lambda_g_d*(d0/2)^2*(root.comp1.w-fpt.vz)*(nojac(root.comp1.spf.vorticityphi)),CONFOUNDER
caseP_30nm,particle_output_column_dictionary.csv:free_molecular_lift_force_z_N/expression,"-C_lift_fm*pi*root.comp1.rho_g_d*root.comp1.lambda_g_d*(d0/2)^2*(root.comp1.u-fpt.vr)*nojac(d(root.comp1.u,z)-d(root.comp1.w,r))",-C_lift_fm*pi*root.comp1.rho_g_d*root.comp1.lambda_g_d*(d0/2)^2*(root.comp1.u-fpt.vr)*(nojac(root.comp1.spf.vorticityphi)),CONFOUNDER
caseP_30nm,particle_physics_feature_settings.csv:fpt/idf/[3]/F,"[((iondrag_scale_P*(pi*min((max(d0/2,min(root.comp1.lambdaD_d,root.comp1.lambda_in_d)))^2,(d0/2)^2*max(0,1-2*e_const*(ZP*root.comp1.phi1_d)/(root.comp1.mi_d*(((root.comp1.uir_d-fpt.vr)^2+(root.comp1.uiz_d-fpt.vz)^2)+(8*e_const*root.comp1.TiV_d/(pi*root.comp1.mi_d))+u_eps^2))))+4*pi*((sqrt(ZP^2+1e-20)*e_const^2/(4*pi*epsilon0_const*root.comp1.mi_d*(((root.comp1.uir_d-fpt.vr)^2+(root.comp1.uiz_d-fpt.vz)^2)+(8*e_const*root.comp1.TiV_d/(pi*root.comp1.mi_d))+u_eps^2))))^2*(max(0,0.5*log(((max(d0/2,min(root.comp1.lambdaD_d,root.comp1.lambda_in_d)))^2+((sqrt(ZP^2+1e-20)*e_const^2/(4*pi*epsilon0_const*root.comp1.mi_d*(((root.comp1.uir_d-fpt.vr)^2+(root.comp1.uiz_d-fpt.vz)^2)+(8*e_const*root.comp1.TiV_d/(pi*root.comp1.mi_d))+u_eps^2))))^2)/(min((max(d0/2,min(root.comp1.lambdaD_d,root.comp1.lambda_in_d)))^2,(d0/2)^2*max(0,1-2*e_const*(ZP*root.comp1.phi1_d)/(root.comp1.mi_d*(((root.comp1.uir_d-fpt.vr)^2+(root.comp1.uiz_d-fpt.vz)^2)+(8*e_const*root.comp1.TiV_d/(pi*root.comp1.mi_d))+u_eps^2))))+((sqrt(ZP^2+1e-20)*e_const^2/(4*pi*epsilon0_const*root.comp1.mi_d*(((root.comp1.uir_d-fpt.vr)^2+(root.comp1.uiz_d-fpt.vz)^2)+(8*e_const*root.comp1.TiV_d/(pi*root.comp1.mi_d))+u_eps^2))))^2)))))*root.comp1.ni_d*root.comp1.mi_d*sqrt((((root.comp1.uir_d-fpt.vr)^2+(root.comp1.uiz_d-fpt.vz)^2)+(8*e_const*root.comp1.TiV_d/(pi*root.comp1.mi_d))+u_eps^2)))*(root.comp1.uir_d-fpt.vr)),0[N],((iondrag_scale_P*(pi*min((max(d0/2,min(root.comp1.lambdaD_d,root.comp1.lambda_in_d)))^2,(d0/2)^2*max(0,1-2*e_const*(ZP*root.comp1.phi1_d)/(root.comp1.mi_d*(((root.comp1.uir_d-fpt.vr)^2+(root.comp1.uiz_d-fpt.vz)^2)+(8*e_const*root.comp1.TiV_d/(pi*root.comp1.mi_d))+u_eps^2))))+4*pi*((sqrt(ZP^2+1e-20)*e_const^2/(4*pi*epsilon0_const*root.comp1.mi_d*(((root.comp1.uir_d-fpt.vr)^2+(root.comp1.uiz_d-fpt.vz)^2)+(8*e_const*root.comp1.TiV_d/(pi*root.comp1.mi_d))+u_eps^2))))^2*(max(0,0.5*log(((max(d0/2,min(root.comp1.lambdaD_d,root.comp1.lambda_in_d)))^2+((sqrt(ZP^2+1e-20)*e_const^2/(4*pi*epsilon0_const*root.comp1.mi_d*(((root.comp1.uir_d-fpt.vr)^2+(root.comp1.uiz_d-fpt.vz)^2)+(8*e_const*root.comp1.TiV_d/(pi*root.comp1.mi_d))+u_eps^2))))^2)/(min((max(d0/2,min(root.comp1.lambdaD_d,root.comp1.lambda_in_d)))^2,(d0/2)^2*max(0,1-2*e_const*(ZP*root.comp1.phi1_d)/(root.comp1.mi_d*(((root.comp1.uir_d-fpt.vr)^2+(root.comp1.uiz_d-fpt.vz)^2)+(8*e_const*root.comp1.TiV_d/(pi*root.comp1.mi_d))+u_eps^2))))+((sqrt(ZP^2+1e-20)*e_const^2/(4*pi*epsilon0_const*root.comp1.mi_d*(((root.comp1.uir_d-fpt.vr)^2+(root.comp1.uiz_d-fpt.vz)^2)+(8*e_const*root.comp1.TiV_d/(pi*root.comp1.mi_d))+u_eps^2))))^2)))))*root.comp1.ni_d*root.comp1.mi_d*sqrt((((root.comp1.uir_d-fpt.vr)^2+(root.comp1.uiz_d-fpt.vz)^2)+(8*e_const*root.comp1.TiV_d/(pi*root.comp1.mi_d))+u_eps^2)))*(root.comp1.uiz_d-fpt.vz))]","[((iondrag_scale_P*root.comp1.mi_d*root.comp1.ni_d*sqrt(((root.comp1.uir_d^2+root.comp1.uiz_d^2+u_eps^2)+8*e_const*root.comp1.TiV_d/(pi*root.comp1.mi_d)))*sqrt((root.comp1.uir_d^2+root.comp1.uiz_d^2+u_eps^2))*((pi*(d0/2)^2*max(0,1-(ZP*root.comp1.phi1_d)/root.comp1.TiV_d))+(pi*((e_const^2*ZP/(2*pi*epsilon0_const*root.comp1.mi_d*((root.comp1.uir_d^2+root.comp1.uiz_d^2+u_eps^2)+8*e_const*root.comp1.TiV_d/(pi*root.comp1.mi_d)))))^2*log(max(1+1e-12,root.comp1.lambdaD_image_P/(d0/2))))))*root.comp1.Er_P/sqrt(root.comp1.Er_P^2+root.comp1.Ez_P^2+E2floor)),0[N],((iondrag_scale_P*root.comp1.mi_d*root.comp1.ni_d*sqrt(((root.comp1.uir_d^2+root.comp1.uiz_d^2+u_eps^2)+8*e_const*root.comp1.TiV_d/(pi*root.comp1.mi_d)))*sqrt((root.comp1.uir_d^2+root.comp1.uiz_d^2+u_eps^2))*((pi*(d0/2)^2*max(0,1-(ZP*root.comp1.phi1_d)/root.comp1.TiV_d))+(pi*((e_const^2*ZP/(2*pi*epsilon0_const*root.comp1.mi_d*((root.comp1.uir_d^2+root.comp1.uiz_d^2+u_eps^2)+8*e_const*root.comp1.TiV_d/(pi*root.comp1.mi_d)))))^2*log(max(1+1e-12,root.comp1.lambdaD_image_P/(d0/2))))))*root.comp1.Ez_P/sqrt(root.comp1.Er_P^2+root.comp1.Ez_P^2+E2floor))]",ION_DRAG_ALLOWED
caseP_30nm,particle_physics_feature_settings.csv:fpt/liftfm/[3]/F,"[C_lift_fm*pi*root.comp1.rho_g_d*root.comp1.lambda_g_d*(d0/2)^2*(root.comp1.w-fpt.vz)*nojac(d(root.comp1.u,z)-d(root.comp1.w,r)),0[N],-C_lift_fm*pi*root.comp1.rho_g_d*root.comp1.lambda_g_d*(d0/2)^2*(root.comp1.u-fpt.vr)*nojac(d(root.comp1.u,z)-d(root.comp1.w,r))]","[C_lift_fm*pi*root.comp1.rho_g_d*root.comp1.lambda_g_d*(d0/2)^2*(root.comp1.w-fpt.vz)*(nojac(root.comp1.spf.vorticityphi)),0[N],-C_lift_fm*pi*root.comp1.rho_g_d*root.comp1.lambda_g_d*(d0/2)^2*(root.comp1.u-fpt.vr)*(nojac(root.comp1.spf.vorticityphi))]",CONFOUNDER
caseP_30nm,input_fields/background_fields_mesh_points.csv,939c2f41527c63156002749a6cf73eba5f3516eed449d35f3319e9315f946ea2,f7ce56d923dbe16e3138669c9785f13bb6a827a8208aeed7a9d01e8a79358b41,CONFOUNDER
caseP_100nm,particle_output_column_dictionary.csv:free_molecular_lift_force_magnitude_N/expression,"sqrt((C_lift_fm*pi*root.comp1.rho_g_d*root.comp1.lambda_g_d*(d0/2)^2*(root.comp1.w-fpt.vz)*nojac(d(root.comp1.u,z)-d(root.comp1.w,r)))^2+(0[N])^2+(-C_lift_fm*pi*root.comp1.rho_g_d*root.comp1.lambda_g_d*(d0/2)^2*(root.comp1.u-fpt.vr)*nojac(d(root.comp1.u,z)-d(root.comp1.w,r)))^2)",sqrt((C_lift_fm*pi*root.comp1.rho_g_d*root.comp1.lambda_g_d*(d0/2)^2*(root.comp1.w-fpt.vz)*(nojac(root.comp1.spf.vorticityphi)))^2+(0[N])^2+(-C_lift_fm*pi*root.comp1.rho_g_d*root.comp1.lambda_g_d*(d0/2)^2*(root.comp1.u-fpt.vr)*(nojac(root.comp1.spf.vorticityphi)))^2),CONFOUNDER
caseP_100nm,particle_output_column_dictionary.csv:free_molecular_lift_force_r_N/expression,"C_lift_fm*pi*root.comp1.rho_g_d*root.comp1.lambda_g_d*(d0/2)^2*(root.comp1.w-fpt.vz)*nojac(d(root.comp1.u,z)-d(root.comp1.w,r))",C_lift_fm*pi*root.comp1.rho_g_d*root.comp1.lambda_g_d*(d0/2)^2*(root.comp1.w-fpt.vz)*(nojac(root.comp1.spf.vorticityphi)),CONFOUNDER
caseP_100nm,particle_output_column_dictionary.csv:free_molecular_lift_force_z_N/expression,"-C_lift_fm*pi*root.comp1.rho_g_d*root.comp1.lambda_g_d*(d0/2)^2*(root.comp1.u-fpt.vr)*nojac(d(root.comp1.u,z)-d(root.comp1.w,r))",-C_lift_fm*pi*root.comp1.rho_g_d*root.comp1.lambda_g_d*(d0/2)^2*(root.comp1.u-fpt.vr)*(nojac(root.comp1.spf.vorticityphi)),CONFOUNDER
caseP_100nm,particle_physics_feature_settings.csv:fpt/idf/[3]/F,"[((iondrag_scale_P*(pi*min((max(d0/2,min(root.comp1.lambdaD_d,root.comp1.lambda_in_d)))^2,(d0/2)^2*max(0,1-2*e_const*(ZP*root.comp1.phi1_d)/(root.comp1.mi_d*(((root.comp1.uir_d-fpt.vr)^2+(root.comp1.uiz_d-fpt.vz)^2)+(8*e_const*root.comp1.TiV_d/(pi*root.comp1.mi_d))+u_eps^2))))+4*pi*((sqrt(ZP^2+1e-20)*e_const^2/(4*pi*epsilon0_const*root.comp1.mi_d*(((root.comp1.uir_d-fpt.vr)^2+(root.comp1.uiz_d-fpt.vz)^2)+(8*e_const*root.comp1.TiV_d/(pi*root.comp1.mi_d))+u_eps^2))))^2*(max(0,0.5*log(((max(d0/2,min(root.comp1.lambdaD_d,root.comp1.lambda_in_d)))^2+((sqrt(ZP^2+1e-20)*e_const^2/(4*pi*epsilon0_const*root.comp1.mi_d*(((root.comp1.uir_d-fpt.vr)^2+(root.comp1.uiz_d-fpt.vz)^2)+(8*e_const*root.comp1.TiV_d/(pi*root.comp1.mi_d))+u_eps^2))))^2)/(min((max(d0/2,min(root.comp1.lambdaD_d,root.comp1.lambda_in_d)))^2,(d0/2)^2*max(0,1-2*e_const*(ZP*root.comp1.phi1_d)/(root.comp1.mi_d*(((root.comp1.uir_d-fpt.vr)^2+(root.comp1.uiz_d-fpt.vz)^2)+(8*e_const*root.comp1.TiV_d/(pi*root.comp1.mi_d))+u_eps^2))))+((sqrt(ZP^2+1e-20)*e_const^2/(4*pi*epsilon0_const*root.comp1.mi_d*(((root.comp1.uir_d-fpt.vr)^2+(root.comp1.uiz_d-fpt.vz)^2)+(8*e_const*root.comp1.TiV_d/(pi*root.comp1.mi_d))+u_eps^2))))^2)))))*root.comp1.ni_d*root.comp1.mi_d*sqrt((((root.comp1.uir_d-fpt.vr)^2+(root.comp1.uiz_d-fpt.vz)^2)+(8*e_const*root.comp1.TiV_d/(pi*root.comp1.mi_d))+u_eps^2)))*(root.comp1.uir_d-fpt.vr)),0[N],((iondrag_scale_P*(pi*min((max(d0/2,min(root.comp1.lambdaD_d,root.comp1.lambda_in_d)))^2,(d0/2)^2*max(0,1-2*e_const*(ZP*root.comp1.phi1_d)/(root.comp1.mi_d*(((root.comp1.uir_d-fpt.vr)^2+(root.comp1.uiz_d-fpt.vz)^2)+(8*e_const*root.comp1.TiV_d/(pi*root.comp1.mi_d))+u_eps^2))))+4*pi*((sqrt(ZP^2+1e-20)*e_const^2/(4*pi*epsilon0_const*root.comp1.mi_d*(((root.comp1.uir_d-fpt.vr)^2+(root.comp1.uiz_d-fpt.vz)^2)+(8*e_const*root.comp1.TiV_d/(pi*root.comp1.mi_d))+u_eps^2))))^2*(max(0,0.5*log(((max(d0/2,min(root.comp1.lambdaD_d,root.comp1.lambda_in_d)))^2+((sqrt(ZP^2+1e-20)*e_const^2/(4*pi*epsilon0_const*root.comp1.mi_d*(((root.comp1.uir_d-fpt.vr)^2+(root.comp1.uiz_d-fpt.vz)^2)+(8*e_const*root.comp1.TiV_d/(pi*root.comp1.mi_d))+u_eps^2))))^2)/(min((max(d0/2,min(root.comp1.lambdaD_d,root.comp1.lambda_in_d)))^2,(d0/2)^2*max(0,1-2*e_const*(ZP*root.comp1.phi1_d)/(root.comp1.mi_d*(((root.comp1.uir_d-fpt.vr)^2+(root.comp1.uiz_d-fpt.vz)^2)+(8*e_const*root.comp1.TiV_d/(pi*root.comp1.mi_d))+u_eps^2))))+((sqrt(ZP^2+1e-20)*e_const^2/(4*pi*epsilon0_const*root.comp1.mi_d*(((root.comp1.uir_d-fpt.vr)^2+(root.comp1.uiz_d-fpt.vz)^2)+(8*e_const*root.comp1.TiV_d/(pi*root.comp1.mi_d))+u_eps^2))))^2)))))*root.comp1.ni_d*root.comp1.mi_d*sqrt((((root.comp1.uir_d-fpt.vr)^2+(root.comp1.uiz_d-fpt.vz)^2)+(8*e_const*root.comp1.TiV_d/(pi*root.comp1.mi_d))+u_eps^2)))*(root.comp1.uiz_d-fpt.vz))]","[((iondrag_scale_P*root.comp1.mi_d*root.comp1.ni_d*sqrt(((root.comp1.uir_d^2+root.comp1.uiz_d^2+u_eps^2)+8*e_const*root.comp1.TiV_d/(pi*root.comp1.mi_d)))*sqrt((root.comp1.uir_d^2+root.comp1.uiz_d^2+u_eps^2))*((pi*(d0/2)^2*max(0,1-(ZP*root.comp1.phi1_d)/root.comp1.TiV_d))+(pi*((e_const^2*ZP/(2*pi*epsilon0_const*root.comp1.mi_d*((root.comp1.uir_d^2+root.comp1.uiz_d^2+u_eps^2)+8*e_const*root.comp1.TiV_d/(pi*root.comp1.mi_d)))))^2*log(max(1+1e-12,root.comp1.lambdaD_image_P/(d0/2))))))*root.comp1.Er_P/sqrt(root.comp1.Er_P^2+root.comp1.Ez_P^2+E2floor)),0[N],((iondrag_scale_P*root.comp1.mi_d*root.comp1.ni_d*sqrt(((root.comp1.uir_d^2+root.comp1.uiz_d^2+u_eps^2)+8*e_const*root.comp1.TiV_d/(pi*root.comp1.mi_d)))*sqrt((root.comp1.uir_d^2+root.comp1.uiz_d^2+u_eps^2))*((pi*(d0/2)^2*max(0,1-(ZP*root.comp1.phi1_d)/root.comp1.TiV_d))+(pi*((e_const^2*ZP/(2*pi*epsilon0_const*root.comp1.mi_d*((root.comp1.uir_d^2+root.comp1.uiz_d^2+u_eps^2)+8*e_const*root.comp1.TiV_d/(pi*root.comp1.mi_d)))))^2*log(max(1+1e-12,root.comp1.lambdaD_image_P/(d0/2))))))*root.comp1.Ez_P/sqrt(root.comp1.Er_P^2+root.comp1.Ez_P^2+E2floor))]",ION_DRAG_ALLOWED
caseP_100nm,particle_physics_feature_settings.csv:fpt/liftfm/[3]/F,"[C_lift_fm*pi*root.comp1.rho_g_d*root.comp1.lambda_g_d*(d0/2)^2*(root.comp1.w-fpt.vz)*nojac(d(root.comp1.u,z)-d(root.comp1.w,r)),0[N],-C_lift_fm*pi*root.comp1.rho_g_d*root.comp1.lambda_g_d*(d0/2)^2*(root.comp1.u-fpt.vr)*nojac(d(root.comp1.u,z)-d(root.comp1.w,r))]","[C_lift_fm*pi*root.comp1.rho_g_d*root.comp1.lambda_g_d*(d0/2)^2*(root.comp1.w-fpt.vz)*(nojac(root.comp1.spf.vorticityphi)),0[N],-C_lift_fm*pi*root.comp1.rho_g_d*root.comp1.lambda_g_d*(d0/2)^2*(root.comp1.u-fpt.vr)*(nojac(root.comp1.spf.vorticityphi))]",CONFOUNDER
caseP_100nm,input_fields/background_fields_mesh_points.csv,eea61902961b24a330e3e6e2cc6afc70b2de30fccea4026df455ff5b12f920d8,4709439a91cdafd93c4ad4b3eaa7cabeca4351235611a14c09061930854e864f,CONFOUNDER
caseA_10nm,particle_physics_feature_settings.csv:fptas/idf/[3]/F,"[((AS_iondrag_scale*(pi*min((max(d0/2,min(root.comp1.AS_lambdaD,root.comp1.AS_lambda_in)))^2,(d0/2)^2*max(0,1-2*e_const*(ZAS*root.comp1.AS_phi1)/(AS_mi*(((root.comp1.AS_uir-fptas.vr)^2+(root.comp1.AS_uiz-fptas.vz)^2)+(8*e_const*root.comp1.AS_TiV/(pi*AS_mi))+u_eps^2))))+4*pi*((sqrt(ZAS^2+1e-20)*e_const^2/(4*pi*epsilon0_const*AS_mi*(((root.comp1.AS_uir-fptas.vr)^2+(root.comp1.AS_uiz-fptas.vz)^2)+(8*e_const*root.comp1.AS_TiV/(pi*AS_mi))+u_eps^2))))^2*(max(0,0.5*log(((max(d0/2,min(root.comp1.AS_lambdaD,root.comp1.AS_lambda_in)))^2+((sqrt(ZAS^2+1e-20)*e_const^2/(4*pi*epsilon0_const*AS_mi*(((root.comp1.AS_uir-fptas.vr)^2+(root.comp1.AS_uiz-fptas.vz)^2)+(8*e_const*root.comp1.AS_TiV/(pi*AS_mi))+u_eps^2))))^2)/(min((max(d0/2,min(root.comp1.AS_lambdaD,root.comp1.AS_lambda_in)))^2,(d0/2)^2*max(0,1-2*e_const*(ZAS*root.comp1.AS_phi1)/(AS_mi*(((root.comp1.AS_uir-fptas.vr)^2+(root.comp1.AS_uiz-fptas.vz)^2)+(8*e_const*root.comp1.AS_TiV/(pi*AS_mi))+u_eps^2))))+((sqrt(ZAS^2+1e-20)*e_const^2/(4*pi*epsilon0_const*AS_mi*(((root.comp1.AS_uir-fptas.vr)^2+(root.comp1.AS_uiz-fptas.vz)^2)+(8*e_const*root.comp1.AS_TiV/(pi*AS_mi))+u_eps^2))))^2)))))*root.comp1.AS_ni*AS_mi*sqrt((((root.comp1.AS_uir-fptas.vr)^2+(root.comp1.AS_uiz-fptas.vz)^2)+(8*e_const*root.comp1.AS_TiV/(pi*AS_mi))+u_eps^2)))*(root.comp1.AS_uir-fptas.vr)),0[N],((AS_iondrag_scale*(pi*min((max(d0/2,min(root.comp1.AS_lambdaD,root.comp1.AS_lambda_in)))^2,(d0/2)^2*max(0,1-2*e_const*(ZAS*root.comp1.AS_phi1)/(AS_mi*(((root.comp1.AS_uir-fptas.vr)^2+(root.comp1.AS_uiz-fptas.vz)^2)+(8*e_const*root.comp1.AS_TiV/(pi*AS_mi))+u_eps^2))))+4*pi*((sqrt(ZAS^2+1e-20)*e_const^2/(4*pi*epsilon0_const*AS_mi*(((root.comp1.AS_uir-fptas.vr)^2+(root.comp1.AS_uiz-fptas.vz)^2)+(8*e_const*root.comp1.AS_TiV/(pi*AS_mi))+u_eps^2))))^2*(max(0,0.5*log(((max(d0/2,min(root.comp1.AS_lambdaD,root.comp1.AS_lambda_in)))^2+((sqrt(ZAS^2+1e-20)*e_const^2/(4*pi*epsilon0_const*AS_mi*(((root.comp1.AS_uir-fptas.vr)^2+(root.comp1.AS_uiz-fptas.vz)^2)+(8*e_const*root.comp1.AS_TiV/(pi*AS_mi))+u_eps^2))))^2)/(min((max(d0/2,min(root.comp1.AS_lambdaD,root.comp1.AS_lambda_in)))^2,(d0/2)^2*max(0,1-2*e_const*(ZAS*root.comp1.AS_phi1)/(AS_mi*(((root.comp1.AS_uir-fptas.vr)^2+(root.comp1.AS_uiz-fptas.vz)^2)+(8*e_const*root.comp1.AS_TiV/(pi*AS_mi))+u_eps^2))))+((sqrt(ZAS^2+1e-20)*e_const^2/(4*pi*epsilon0_const*AS_mi*(((root.comp1.AS_uir-fptas.vr)^2+(root.comp1.AS_uiz-fptas.vz)^2)+(8*e_const*root.comp1.AS_TiV/(pi*AS_mi))+u_eps^2))))^2)))))*root.comp1.AS_ni*AS_mi*sqrt((((root.comp1.AS_uir-fptas.vr)^2+(root.comp1.AS_uiz-fptas.vz)^2)+(8*e_const*root.comp1.AS_TiV/(pi*AS_mi))+u_eps^2)))*(root.comp1.AS_uiz-fptas.vz))]","[((AS_iondrag_scale*AS_mi*root.comp1.AS_ni*sqrt((root.comp1.AS_ui_mag^2+8*e_const*root.comp1.AS_TiV/(pi*AS_mi)+u_eps^2))*root.comp1.AS_ui_mag*((pi*(d0/2)^2*max(0,1-(ZAS*root.comp1.AS_phi1)/root.comp1.AS_TiV))+(pi*((e_const^2*ZAS/(2*pi*epsilon0_const*AS_mi*(root.comp1.AS_ui_mag^2+8*e_const*root.comp1.AS_TiV/(pi*AS_mi)+u_eps^2))))^2*log(max(1+1e-12,root.comp1.AS_lambdaD_image/(d0/2))))))*root.comp1.AS_Er/sqrt(root.comp1.AS_E2)),0[N],((AS_iondrag_scale*AS_mi*root.comp1.AS_ni*sqrt((root.comp1.AS_ui_mag^2+8*e_const*root.comp1.AS_TiV/(pi*AS_mi)+u_eps^2))*root.comp1.AS_ui_mag*((pi*(d0/2)^2*max(0,1-(ZAS*root.comp1.AS_phi1)/root.comp1.AS_TiV))+(pi*((e_const^2*ZAS/(2*pi*epsilon0_const*AS_mi*(root.comp1.AS_ui_mag^2+8*e_const*root.comp1.AS_TiV/(pi*AS_mi)+u_eps^2))))^2*log(max(1+1e-12,root.comp1.AS_lambdaD_image/(d0/2))))))*root.comp1.AS_Ez/sqrt(root.comp1.AS_E2))]",ION_DRAG_ALLOWED
caseA_30nm,particle_physics_feature_settings.csv:fptas/idf/[3]/F,"[((AS_iondrag_scale*(pi*min((max(d0/2,min(root.comp1.AS_lambdaD,root.comp1.AS_lambda_in)))^2,(d0/2)^2*max(0,1-2*e_const*(ZAS*root.comp1.AS_phi1)/(AS_mi*(((root.comp1.AS_uir-fptas.vr)^2+(root.comp1.AS_uiz-fptas.vz)^2)+(8*e_const*root.comp1.AS_TiV/(pi*AS_mi))+u_eps^2))))+4*pi*((sqrt(ZAS^2+1e-20)*e_const^2/(4*pi*epsilon0_const*AS_mi*(((root.comp1.AS_uir-fptas.vr)^2+(root.comp1.AS_uiz-fptas.vz)^2)+(8*e_const*root.comp1.AS_TiV/(pi*AS_mi))+u_eps^2))))^2*(max(0,0.5*log(((max(d0/2,min(root.comp1.AS_lambdaD,root.comp1.AS_lambda_in)))^2+((sqrt(ZAS^2+1e-20)*e_const^2/(4*pi*epsilon0_const*AS_mi*(((root.comp1.AS_uir-fptas.vr)^2+(root.comp1.AS_uiz-fptas.vz)^2)+(8*e_const*root.comp1.AS_TiV/(pi*AS_mi))+u_eps^2))))^2)/(min((max(d0/2,min(root.comp1.AS_lambdaD,root.comp1.AS_lambda_in)))^2,(d0/2)^2*max(0,1-2*e_const*(ZAS*root.comp1.AS_phi1)/(AS_mi*(((root.comp1.AS_uir-fptas.vr)^2+(root.comp1.AS_uiz-fptas.vz)^2)+(8*e_const*root.comp1.AS_TiV/(pi*AS_mi))+u_eps^2))))+((sqrt(ZAS^2+1e-20)*e_const^2/(4*pi*epsilon0_const*AS_mi*(((root.comp1.AS_uir-fptas.vr)^2+(root.comp1.AS_uiz-fptas.vz)^2)+(8*e_const*root.comp1.AS_TiV/(pi*AS_mi))+u_eps^2))))^2)))))*root.comp1.AS_ni*AS_mi*sqrt((((root.comp1.AS_uir-fptas.vr)^2+(root.comp1.AS_uiz-fptas.vz)^2)+(8*e_const*root.comp1.AS_TiV/(pi*AS_mi))+u_eps^2)))*(root.comp1.AS_uir-fptas.vr)),0[N],((AS_iondrag_scale*(pi*min((max(d0/2,min(root.comp1.AS_lambdaD,root.comp1.AS_lambda_in)))^2,(d0/2)^2*max(0,1-2*e_const*(ZAS*root.comp1.AS_phi1)/(AS_mi*(((root.comp1.AS_uir-fptas.vr)^2+(root.comp1.AS_uiz-fptas.vz)^2)+(8*e_const*root.comp1.AS_TiV/(pi*AS_mi))+u_eps^2))))+4*pi*((sqrt(ZAS^2+1e-20)*e_const^2/(4*pi*epsilon0_const*AS_mi*(((root.comp1.AS_uir-fptas.vr)^2+(root.comp1.AS_uiz-fptas.vz)^2)+(8*e_const*root.comp1.AS_TiV/(pi*AS_mi))+u_eps^2))))^2*(max(0,0.5*log(((max(d0/2,min(root.comp1.AS_lambdaD,root.comp1.AS_lambda_in)))^2+((sqrt(ZAS^2+1e-20)*e_const^2/(4*pi*epsilon0_const*AS_mi*(((root.comp1.AS_uir-fptas.vr)^2+(root.comp1.AS_uiz-fptas.vz)^2)+(8*e_const*root.comp1.AS_TiV/(pi*AS_mi))+u_eps^2))))^2)/(min((max(d0/2,min(root.comp1.AS_lambdaD,root.comp1.AS_lambda_in)))^2,(d0/2)^2*max(0,1-2*e_const*(ZAS*root.comp1.AS_phi1)/(AS_mi*(((root.comp1.AS_uir-fptas.vr)^2+(root.comp1.AS_uiz-fptas.vz)^2)+(8*e_const*root.comp1.AS_TiV/(pi*AS_mi))+u_eps^2))))+((sqrt(ZAS^2+1e-20)*e_const^2/(4*pi*epsilon0_const*AS_mi*(((root.comp1.AS_uir-fptas.vr)^2+(root.comp1.AS_uiz-fptas.vz)^2)+(8*e_const*root.comp1.AS_TiV/(pi*AS_mi))+u_eps^2))))^2)))))*root.comp1.AS_ni*AS_mi*sqrt((((root.comp1.AS_uir-fptas.vr)^2+(root.comp1.AS_uiz-fptas.vz)^2)+(8*e_const*root.comp1.AS_TiV/(pi*AS_mi))+u_eps^2)))*(root.comp1.AS_uiz-fptas.vz))]","[((AS_iondrag_scale*AS_mi*root.comp1.AS_ni*sqrt((root.comp1.AS_ui_mag^2+8*e_const*root.comp1.AS_TiV/(pi*AS_mi)+u_eps^2))*root.comp1.AS_ui_mag*((pi*(d0/2)^2*max(0,1-(ZAS*root.comp1.AS_phi1)/root.comp1.AS_TiV))+(pi*((e_const^2*ZAS/(2*pi*epsilon0_const*AS_mi*(root.comp1.AS_ui_mag^2+8*e_const*root.comp1.AS_TiV/(pi*AS_mi)+u_eps^2))))^2*log(max(1+1e-12,root.comp1.AS_lambdaD_image/(d0/2))))))*root.comp1.AS_Er/sqrt(root.comp1.AS_E2)),0[N],((AS_iondrag_scale*AS_mi*root.comp1.AS_ni*sqrt((root.comp1.AS_ui_mag^2+8*e_const*root.comp1.AS_TiV/(pi*AS_mi)+u_eps^2))*root.comp1.AS_ui_mag*((pi*(d0/2)^2*max(0,1-(ZAS*root.comp1.AS_phi1)/root.comp1.AS_TiV))+(pi*((e_const^2*ZAS/(2*pi*epsilon0_const*AS_mi*(root.comp1.AS_ui_mag^2+8*e_const*root.comp1.AS_TiV/(pi*AS_mi)+u_eps^2))))^2*log(max(1+1e-12,root.comp1.AS_lambdaD_image/(d0/2))))))*root.comp1.AS_Ez/sqrt(root.comp1.AS_E2))]",ION_DRAG_ALLOWED
caseA_100nm,particle_physics_feature_settings.csv:fptas/idf/[3]/F,"[((AS_iondrag_scale*(pi*min((max(d0/2,min(root.comp1.AS_lambdaD,root.comp1.AS_lambda_in)))^2,(d0/2)^2*max(0,1-2*e_const*(ZAS*root.comp1.AS_phi1)/(AS_mi*(((root.comp1.AS_uir-fptas.vr)^2+(root.comp1.AS_uiz-fptas.vz)^2)+(8*e_const*root.comp1.AS_TiV/(pi*AS_mi))+u_eps^2))))+4*pi*((sqrt(ZAS^2+1e-20)*e_const^2/(4*pi*epsilon0_const*AS_mi*(((root.comp1.AS_uir-fptas.vr)^2+(root.comp1.AS_uiz-fptas.vz)^2)+(8*e_const*root.comp1.AS_TiV/(pi*AS_mi))+u_eps^2))))^2*(max(0,0.5*log(((max(d0/2,min(root.comp1.AS_lambdaD,root.comp1.AS_lambda_in)))^2+((sqrt(ZAS^2+1e-20)*e_const^2/(4*pi*epsilon0_const*AS_mi*(((root.comp1.AS_uir-fptas.vr)^2+(root.comp1.AS_uiz-fptas.vz)^2)+(8*e_const*root.comp1.AS_TiV/(pi*AS_mi))+u_eps^2))))^2)/(min((max(d0/2,min(root.comp1.AS_lambdaD,root.comp1.AS_lambda_in)))^2,(d0/2)^2*max(0,1-2*e_const*(ZAS*root.comp1.AS_phi1)/(AS_mi*(((root.comp1.AS_uir-fptas.vr)^2+(root.comp1.AS_uiz-fptas.vz)^2)+(8*e_const*root.comp1.AS_TiV/(pi*AS_mi))+u_eps^2))))+((sqrt(ZAS^2+1e-20)*e_const^2/(4*pi*epsilon0_const*AS_mi*(((root.comp1.AS_uir-fptas.vr)^2+(root.comp1.AS_uiz-fptas.vz)^2)+(8*e_const*root.comp1.AS_TiV/(pi*AS_mi))+u_eps^2))))^2)))))*root.comp1.AS_ni*AS_mi*sqrt((((root.comp1.AS_uir-fptas.vr)^2+(root.comp1.AS_uiz-fptas.vz)^2)+(8*e_const*root.comp1.AS_TiV/(pi*AS_mi))+u_eps^2)))*(root.comp1.AS_uir-fptas.vr)),0[N],((AS_iondrag_scale*(pi*min((max(d0/2,min(root.comp1.AS_lambdaD,root.comp1.AS_lambda_in)))^2,(d0/2)^2*max(0,1-2*e_const*(ZAS*root.comp1.AS_phi1)/(AS_mi*(((root.comp1.AS_uir-fptas.vr)^2+(root.comp1.AS_uiz-fptas.vz)^2)+(8*e_const*root.comp1.AS_TiV/(pi*AS_mi))+u_eps^2))))+4*pi*((sqrt(ZAS^2+1e-20)*e_const^2/(4*pi*epsilon0_const*AS_mi*(((root.comp1.AS_uir-fptas.vr)^2+(root.comp1.AS_uiz-fptas.vz)^2)+(8*e_const*root.comp1.AS_TiV/(pi*AS_mi))+u_eps^2))))^2*(max(0,0.5*log(((max(d0/2,min(root.comp1.AS_lambdaD,root.comp1.AS_lambda_in)))^2+((sqrt(ZAS^2+1e-20)*e_const^2/(4*pi*epsilon0_const*AS_mi*(((root.comp1.AS_uir-fptas.vr)^2+(root.comp1.AS_uiz-fptas.vz)^2)+(8*e_const*root.comp1.AS_TiV/(pi*AS_mi))+u_eps^2))))^2)/(min((max(d0/2,min(root.comp1.AS_lambdaD,root.comp1.AS_lambda_in)))^2,(d0/2)^2*max(0,1-2*e_const*(ZAS*root.comp1.AS_phi1)/(AS_mi*(((root.comp1.AS_uir-fptas.vr)^2+(root.comp1.AS_uiz-fptas.vz)^2)+(8*e_const*root.comp1.AS_TiV/(pi*AS_mi))+u_eps^2))))+((sqrt(ZAS^2+1e-20)*e_const^2/(4*pi*epsilon0_const*AS_mi*(((root.comp1.AS_uir-fptas.vr)^2+(root.comp1.AS_uiz-fptas.vz)^2)+(8*e_const*root.comp1.AS_TiV/(pi*AS_mi))+u_eps^2))))^2)))))*root.comp1.AS_ni*AS_mi*sqrt((((root.comp1.AS_uir-fptas.vr)^2+(root.comp1.AS_uiz-fptas.vz)^2)+(8*e_const*root.comp1.AS_TiV/(pi*AS_mi))+u_eps^2)))*(root.comp1.AS_uiz-fptas.vz))]","[((AS_iondrag_scale*AS_mi*root.comp1.AS_ni*sqrt((root.comp1.AS_ui_mag^2+8*e_const*root.comp1.AS_TiV/(pi*AS_mi)+u_eps^2))*root.comp1.AS_ui_mag*((pi*(d0/2)^2*max(0,1-(ZAS*root.comp1.AS_phi1)/root.comp1.AS_TiV))+(pi*((e_const^2*ZAS/(2*pi*epsilon0_const*AS_mi*(root.comp1.AS_ui_mag^2+8*e_const*root.comp1.AS_TiV/(pi*AS_mi)+u_eps^2))))^2*log(max(1+1e-12,root.comp1.AS_lambdaD_image/(d0/2))))))*root.comp1.AS_Er/sqrt(root.comp1.AS_E2)),0[N],((AS_iondrag_scale*AS_mi*root.comp1.AS_ni*sqrt((root.comp1.AS_ui_mag^2+8*e_const*root.comp1.AS_TiV/(pi*AS_mi)+u_eps^2))*root.comp1.AS_ui_mag*((pi*(d0/2)^2*max(0,1-(ZAS*root.comp1.AS_phi1)/root.comp1.AS_TiV))+(pi*((e_const^2*ZAS/(2*pi*epsilon0_const*AS_mi*(root.comp1.AS_ui_mag^2+8*e_const*root.comp1.AS_TiV/(pi*AS_mi)+u_eps^2))))^2*log(max(1+1e-12,root.comp1.AS_lambdaD_image/(d0/2))))))*root.comp1.AS_Ez/sqrt(root.comp1.AS_E2))]",ION_DRAG_ALLOWED
