package,sha256,formula_revision,case_kind,active_rows,native_saved_formula_replay_status,native_saved_formula_force_global_relative_l2_residual,native_saved_formula_force_scale_normalized_residual_max,native_speed_authority,production_canonical_comparison_status,production_canonical_force_global_relative_l2_residual,production_canonical_force_scale_normalized_residual_max,production_canonical_speed_authority,production_canonical_difference_diagnosis,model_definition_difference,native_vs_vector_ion_speed_relative_difference_max,saved_epsilon0_F_m_median,saved_vs_production_epsilon0_relative_difference_median
cases/formal_iondrag_image_minimal_corrected/caseA_100nm/external_reproduction/results/particle_history_full_tidy.csv,2043cfb90b49ddc0a5ae0397b2e9023e90b5c4540321d126d92e62ea84fa95a5,electric_field_directed_image,A,30671,PASS,2.403262544706493e-16,1.1085794848281994e-15,saved_caseA_AS_ui_mag_reconstructed_from_psi_Te_mi_and_u_floor,DOCUMENTED_MODEL_DEFINITION_DIFFERENCE,0.17083144347569498,0.8743683938003504,norm(saved_ui_vector),ION_SPEED_AUTHORITY_MODEL_DEFINITION_DIFFERENCE,"saved A speed authority 'saved_caseA_AS_ui_mag_reconstructed_from_psi_Te_mi_and_u_floor' differs from production canonical U=norm(saved_ui_vector); residual is informative, not a gate",0.9767548619579373,8.854187818826714e-12,6.806624921756877e-10
cases/formal_iondrag_image_minimal_corrected/caseA_10nm/external_reproduction/results/particle_history_full_tidy.csv,405220f7f85b373e32217955e542614e33d4e307a81d52f8517e22046f7ca65d,electric_field_directed_image,A,33962,PASS,1.6475936029150117e-16,7.027998541744525e-16,saved_caseA_AS_ui_mag_reconstructed_from_psi_Te_mi_and_u_floor,DOCUMENTED_MODEL_DEFINITION_DIFFERENCE,0.2010127100121527,0.8857762682658931,norm(saved_ui_vector),ION_SPEED_AUTHORITY_MODEL_DEFINITION_DIFFERENCE,"saved A speed authority 'saved_caseA_AS_ui_mag_reconstructed_from_psi_Te_mi_and_u_floor' differs from production canonical U=norm(saved_ui_vector); residual is informative, not a gate",0.9785283346398226,8.854187818826713e-12,6.806623097098119e-10
cases/formal_iondrag_image_minimal_corrected/caseA_30nm/external_reproduction/results/particle_history_full_tidy.csv,9220ae74646618c1aa300bdaeffd8a5c35867d3b7d529a811c8c58419b669206,electric_field_directed_image,A,34440,PASS,2.220258841753777e-16,8.980759072297747e-16,saved_caseA_AS_ui_mag_reconstructed_from_psi_Te_mi_and_u_floor,DOCUMENTED_MODEL_DEFINITION_DIFFERENCE,0.24589626928284478,0.8327533638646362,norm(saved_ui_vector),ION_SPEED_AUTHORITY_MODEL_DEFINITION_DIFFERENCE,"saved A speed authority 'saved_caseA_AS_ui_mag_reconstructed_from_psi_Te_mi_and_u_floor' differs from production canonical U=norm(saved_ui_vector); residual is informative, not a gate",0.7690427086238204,8.854187818826714e-12,6.806624921756877e-10
cases/formal_iondrag_image_minimal_corrected/caseP_100nm/external_reproduction/results/particle_history_full_tidy.csv,94524ed13fbd721fa406faea4f5998dbcd409a4e650ba03a33b250de60ae1a5c,electric_field_directed_image,P,33714,PASS,4.355482745035783e-16,1.5713780295980727e-15,saved_caseP_sqrt_norm_ui_squared_plus_u_eps_squared,DOCUMENTED_MODEL_DEFINITION_DIFFERENCE,4.228300671416818e-07,1.0739283812905267e-06,norm(saved_ui_vector),ION_SPEED_AUTHORITY_MODEL_DEFINITION_DIFFERENCE,"saved P speed authority 'saved_caseP_sqrt_norm_ui_squared_plus_u_eps_squared' differs from production canonical U=norm(saved_ui_vector); residual is informative, not a gate",1.075238680200326e-06,8.854187818826714e-12,6.806624921756877e-10
cases/formal_iondrag_image_minimal_corrected/caseP_10nm/external_reproduction/results/particle_history_full_tidy.csv,61df6194f03fe326581e69e8ea47b859e4b8e95d8471d555d6c8e21ca0eb9108,electric_field_directed_image,P,34727,PASS,4.349652939301041e-16,1.7901464527302965e-15,saved_caseP_sqrt_norm_ui_squared_plus_u_eps_squared,DOCUMENTED_MODEL_DEFINITION_DIFFERENCE,6.995933221896993e-07,1.6508315925756537e-06,norm(saved_ui_vector),ION_SPEED_AUTHORITY_MODEL_DEFINITION_DIFFERENCE,"saved P speed authority 'saved_caseP_sqrt_norm_ui_squared_plus_u_eps_squared' differs from production canonical U=norm(saved_ui_vector); residual is informative, not a gate",1.652154501285818e-06,8.854187818826713e-12,6.806623097098119e-10
cases/formal_iondrag_image_minimal_corrected/caseP_30nm/external_reproduction/results/particle_history_full_tidy.csv,2390ac6c3cdcd8a640c68e283e65fec8b1b91506ef7cca29a0a0a7612f092ed8,electric_field_directed_image,P,34727,PASS,4.541267751528285e-16,1.4680895288199533e-15,saved_caseP_sqrt_norm_ui_squared_plus_u_eps_squared,DOCUMENTED_MODEL_DEFINITION_DIFFERENCE,4.7539508281705617e-07,1.076011188670419e-06,norm(saved_ui_vector),ION_SPEED_AUTHORITY_MODEL_DEFINITION_DIFFERENCE,"saved P speed authority 'saved_caseP_sqrt_norm_ui_squared_plus_u_eps_squared' differs from production canonical U=norm(saved_ui_vector); residual is informative, not a gate",1.077327860557327e-06,8.854187818826714e-12,6.806624921756877e-10
cases/formal_iondrag_theory_consistent/caseA_100nm/external_reproduction/results/particle_history_full_tidy.csv,af61916d47dc634e4b3ca42139eebe7fe74a0fd27941250aefda2b39f4ad4a78,relative_flow_screened,A,28354,PASS,3.744878848568186e-16,1.318484211206812e-15,saved_relative_ion_particle_velocity_vector,FAIL,1.2650007110321278e-09,1.2782726024474884e-09,relative_ion_particle_velocity_vector,EPSILON0_CONSTANT_CONVENTION_DIFFERENCE_INDICATED,NOT_APPLICABLE,,8.854187818826714e-12,6.806624921756877e-10
cases/formal_iondrag_theory_consistent/caseA_10nm/external_reproduction/results/particle_history_full_tidy.csv,b11d49c4e60fe817a65df33ce6581533c78dcc43e2a8c61de204eb38c2fe488f,relative_flow_screened,A,31269,PASS,1.8034601402058155e-16,8.348149081992813e-16,saved_relative_ion_particle_velocity_vector,FAIL,1.2924281027777222e-09,1.2968247975222003e-09,relative_ion_particle_velocity_vector,EPSILON0_CONSTANT_CONVENTION_DIFFERENCE_INDICATED,NOT_APPLICABLE,,8.854187818826713e-12,6.806623097098119e-10
cases/formal_iondrag_theory_consistent/caseA_30nm/external_reproduction/results/particle_history_full_tidy.csv,c21f1865d98a8a37c92219b609732145e98dd0678222f48034609c704e655f6c,relative_flow_screened,A,31775,PASS,3.6403812179399457e-16,1.2331067453810688e-15,saved_relative_ion_particle_velocity_vector,FAIL,1.2819159587801878e-09,1.2891092363540532e-09,relative_ion_particle_velocity_vector,EPSILON0_CONSTANT_CONVENTION_DIFFERENCE_INDICATED,NOT_APPLICABLE,,8.854187818826714e-12,6.806624921756877e-10
cases/formal_iondrag_theory_consistent/caseP_100nm/external_reproduction/results/particle_history_full_tidy.csv,8470c6399fe1cd549854958bee0e572dfb05bd04f3ccd767b514383b1788e11d,relative_flow_screened,P,34727,PASS,4.737577334542823e-16,1.4085594301208009e-15,saved_relative_ion_particle_velocity_vector,FAIL,1.142450476003264e-09,1.243579919814743e-09,relative_ion_particle_velocity_vector,EPSILON0_CONSTANT_CONVENTION_DIFFERENCE_INDICATED,NOT_APPLICABLE,,8.854187818826714e-12,6.806624921756877e-10
cases/formal_iondrag_theory_consistent/caseP_10nm/external_reproduction/results/particle_history_full_tidy.csv,b7b0b29a11d7845ca947304a260f719e25eb73be07c16f3c0e2a2b9e95dcaf6f,relative_flow_screened,P,34727,PASS,3.8645456106920577e-16,1.5628286908392745e-15,saved_relative_ion_particle_velocity_vector,FAIL,1.2370885343972816e-09,1.2707134497094682e-09,relative_ion_particle_velocity_vector,EPSILON0_CONSTANT_CONVENTION_DIFFERENCE_INDICATED,NOT_APPLICABLE,,8.854187818826713e-12,6.806623097098119e-10
cases/formal_iondrag_theory_consistent/caseP_30nm/external_reproduction/results/particle_history_full_tidy.csv,a26087b4bd5704dddfd957ee6dd5d034698b293ba188ae8c64130e0ecda8a957,relative_flow_screened,P,34727,PASS,4.354299249805231e-16,1.4520665467550812e-15,saved_relative_ion_particle_velocity_vector,FAIL,1.2115316987536034e-09,1.2576080352150016e-09,relative_ion_particle_velocity_vector,EPSILON0_CONSTANT_CONVENTION_DIFFERENCE_INDICATED,NOT_APPLICABLE,,8.854187818826714e-12,6.806624921756877e-10
