package,sha256,active_rows,pass,charge_rate_global_relative_l2_residual,current_scale_normalized_residual_p90,current_scale_normalized_residual_p99,current_scale_normalized_residual_max,sampled_maximum_relative_ion_speed_m_s
cases/formal_iondrag_image_minimal_corrected/caseA_100nm/external_reproduction/results/particle_history_full_tidy.csv,2043cfb90b49ddc0a5ae0397b2e9023e90b5c4540321d126d92e62ea84fa95a5,30671,False,1.1964155378901006e-09,1.7131189181031122e-09,1.7586436808717455e-09,1.766542540668338e-09,18068.707044004503
cases/formal_iondrag_image_minimal_corrected/caseA_10nm/external_reproduction/results/particle_history_full_tidy.csv,405220f7f85b373e32217955e542614e33d4e307a81d52f8517e22046f7ca65d,33962,False,6.341192846583726e-10,1.738848310833789e-09,1.7538726418037344e-09,1.7564958538160716e-09,15355.687257724458
cases/formal_iondrag_image_minimal_corrected/caseA_30nm/external_reproduction/results/particle_history_full_tidy.csv,9220ae74646618c1aa300bdaeffd8a5c35867d3b7d529a811c8c58419b669206,34440,False,8.842287222628291e-10,1.6917854495547396e-09,1.735795780015159e-09,1.7487186953440166e-09,15355.687257724458
cases/formal_iondrag_image_minimal_corrected/caseP_100nm/external_reproduction/results/particle_history_full_tidy.csv,94524ed13fbd721fa406faea4f5998dbcd409a4e650ba03a33b250de60ae1a5c,33714,False,5.136205355721808e-09,1.7238249721497659e-09,1.8711913867939367e-09,1.885085291643157e-09,19474.174253554316
cases/formal_iondrag_image_minimal_corrected/caseP_10nm/external_reproduction/results/particle_history_full_tidy.csv,61df6194f03fe326581e69e8ea47b859e4b8e95d8471d555d6c8e21ca0eb9108,34727,False,1.3483566163806215e-09,1.5483485362793801e-09,1.695494439236382e-09,1.764672185482309e-09,19503.277138437516
cases/formal_iondrag_image_minimal_corrected/caseP_30nm/external_reproduction/results/particle_history_full_tidy.csv,2390ac6c3cdcd8a640c68e283e65fec8b1b91506ef7cca29a0a0a7612f092ed8,34727,False,1.854692389262803e-09,1.6989449248332303e-09,1.8392029166709723e-09,1.8691080716688727e-09,19475.85748732194
cases/formal_iondrag_theory_consistent/caseA_100nm/external_reproduction/results/particle_history_full_tidy.csv,af61916d47dc634e4b3ca42139eebe7fe74a0fd27941250aefda2b39f4ad4a78,28354,False,1.1567712411316849e-09,1.716905175481439e-09,1.7586680218462882e-09,1.765424469518055e-09,18073.340212865653
cases/formal_iondrag_theory_consistent/caseA_10nm/external_reproduction/results/particle_history_full_tidy.csv,b11d49c4e60fe817a65df33ce6581533c78dcc43e2a8c61de204eb38c2fe488f,31269,False,6.230909438730907e-10,1.7422151537717623e-09,1.7499168951169334e-09,1.7534200806223888e-09,15355.687257724458
cases/formal_iondrag_theory_consistent/caseA_30nm/external_reproduction/results/particle_history_full_tidy.csv,c21f1865d98a8a37c92219b609732145e98dd0678222f48034609c704e655f6c,31775,False,8.618038884787862e-10,1.715038591094433e-09,1.7364341585251637e-09,1.7419603357179952e-09,15355.687257724458
cases/formal_iondrag_theory_consistent/caseP_100nm/external_reproduction/results/particle_history_full_tidy.csv,8470c6399fe1cd549854958bee0e572dfb05bd04f3ccd767b514383b1788e11d,34727,False,6.667646780462474e-09,1.71720117984249e-09,1.87307067240637e-09,1.885490907154802e-09,19480.48816073817
cases/formal_iondrag_theory_consistent/caseP_10nm/external_reproduction/results/particle_history_full_tidy.csv,b7b0b29a11d7845ca947304a260f719e25eb73be07c16f3c0e2a2b9e95dcaf6f,34727,False,1.5736682032058638e-09,1.487700699625135e-09,1.6522016176889909e-09,1.7394670650428248e-09,19503.740209385247
cases/formal_iondrag_theory_consistent/caseP_30nm/external_reproduction/results/particle_history_full_tidy.csv,a26087b4bd5704dddfd957ee6dd5d034698b293ba188ae8c64130e0ecda8a957,34727,False,2.375679233830897e-09,1.6508911154811672e-09,1.784419182035663e-09,1.85877139590896e-09,19478.04790461489
