scope,field,unit,count,components,relative_l2,rms_vector_or_scalar,maximum_vector_or_scalar,worst_particle_id,worst_time_s,classification
identical_t0_state,gas_density,kg/m^3,287,1,0.00013551120131682651,8.07988570059481e-09,2.4377420810037058e-08,242,0.0,DIFFERENT_ABOVE_ROUNDOFF
identical_t0_state,gas_dynamic_viscosity,Pa*s,287,1,2.7866933418694873e-05,5.13731221712778e-10,2.6411316704054043e-09,269,0.0,DIFFERENT_ABOVE_ROUNDOFF
identical_t0_state,gas_temperature,K,287,1,4.003164556931645e-05,0.012428075520171214,0.06775720824589371,269,0.0,DIFFERENT_ABOVE_ROUNDOFF
identical_t0_state,gas_mean_free_path,m,287,1,5.730989311637053e-05,1.2127184893597877e-07,5.934672292974737e-07,269,0.0,DIFFERENT_ABOVE_ROUNDOFF
identical_t0_state,electron_number_density,1/m^3,287,1,0.048928705740119774,20237820162439.125,65906903330889.25,243,0.0,DIFFERENT_ABOVE_ROUNDOFF
identical_t0_state,positive_ion_number_density,1/m^3,287,1,0.01366199478326269,7355281671486.98,28318129610661.375,243,0.0,DIFFERENT_ABOVE_ROUNDOFF
identical_t0_state,electron_thermal_voltage,V,287,1,2.8565779656400185e-17,1.1426311862560074e-16,8.881784197001252e-16,112,0.0,INDISTINGUISHABLE_AT_ROUNDOFF
identical_t0_state,positive_ion_thermal_voltage,V,287,1,4.003164556929373e-05,1.0709686856436284e-06,5.838864443667019e-06,269,0.0,DIFFERENT_ABOVE_ROUNDOFF
identical_t0_state,effective_positive_ion_mass,kg,287,1,1.0546752995084127e-16,8.75664769008499e-42,2.2958874039497803e-41,112,0.0,INDISTINGUISHABLE_AT_ROUNDOFF
identical_t0_state,screening_length,m,287,1,8.821548092568644e-17,4.1475723445766306e-20,1.0842021724855044e-19,112,0.0,INDISTINGUISHABLE_AT_ROUNDOFF
identical_t0_state,ion_neutral_mean_free_path,m,287,1,4.193549454525187e-05,4.4889346767906865e-08,2.417890918695372e-07,269,0.0,DIFFERENT_ABOVE_ROUNDOFF
identical_t0_state,azimuthal_gas_vorticity,1/s,287,1,0.11605277884262676,2.9264989211598396,15.641689613404914,269,0.0,DIFFERENT_ABOVE_ROUNDOFF
identical_t0_state,gas_velocity,m/s,287,2,0.0044447649943322835,0.0003029827063146565,0.0017217838742141043,269,0.0,DIFFERENT_ABOVE_ROUNDOFF
identical_t0_state,electric_field,V/m,287,2,0.028620728726031667,308.6704609692054,837.845129368481,241,0.0,DIFFERENT_ABOVE_ROUNDOFF
identical_t0_state,positive_ion_velocity,m/s,287,2,0.026968376339439284,207.91403716513923,1874.4496781832709,244,0.0,DIFFERENT_ABOVE_ROUNDOFF
identical_t0_state,gradient_mean_e_squared,V^2/m^3,287,2,0.1259955413662082,13411739481.803083,61475054541.212654,71,0.0,DIFFERENT_ABOVE_ROUNDOFF
identical_t0_state,gas_translational_heat_flux,W/m^2,287,2,0.007921763663068737,0.8545580264205204,7.85900081158281,281,0.0,DIFFERENT_ABOVE_ROUNDOFF
saved_native_path_states,gas_density,kg/m^3,13202,1,0.00019391437827258925,1.135202636608263e-08,7.50090296082126e-08,57,0.00045000000000000004,DIFFERENT_ABOVE_ROUNDOFF
saved_native_path_states,gas_dynamic_viscosity,Pa*s,13202,1,3.3206258532438716e-05,6.205963739303816e-10,1.2082149896757804e-08,57,0.00045000000000000004,DIFFERENT_ABOVE_ROUNDOFF
saved_native_path_states,gas_temperature,K,13202,1,3.7518991239596374e-05,0.011880572806834109,0.2859220965236773,57,0.00045000000000000004,DIFFERENT_ABOVE_ROUNDOFF
saved_native_path_states,gas_mean_free_path,m,13202,1,5.2615923946143834e-05,1.1403482651900089e-07,2.7466058275154095e-06,57,0.00045000000000000004,DIFFERENT_ABOVE_ROUNDOFF
saved_native_path_states,electron_number_density,1/m^3,13202,1,0.029158464436260304,17775981701252.246,70399980021334.0,239,0.00025,DIFFERENT_ABOVE_ROUNDOFF
saved_native_path_states,positive_ion_number_density,1/m^3,13202,1,0.011498757110773592,7724723311217.381,28962974564664.375,240,0.00022,DIFFERENT_ABOVE_ROUNDOFF
saved_native_path_states,electron_thermal_voltage,V,13202,1,3.489226492771643e-17,1.3956905971086573e-16,8.881784197001252e-16,1,0.00033000000000000005,INDISTINGUISHABLE_AT_ROUNDOFF
saved_native_path_states,positive_ion_thermal_voltage,V,13202,1,3.7518991239578254e-05,1.0237885522161967e-06,2.463885992756709e-05,57,0.00045000000000000004,DIFFERENT_ABOVE_ROUNDOFF
saved_native_path_states,effective_positive_ion_mass,kg,13202,1,1.0277660595497116e-16,8.533228468988095e-42,2.2958874039497803e-41,20,0.00018,INDISTINGUISHABLE_AT_ROUNDOFF
saved_native_path_states,screening_length,m,13202,1,9.063093919880794e-17,4.261138442362993e-20,1.6263032587282567e-19,61,0.00022,INDISTINGUISHABLE_AT_ROUNDOFF
saved_native_path_states,ion_neutral_mean_free_path,m,13202,1,3.8769742005146075e-05,4.2330109333327245e-08,1.2077040519428619e-06,57,0.00045000000000000004,DIFFERENT_ABOVE_ROUNDOFF
saved_native_path_states,azimuthal_gas_vorticity,1/s,13202,1,0.11391311507963958,2.727683482488632,47.075565026690995,57,0.00045000000000000004,DIFFERENT_ABOVE_ROUNDOFF
saved_native_path_states,gas_velocity,m/s,13202,2,0.0035810760296882617,0.0003181138845511347,0.010125562706089455,57,0.00045000000000000004,DIFFERENT_ABOVE_ROUNDOFF
saved_native_path_states,electric_field,V/m,13202,2,0.027215677893262243,275.08328666814793,4913.518134943853,57,0.00045000000000000004,DIFFERENT_ABOVE_ROUNDOFF
saved_native_path_states,positive_ion_velocity,m/s,13202,2,0.03205461026207609,232.61119683849577,3781.17533030813,282,0.00045000000000000004,DIFFERENT_ABOVE_ROUNDOFF
saved_native_path_states,gradient_mean_e_squared,V^2/m^3,13202,2,0.29195059404890955,30312385868.17143,1903751355958.2634,64,0.00045000000000000004,DIFFERENT_ABOVE_ROUNDOFF
saved_native_path_states,gas_translational_heat_flux,W/m^2,13202,2,0.006557895752747474,0.6855775464614897,7.85900081158281,281,0.0,DIFFERENT_ABOVE_ROUNDOFF
