scope,quantity,unit,count,components,relative_l2,rms_vector_or_scalar,maximum_vector_or_scalar,worst_particle_id,worst_time_s,classification
identical_t0_state,charge_rate,e/s,287,1,0.049101396439728405,211213.84760235262,688792.2426175959,243,0.0,DIFFERENT_ABOVE_ROUNDOFF
identical_t0_state,electric_force,N,287,2,0.028620728726031663,4.9454460017086985e-17,1.3423758891848864e-16,241,0.0,DIFFERENT_ABOVE_ROUNDOFF
identical_t0_state,relative_flow_ion_drag_force,N,287,2,0.03633851072362343,5.091041793481538e-19,3.4622312131785006e-18,244,0.0,DIFFERENT_ABOVE_ROUNDOFF
identical_t0_state,epstein_drag_force,N,287,2,0.0032306738601937143,7.726037091172429e-20,4.262862690401258e-19,269,0.0,DIFFERENT_ABOVE_ROUNDOFF
identical_t0_state,waldmann_thermophoresis_force,N,287,2,0.007973674421697682,1.5696874585583436e-17,1.447438595321295e-16,281,0.0,DIFFERENT_ABOVE_ROUNDOFF
identical_t0_state,free_molecular_lift_sensitivity_force,N,287,2,0.11557314977379424,6.142153974965132e-22,4.411877271843519e-21,285,0.0,DIFFERENT_ABOVE_ROUNDOFF
identical_t0_state,dielectrophoresis_force,N,287,2,0.1259955413662082,4.813733121961484e-23,2.206458801417457e-22,71,0.0,DIFFERENT_ABOVE_ROUNDOFF
identical_t0_state,gravity_buoyancy_force,N,287,2,3.672672067450257e-12,4.1488154708569833e-29,1.2517312043352625e-28,242,0.0,DIFFERENT_ABOVE_ROUNDOFF
identical_t0_state,total_acceleration,m/s^2,287,2,0.03989452875541078,42.367518797783276,117.95613352838218,241,0.0,DIFFERENT_ABOVE_ROUNDOFF
saved_native_path_states,charge_rate,e/s,13202,1,0.06652730724631291,75090.05236424592,688792.2426175959,243,0.0,DIFFERENT_ABOVE_ROUNDOFF
saved_native_path_states,electric_force,N,13202,2,0.19845707946803373,8.846980627066782e-15,3.408746396685766e-14,243,0.0002,DIFFERENT_ABOVE_ROUNDOFF
saved_native_path_states,relative_flow_ion_drag_force,N,13202,2,0.10434869381286807,5.632545511496239e-17,1.7225754982074608e-15,282,0.00045000000000000004,DIFFERENT_ABOVE_ROUNDOFF
saved_native_path_states,epstein_drag_force,N,13202,2,0.00024201044102634733,5.419175104889875e-19,2.843105421981791e-18,197,0.00041000000000000005,DIFFERENT_ABOVE_ROUNDOFF
saved_native_path_states,waldmann_thermophoresis_force,N,13202,2,0.006629209165674921,1.2546809602110327e-17,1.447438595321295e-16,281,0.0,DIFFERENT_ABOVE_ROUNDOFF
saved_native_path_states,free_molecular_lift_sensitivity_force,N,13202,2,0.09777033828104582,2.1170161767285763e-20,3.2843914319671477e-19,57,0.00045000000000000004,DIFFERENT_ABOVE_ROUNDOFF
saved_native_path_states,dielectrophoresis_force,N,13202,2,0.29195059404890966,1.087970252160587e-22,6.83293242505136e-21,64,0.00045000000000000004,DIFFERENT_ABOVE_ROUNDOFF
saved_native_path_states,gravity_buoyancy_force,N,13202,2,5.160013787790637e-12,5.828983543915724e-29,3.8515363325438147e-28,57,0.00045000000000000004,DIFFERENT_ABOVE_ROUNDOFF
saved_native_path_states,total_acceleration,m/s^2,13202,2,0.2111019965566178,7682.7307146544945,29444.37692153273,243,0.0002,DIFFERENT_ABOVE_ROUNDOFF
