time_s,common_active_count,position_rms_m,position_max_m,status_mismatch_count,status_mismatch_fraction
0.0,287,0.0,0.0,0,0.0
1e-05,287,4.687646822918713e-08,1.8362387813364675e-07,0,0.0
2e-05,287,3.1148081820857396e-07,1.2482711127717677e-06,0,0.0
3.0000000000000004e-05,287,9.74685209131223e-07,3.997023302823046e-06,0,0.0
4e-05,287,2.188165440963996e-06,9.182418680996773e-06,0,0.0
5e-05,287,4.077376532621789e-06,1.7454811749215398e-05,0,0.0
6.000000000000001e-05,287,6.751314648085412e-06,2.936228590065e-05,0,0.0
7.000000000000001e-05,287,1.0303359598322891e-05,4.5386063446354936e-05,0,0.0
8e-05,287,1.4807726833262434e-05,6.592426196084215e-05,0,0.0
9e-05,287,2.032716509952095e-05,9.13458146952724e-05,0,0.0
0.0001,287,2.6906781807739003e-05,0.00012190171149898227,0,0.0
0.00011,287,3.457184519310325e-05,0.00015765132233958354,0,0.0
0.00012000000000000002,287,4.332069369466246e-05,0.00019861245009271207,0,0.0
0.00013000000000000002,287,5.3150563227905874e-05,0.00024468428497391356,0,0.0
0.00014000000000000001,287,6.40484880879821e-05,0.0002956144188682875,0,0.0
0.00015000000000000001,287,7.599071083074855e-05,0.0003509277608549834,0,0.0
0.00016,287,8.894542219228543e-05,0.00040997046109060575,0,0.0
0.00017,287,0.00010287252358990296,0.0004719377634704168,0,0.0
0.00018,287,0.00011775653473934394,0.0005359247064712746,0,0.0
0.00019,287,0.00013358254734748007,0.0006011373828615295,0,0.0
0.0002,287,0.00015030555743928193,0.00066712734505924,0,0.0
0.00021,287,0.00016786666818492703,0.0007335141744116587,0,0.0
0.00022,287,0.00018619533018045717,0.0007999648971235695,0,0.0
0.00023,287,0.00020519991232553685,0.0008659881430041384,0,0.0
0.00024000000000000003,287,0.00022481056485912905,0.0009311204721679902,0,0.0
0.00025,287,0.00024497621539338774,0.0009948644686980745,0,0.0
0.00026000000000000003,287,0.00026567607397153426,0.0010560767907724952,0,0.0
0.00027,287,0.0002868731016036175,0.0011135839616326308,0,0.0
0.00028000000000000003,287,0.00030853515940021175,0.0011669456390404885,0,0.0
0.00029,287,0.00033064037913482845,0.0012225569215680173,0,0.0
0.00030000000000000003,287,0.0003531603618487179,0.0013335072702735996,0,0.0
0.00031,287,0.00037605502045160897,0.0014458788829980113,0,0.0
0.00032,287,0.00039929729467942703,0.0015586630065437454,0,0.0
0.00033000000000000005,287,0.00042286592453580915,0.0016707146012500114,0,0.0
0.00034,287,0.0004467312220615304,0.0017806099925374121,0,0.0
0.00035000000000000005,287,0.00047086087496884345,0.00188685697995159,0,0.0
0.00036,287,0.0004952304635616544,0.001988181689765462,0,0.0
0.00037000000000000005,287,0.0005198234233085778,0.0020841412701233394,0,0.0
0.00038,287,0.0005446092173939959,0.0021745455782518817,0,0.0
0.00039000000000000005,287,0.0005695685999256979,0.0022594930139739054,0,0.0
0.0004,287,0.0005946910482021177,0.0023392082426960813,0,0.0
0.00041000000000000005,287,0.000619947970661065,0.002413427485057688,0,0.0
0.00042,287,0.0006453018205589791,0.0024820049790940245,0,0.0
0.00043000000000000004,287,0.0006707076193376622,0.002545031037376708,0,0.0
0.00044,287,0.0006961104652001238,0.002602909501827656,0,0.0
0.00045000000000000004,287,0.000721457537589429,0.0026562808913571665,0,0.0
0.00046,285,0.0007493214375318949,0.002705960809176165,0,0.0
0.00047000000000000004,277,0.0007856466259449285,0.0027529389459877594,0,0.0
0.00048000000000000007,276,0.000812551635271226,0.0027974572772341976,0,0.0
0.0004900000000000001,275,0.0008393768005440894,0.0028395772147841204,0,0.0
0.0005,275,0.0008645402257304732,0.0028795377619450007,0,0.0
0.0006,260,0.0011417094781936803,0.003348954840407494,1,0.003484320557491289
0.0007,247,0.0014317643183774378,0.005424282454715514,2,0.006968641114982578
0.0007999999999999999,236,0.0017146275985918831,0.007854829136206535,10,0.03484320557491289
0.0009,234,0.0018918287768766163,0.010383156153093478,11,0.03832752613240418
0.001,232,0.001966270781803736,0.013043370411822536,9,0.0313588850174216
0.0010999999999999998,232,0.002173630057929167,0.015896371144899835,8,0.027874564459930314
0.0012000000000000001,231,0.002044432110049071,0.004789174854272668,9,0.0313588850174216
0.0013,231,0.0021745347730762147,0.00491505605377134,9,0.0313588850174216
0.0014,231,0.002300817265657398,0.005035692243230343,9,0.0313588850174216
0.0015,231,0.0024229084265861576,0.005151709709756013,9,0.0313588850174216
0.0015999999999999999,231,0.002540407866270317,0.0052600501602320686,9,0.0313588850174216
0.0017000000000000001,231,0.0026530960908349747,0.005370202519116386,9,0.0313588850174216
0.0018,231,0.002760770420857798,0.0054982453755142305,8,0.027874564459930314
0.0019000000000000002,231,0.0028633761320460143,0.00561317901148485,8,0.027874564459930314
0.002,231,0.00296110798354686,0.005715640870059583,8,0.027874564459930314
0.0021,231,0.003054127733786352,0.005806606011565954,8,0.027874564459930314
0.0022,231,0.0031427406875429165,0.0058880660510757825,8,0.027874564459930314
0.0023,231,0.003227103312645943,0.005961093740038041,8,0.027874564459930314
0.0024000000000000002,231,0.0033073199996633113,0.006027274257271058,8,0.027874564459930314
0.0025,231,0.0033837159146582513,0.00608707676641165,8,0.027874564459930314
0.0026,231,0.003456515787214214,0.0061402097084342884,8,0.027874564459930314
0.0027,231,0.0035258658427066414,0.006187475736595329,8,0.027874564459930314
0.0028,231,0.0035920383121571097,0.006229937501914995,8,0.027874564459930314
0.0029,231,0.0036551173221922805,0.006268313133556514,8,0.027874564459930314
0.003,231,0.003715279353735868,0.0063033063243628455,8,0.027874564459930314
0.0031,231,0.003772750124077136,0.006335734063962732,8,0.027874564459930314
0.0032,231,0.003827509369064497,0.0063659447679582665,8,0.027874564459930314
0.0033,231,0.0038797092081228435,0.0063927612936916746,8,0.027874564459930314
0.0034,231,0.00392949664795926,0.006417113483715971,8,0.027874564459930314
0.0035,231,0.003976987092988096,0.006439714745620376,8,0.027874564459930314
0.0036,231,0.004022209579229651,0.0064631963187371,8,0.027874564459930314
0.0037,231,0.0040653617933684195,0.006577022488146775,8,0.027874564459930314
0.0038,231,0.004106544553490114,0.00668803177075622,8,0.027874564459930314
0.0039,231,0.004145948647325617,0.006797073600612815,8,0.027874564459930314
0.004,231,0.00418358802428302,0.006903736232982384,8,0.027874564459930314
0.0041,231,0.004219550903270644,0.007008046436208876,8,0.027874564459930314
0.004200000000000001,231,0.004253916615764985,0.0071097838249893405,8,0.027874564459930314
0.0043,231,0.004286915859769188,0.007208605493718206,8,0.027874564459930314
0.0044,231,0.004318620786240332,0.007304523454223066,8,0.027874564459930314
0.0045000000000000005,231,0.0043490888903379874,0.007398130302625992,8,0.027874564459930314
0.0046,231,0.004378415733359574,0.007488461357388243,8,0.027874564459930314
0.0047,231,0.0044065526284246415,0.007575902476197458,8,0.027874564459930314
0.0048000000000000004,231,0.004433556615794808,0.007661343641945687,8,0.027874564459930314
0.0049,231,0.004459467066564515,0.0077461463037097255,8,0.027874564459930314
0.005,231,0.004484415781980205,0.007830044500795254,8,0.027874564459930314
0.006,231,0.00467840823068143,0.008549848214645142,8,0.027874564459930314
0.007,231,0.004768795244814463,0.009264778332811658,8,0.027874564459930314
0.008,231,0.004964502311591132,0.010354884230943233,8,0.027874564459930314
0.009000000000000001,231,0.0063782882881645835,0.01462818126225404,8,0.027874564459930314
0.01,231,0.008632825686353174,0.022146563961856876,8,0.027874564459930314
0.011,211,0.01018822952962826,0.026471259847105126,25,0.08710801393728224
0.012,136,0.01166686718742932,0.02860410581223127,38,0.13240418118466898
0.013000000000000001,128,0.01081221231504449,0.02947721498559076,39,0.13588850174216027
0.014,119,0.009802421083906523,0.027780138138110793,45,0.156794425087108
0.015000000000000001,110,0.009784353914855406,0.02561185707135262,45,0.156794425087108
0.016,105,0.010923303235892825,0.026513056566139618,41,0.14285714285714285
0.017,100,0.011822246845858975,0.028952539776940286,32,0.11149825783972125
0.018000000000000002,96,0.012335126938802274,0.03001874095673563,29,0.10104529616724739
0.019000000000000003,84,0.011582593509314709,0.02547112344314568,40,0.13937282229965156
0.02,64,0.012211020588056372,0.026440852151972272,53,0.18466898954703834
0.020999999999999998,54,0.013670176543394356,0.0296992520993503,53,0.18466898954703834
0.022,49,0.01458725125667457,0.027009445933208046,47,0.16376306620209058
0.023,47,0.015149838512184308,0.02785558578284497,43,0.14982578397212543
0.024,44,0.0157377637564161,0.02878874000251893,40,0.13937282229965156
0.025,41,0.016598635807856296,0.030533629895850255,37,0.1289198606271777
0.026000000000000002,37,0.01763390341711873,0.03334553145239459,39,0.13588850174216027
0.027000000000000003,29,0.017232342252308165,0.029819920200742447,38,0.13240418118466898
0.027999999999999997,29,0.018621904364645805,0.03185425485058501,34,0.11846689895470383
0.028999999999999998,28,0.019176766562590885,0.03303285106692475,33,0.11498257839721254
0.03,24,0.019932715075104038,0.033995043397796035,35,0.12195121951219512
