artifact,size_bytes,sha256
campaign_config.json,2743,828d1e3954e8f7d55086c907fc2a985d6b50d85789d4ff9254f8309e403407d1
closeout_manifest.json,2528,583d448124b51f81538f69f2401837de9d41810290bfc4b264eab4faeece0076
README.md,3867,c9243eeabef9b9d77951abc45cddd01b470c76060f0f83d34ab0009609ae7791
reference_dt_1p25us_execution_inputs.json,3282,0a112750b8e569033f45f389283cdd9a672ad8764dfe5e10c3f07c6abe4d4bb2
reference_dt_1p25us_normalization_summary.json,3850,116ac88bf117743225ed0509a9dcd2dcf5930bbcf2a1f5ec43d3de7f76be0df3
reference_dt_1p25us_process_metrics.json,216,9659a4893f3a73a74874db9109b6eb02be8b85d3a9fc685d3d44f85b5221975e
reference_dt_1p25us_run_receipt.json,5790,bcef02bbe2ec0f8a5bd3b83343afe72d64cd3a973dfa7d9aa4e25cc3640b838e
reference_dt_2p5us_execution_inputs.json,3281,92e8eab6580329eaad72341898eb110555bdce9a7bf9e2e3e8ee862ecd687172
reference_dt_2p5us_normalization_summary.json,3849,4fc7047c17662aee51548d2f55f53fc0b2fd43518e88bd9ef861b821c3f3d247
reference_dt_2p5us_process_metrics.json,215,10eafd1cbbf786475809b0942b7ef9df029e65550f1ae1dd5901409d2a3cd1ff
reference_dt_2p5us_run_receipt.json,5785,5e5376956ca99f66966ff971a8ee26b4407336308366319d70aa09d29ac479b3
reference_dt_5us_execution_inputs.json,3279,9533fb8f6c93bc9df3a931ef826d40889f11c2e555a9fb692db07edc92c28fa6
reference_dt_5us_normalization_summary.json,3847,febf241ba82ec7f763bd600b1ca9c919ee76eb2e62a7b036bf7f483e8be5ab8c
reference_dt_5us_process_metrics.json,212,e9cff42f8070d9d2b3d41c41508c4fe3108707a6814b50b5656124db11e7bbf6
reference_dt_5us_run_receipt.json,5774,3111a9873753325f254269687df4528012481092677a52e40a55c691df3a36cc
three_current_release_receipt.json,4584,3f2d7fb3b95ba8bc4d7a3fa4f7b49765f6fc07abb2501124142f3a096cad524d
trajectory_evaluation.json,16601,4000f129b1a9733db70fbf0d319e508d5df1616d27afe74f1199f3e9d0d40e6e
