case_id,identity_status,settings_provenance_status,active_rows,linear_epstein_replay_status,linear_force_relative_residual_p90,linear_force_relative_residual_max,effective_mmix_sensitivity_status,p15e_speed_ratio_S_p90,p15e_speed_ratio_S_max,mean_free_path_over_radius_min,finite_vs_linear_coefficient_relative_difference_p90,finite_vs_linear_coefficient_relative_difference_max,p15e_existing_revision_physical_status,p16_low_speed_ratio_p90,p16_low_speed_ratio_max,p16_low_speed_saved_row_coverage,p16_kn_and_low_speed_saved_row_coverage,p16_existing_revision_physical_status,waldmann_algebraic_equivalence_status,waldmann_algebraic_relative_residual_max,trajectory_thermophoresis_force_replay_status,continuous_path_applicability_status,background_gradient_characterization_status,background_finite_rows,background_lambda_gradT_over_T_min,background_lambda_gradT_over_T_p90,background_lambda_gradT_over_T_max
formal_iondrag_theory_consistent/caseP_10nm,PASS,PASS,34727,PASS,3.898988492851702e-16,8.742179601767559e-16,PASS,0.3634890872356677,0.4988176031379069,405555.85275738646,0.019342783020283298,0.0361327643117868,NOT_APPLICABLE,0.3221338162164951,0.4420655907906212,0.5428341060270107,0.5428341060270107,NOT_APPLICABLE,PASS,6.629100736441229e-16,NOT_TESTED,NOT_TESTED,PASS,46530,0.00020868872506360375,0.05327192069416717,0.08600306462850787
formal_iondrag_theory_consistent/caseP_30nm,PASS,PASS,34727,PASS,3.358410642588859e-16,8.007320727022943e-16,PASS,0.19409842021953905,0.2606296193853637,135185.28425246215,0.005552302013879464,0.009989541176128824,NOT_APPLICABLE,0.17201524618639952,0.2309769862698134,0.6734529328764361,0.6734529328764361,NOT_APPLICABLE,PASS,4.976750550815664e-16,NOT_TESTED,NOT_TESTED,PASS,46530,0.00020868872506360375,0.05327192069416717,0.08600306462850787
formal_iondrag_theory_consistent/caseP_100nm,PASS,PASS,34727,PASS,3.869425771116649e-16,8.934137638742288e-16,PASS,0.10799513538011059,0.1626942732425691,40555.585275738646,0.0017220326028913214,0.0039040873016973343,NOT_APPLICABLE,0.09570819679176976,0.14418404556453293,0.9169522273735135,0.9169522273735135,NOT_APPLICABLE,PASS,6.194200454269475e-16,NOT_TESTED,NOT_TESTED,PASS,46530,0.00020868872506360375,0.05327192069416717,0.08600306462850787
formal_iondrag_theory_consistent/caseA_10nm,PASS,PASS,31269,PASS,3.8313297031863293e-16,1.0585919309819979e-15,PASS,0.1977726204459806,0.4446405334532514,395538.07869945315,0.005763907562368465,0.0288117378854027,NOT_APPLICABLE,0.17527142135657664,0.39405241289394916,0.6840960695896895,0.6840960695896895,NOT_APPLICABLE,PASS,6.629100736441229e-16,NOT_TESTED,NOT_TESTED,PASS,46530,0.00020868872501054265,0.05327192069416717,0.08600306462853821
formal_iondrag_theory_consistent/caseA_30nm,PASS,PASS,31775,PASS,3.365474824325813e-16,8.472305150255768e-16,PASS,0.11674601666590421,0.13171770720892456,131839.62253779947,0.002012130917924138,0.0025606209167301497,NOT_APPLICABLE,0.10346346340868073,0.11673177868745178,0.8770416994492526,0.8770416994492526,NOT_APPLICABLE,PASS,5.324453505447478e-16,NOT_TESTED,NOT_TESTED,PASS,46530,0.00020868872501054265,0.05327192069416717,0.08600306462853821
formal_iondrag_theory_consistent/caseA_100nm,PASS,PASS,28354,PASS,3.912077557419415e-16,9.958651745870876e-16,PASS,0.058695406727919605,0.07288424225126208,39515.005161349654,0.0005089742962910871,0.0007846880281903168,NOT_APPLICABLE,0.05201744984268331,0.06459197792428999,1.0,1.0,NOT_APPLICABLE,PASS,6.194200454269475e-16,NOT_TESTED,NOT_TESTED,PASS,46530,0.00020868872501054265,0.05327192069416717,0.08600306462853821
formal_iondrag_image_minimal_corrected/caseP_10nm,PASS,PASS,34727,PASS,3.888062918048249e-16,1.01575127588276e-15,PASS,0.3539568129747265,0.5730616769473486,405555.85275738646,0.01835037134686011,0.04743023653840828,NOT_APPLICABLE,0.31368605810564876,0.5078626880558503,0.5488236818613759,0.5488236818613759,NOT_APPLICABLE,PASS,6.629100736441229e-16,NOT_TESTED,NOT_TESTED,PASS,46530,0.00020868872506360375,0.05327192069416717,0.08600306462850787
formal_iondrag_image_minimal_corrected/caseP_30nm,PASS,PASS,34727,PASS,3.393322704384844e-16,8.073347344193669e-16,PASS,0.19697982765833247,0.3516072998188244,135185.28425246215,0.005717916768552467,0.018109670362937313,NOT_APPLICABLE,0.1745688270418581,0.3116038562851828,0.629826935813632,0.629826935813632,NOT_APPLICABLE,PASS,4.976750550815664e-16,NOT_TESTED,NOT_TESTED,PASS,46530,0.00020868872506360375,0.05327192069416717,0.08600306462850787
formal_iondrag_image_minimal_corrected/caseP_100nm,PASS,PASS,33714,PASS,3.870339269571001e-16,8.852474498459361e-16,PASS,0.11487463742727459,0.21227616533574228,39582.04808340386,0.0019482012475019906,0.006637489031977362,NOT_APPLICABLE,0.10180499673967389,0.1881248533523962,0.8942279171857389,0.8942279171857389,NOT_APPLICABLE,PASS,6.194200454269475e-16,NOT_TESTED,NOT_TESTED,PASS,46530,0.00020868872506360375,0.05327192069416717,0.08600306462850787
formal_iondrag_image_minimal_corrected/caseA_10nm,PASS,PASS,33962,PASS,3.8040754219501696e-16,8.820999292895856e-16,PASS,0.19180386264938404,0.4444216507431982,395591.68546572566,0.005422144555748033,0.028783767085722056,NOT_APPLICABLE,0.1699817474857267,0.39385843314278396,0.7178022495730523,0.7178022495730523,NOT_APPLICABLE,PASS,6.629100736441229e-16,NOT_TESTED,NOT_TESTED,PASS,46530,0.00020868872501054265,0.05327192069416717,0.08600306462853821
formal_iondrag_image_minimal_corrected/caseA_30nm,PASS,PASS,34440,PASS,3.322565248243237e-16,7.853354184951529e-16,PASS,0.11382169614470404,0.13105573288339056,131874.05199640308,0.0019126833248896977,0.002534979156993078,NOT_APPLICABLE,0.1008718518241391,0.11614511921620513,0.8952090592334495,0.8952090592334495,NOT_APPLICABLE,PASS,5.324453505447478e-16,NOT_TESTED,NOT_TESTED,PASS,46530,0.00020868872501054265,0.05327192069416717,0.08600306462853821
formal_iondrag_image_minimal_corrected/caseA_100nm,PASS,PASS,30671,PASS,3.8858346503847365e-16,8.917817829734971e-16,PASS,0.05531470675674839,0.0718949973464408,39517.320742601936,0.00045204409154231406,0.0007635395264111722,NOT_APPLICABLE,0.049021382501354016,0.06371528245377041,1.0,1.0,NOT_APPLICABLE,PASS,6.194200454269475e-16,NOT_TESTED,NOT_TESTED,PASS,46530,0.00020868872501054265,0.05327192069416717,0.08600306462853821
