layer,gate,quantity,statistic,observed,operator,limit,observed_to_limit,status,interpretation
artifact_integrity,reference_ledger_hash_and_size,reference_artifacts,mismatches,0,==,0,,PASS,40_files_19174223_indexed_bytes
artifact_integrity,reference_ledger_coverage,reference_artifacts,path_set_mismatches,0,==,0,,PASS,ledger_exclusions_are_ledger_run_status_and_run_receipt
artifact_integrity,candidate_embedded_hashes,v13_v14_and_three_step_candidates,mismatches,0,==,0,,PASS,22_independently_recomputed_links
artifact_integrity,material_eval_json_csv_alignment,material_event_gates,name_or_status_mismatches,0,==,0,,PASS,20_json_rows_equal_20_source_csv_rows
v14_temporal_self,v14_candidate_position_fine_relative_l2,position,fine_relative_l2,6.099791486063973e-8,<=,1e-4,0.0006099791486063972,PASS,locked_case_0_to_450us
v14_temporal_self,v14_candidate_velocity_fine_relative_l2,velocity,fine_relative_l2,8.321356016032579e-8,<=,5e-4,0.00016642712032065158,PASS,locked_case_0_to_450us
v14_temporal_self,v14_candidate_charge_fine_relative_l2,charge,fine_relative_l2,1.3796067752988052e-8,<=,2e-5,0.0006898033876494025,PASS,locked_case_0_to_450us
v14_temporal_self,v14_candidate_position_observed_rms_order,position,observed_rms_order,2.029875353701904,>=,0.75,2.7065004716025385,PASS,order_evaluated_not_formal_RK4_order
v14_temporal_self,v14_candidate_velocity_observed_rms_order,velocity,observed_rms_order,2.0816971911764033,>=,0.75,2.775596254901871,PASS,order_evaluated_not_formal_RK4_order
v14_temporal_self,v14_candidate_charge_observed_rms_order,charge,observed_rms_order,2.044084026475049,>=,0.75,2.7254453686333986,PASS,order_evaluated_not_formal_RK4_order
current_same_field,current_position_rms,position,rms_m,4.06807283316903e-13,<=,6e-8,6.780121388615051e-6,PASS,v14_fine_candidate_vs_common_P1_reference
current_same_field,current_position_maximum,position,maximum_m,1.2035778717837921e-12,<=,7e-7,1.7193969596911318e-6,PASS,v14_fine_candidate_vs_common_P1_reference
current_same_field,current_position_relative_l2,position,relative_l2,2.0316001855367802e-10,<=,1e-4,2.03160018553678e-6,PASS,v14_fine_candidate_vs_common_P1_reference
current_same_field,current_velocity_rms,velocity,rms_m_per_s,2.10847522277453e-9,<=,4e-4,5.271188056936325e-6,PASS,v14_fine_candidate_vs_common_P1_reference
current_same_field,current_velocity_maximum,velocity,maximum_m_per_s,3.844306466969233e-9,<=,3.5e-3,1.0983732762769236e-6,PASS,v14_fine_candidate_vs_common_P1_reference
current_same_field,current_velocity_relative_l2,velocity,relative_l2,1.9630813983926987e-10,<=,5e-4,3.926162796785397e-7,PASS,v14_fine_candidate_vs_common_P1_reference
current_same_field,current_charge_rms,charge,rms_e,1.1818881019499895e-7,<=,4e-4,0.00029547202548749733,PASS,v14_fine_candidate_vs_common_P1_reference
current_same_field,current_charge_maximum,charge,maximum_e,2.3758877887303242e-7,<=,4.5e-3,5.279750641622943e-5,PASS,v14_fine_candidate_vs_common_P1_reference
current_same_field,current_charge_relative_l2,charge,relative_l2,4.670220207738041e-10,<=,2e-5,2.3351101038690202e-5,PASS,v14_fine_candidate_vs_common_P1_reference
material_event,candidate_zero_failures,candidate,failure_count,0,==,0,,PASS,material_candidate_v3
material_event,candidate_current_pre_event_same_field_agreement,candidate_prefix,passed_gates,9,==,9,1,PASS,material_eval_v5_recomputed_prefix_summary
material_event,reference_exactly_one_nonactive_stuck_particle,reference,nonactive_particle_count,1,==,1,1,PASS,particle_57_current_status_3
material_event,reference_event_time_bracketed_by_saved_status_transition,reference,event_time_bracket,true,==,true,,PASS,450us_le_event_le_458us
material_event,candidate_first_event_identity,candidate,identity_match,true,==,true,,PASS,particle57_ordinal1_boundary6_wafer_external134_facet38_stick_stuck
material_event,candidate_exactly_one_nonactive_stuck_particle,candidate,nonactive_particle_count,1,==,1,1,PASS,particle_57
material_event,candidate_active_to_stuck_transition,candidate,lifecycle_transition,true,==,true,,PASS,46_active_then_2_stuck_saved_rows
material_event,candidate_event_time_bracketed_by_saved_lifecycle_transition,candidate,event_time_bracket,true,==,true,,PASS,450us_le_event_le_458us
material_event,candidate_stick_event_post_velocity_is_zero,candidate,maximum_absolute_component_m_per_s,0,<=,0,,PASS,event_row
material_event,candidate_all_saved_stuck_velocities_are_zero,candidate,maximum_absolute_component_m_per_s,0,<=,0,,PASS,2_saved_stuck_rows
material_event,canonical_event_facet_is_expected_wafer_surface,canonical_facet,surface_match,true,==,true,,PASS,z_0p022m_segment_r_0p146025_to_0p1485m
material_event,reference_hit_on_canonical_event_facet,reference,distance_m,0,<=,2e-12,0,PASS,first_terminal_saved_position
material_event,candidate_hit_on_canonical_event_facet,candidate,distance_m,0,<=,2e-12,0,PASS,event_hit_position
material_event,event_time_absolute_difference,cross,event_time_absolute_s,2.157542807607049e-13,<=,1e-9,0.0002157542807607049,PASS,first_wafer_stick_only
material_event,hit_position_norm_difference,cross,hit_position_norm_m,2.683964162031316e-14,<=,2e-9,1.341982081015658e-5,PASS,first_wafer_stick_only
material_event,reference_terminal_position_hold,reference,maximum_norm_m,0,<=,2e-12,0,PASS,2_terminal_saved_rows
material_event,candidate_terminal_position_hold,candidate,maximum_norm_m,0,<=,2e-12,0,PASS,event_hit_plus_2_stuck_saved_rows
material_event,terminal_charge_absolute_difference,cross,terminal_charge_absolute_e,4.7283812421028415e-9,<=,0.0045,1.050751387133965e-6,PASS,first_wafer_stick_only
material_event,reference_terminal_charge_hold,reference,span_e,0,<=,7.275957614183426e-12,0,PASS,2_terminal_saved_rows
material_event,candidate_terminal_charge_hold,candidate,span_e,0,<=,7.275957614183426e-12,0,PASS,event_pre_post_plus_2_stuck_saved_rows
