case_id,legacy_case_profile,field_source_mode,ion_drag_model,diameter_nm,package_structure_status,rows,particles,stored_times,time_start_s,time_end_s,active_rows,valid_active_rows,invalid_active_rows,particle_time_monotonic,output_time_grid_sha256,output_time_interval_levels_s,unique_particle_time_keys,duplicate_particle_time_keys,particle_block_count,rows_per_particle_min,rows_per_particle_max,common_particle_time_grid,charge_sample_rows,charge_applicability_primitives_finite_fraction,charge_debye_gate_fraction,charge_stationary_ion_gate_fraction,charge_sampled_radius_drift_gate_fraction,charge_sampled_applicable_fraction,charge_radius_over_debye_p90,charge_ion_drift_ratio_p50,charge_ion_drift_ratio_p90,charge_ion_drift_ratio_max,charge_positive_ion_mass_relative_span,charge_scalar_ion_mass_gate_fraction,charge_scalar_ion_mass_contract,charge_negative_ion_to_electron_ratio_p50,charge_negative_ion_to_electron_ratio_p90,charge_negative_ion_to_electron_ratio_max,charge_two_species_assumption,dataset_charge_rate_abs_p50_number_per_s,dataset_charge_rate_abs_p90_number_per_s,dataset_charge_rate_abs_max_number_per_s,dataset_internal_step_fractional_charge_activity_p90,dataset_internal_step_fractional_charge_activity_max,dataset_particle_max_charge_excursion_p50,dataset_particle_max_charge_excursion_p90,dataset_drift_aware_charge_rate_formula_parity,dataset_charge_rate_global_relative_l2_residual,dataset_charge_rate_current_scale_residual_p90,dataset_charge_rate_current_scale_residual_p99,dataset_charge_rate_current_scale_residual_max,dataset_charge_rate_formula_finite_fraction,dataset_drift_aware_local_h_abs_dR_dZ_p90,dataset_drift_aware_local_h_abs_dR_dZ_max,dataset_drift_aware_local_h_abs_dR_dZ_over_half_fraction,dataset_charge_positive_potential_branch_fraction,dataset_charge_ion_energy_floor_branch_fraction,dataset_charge_electron_exponent_clamp_branch_fraction,dataset_charge_ion_exponent_clamp_branch_fraction,dataset_drift_aware_charge_stiffness,charge_particle_all_active_samples_applicable_fraction,charge_first_sampled_violation_time_s,epstein_sample_rows,epstein_lambda_gate_fraction,epstein_low_speed_gate_fraction,epstein_sampled_applicable_fraction,epstein_lambda_over_radius_min,epstein_speed_ratio_p50,epstein_speed_ratio_p90,epstein_speed_ratio_max,epstein_inferred_neutral_mass_relative_error_p90,epstein_inferred_neutral_mass_relative_error_max,epstein_diffuse_reflection_fraction,epstein_delta,epstein_force_formula_parity,epstein_force_vector_relative_residual_p90,epstein_force_vector_relative_residual_p99,epstein_force_vector_relative_residual_max,epstein_particle_all_active_samples_applicable_fraction,epstein_first_sampled_violation_time_s,charge_number_initial_median,charge_number_last_active_saved_median,charge_number_last_active_saved_p10,charge_number_last_active_saved_p90,last_active_charge_particle_count,terminal_status_counts
formal_iondrag_theory_consistent/caseP_10nm,caseP,imported_external_plasma_fields,relative_flow_screened_collection_orbital_v1,10,PASS,34727,287,121,0.0,0.03,34727,34727,0,True,cad1889fcfa21dedc99d72222d46d51d3a7de2c8b664b991aaaed8122a64798e,1e-05;0.0001;0.001,34727,0,287,121,121,True,34727,1.0,1.0,0.0,0.0,0.0,0.0003134308835220648,3.039172196607335,26.340709303761894,59.17912646671968,0.006269460632719257,0.0,MISMATCH,0.4035824632813782,0.7135466814199631,2.486979021506061,NOT_APPLICABLE,4497.638919812685,68955.99351917188,125871.06671374521,0.09177246311644398,0.3018236924468567,40.67929306479333,40.73194762164947,PASS,1.7546782295511525e-12,1.5168780436390277e-12,1.5217393985806918e-12,1.5233750100117992e-12,1.0,0.06574611462259217,0.106900970252122,0.0,0.0,0.0,0.0,0.0,SAMPLED_LOCAL_CHARACTERIZATION_NOT_CONTINUOUS_PATH_CERTIFICATE,0.0,0.0,34727,1.0,0.5428341060270107,0.5428341060270107,405555.85275738646,0.06322943294891982,0.3221338162164951,0.4420655907906212,4.440892098500626e-16,4.440892098500626e-16,0.9,1.3534291735288517,PASS,3.898988492851702e-16,5.861086433340664e-16,8.742179601767559e-16,0.0,2e-05,-1.0,-41.4983941372718,-41.658779879833624,-36.909749294151354,287,1:287
formal_iondrag_theory_consistent/caseP_30nm,caseP,imported_external_plasma_fields,relative_flow_screened_collection_orbital_v1,30,PASS,34727,287,121,0.0,0.03,34727,34727,0,True,cad1889fcfa21dedc99d72222d46d51d3a7de2c8b664b991aaaed8122a64798e,1e-05;0.0001;0.001,34727,0,287,121,121,True,34727,1.0,1.0,0.0,0.0,0.0,0.0008343620068072456,5.689211222899265,28.272626543101786,59.158468464880116,0.0053826377241187355,0.0,MISMATCH,0.07992713833937777,0.4860391114489447,2.270230592604884,NOT_APPLICABLE,30883.645816827062,225908.15390509964,418491.04695700493,0.09754530431472823,2.8959377018310954,135.75003747930393,137.4716147706823,PASS,1.9469410393291964e-12,1.5106594597490584e-12,1.516105881630986e-12,1.5243540643361053e-12,1.0,0.07463736484170982,0.19816490474066076,0.0,0.0,0.0,0.0,0.0,SAMPLED_LOCAL_CHARACTERIZATION_NOT_CONTINUOUS_PATH_CERTIFICATE,0.0,0.0,34727,1.0,0.6734529328764361,0.6734529328764361,135185.28425246215,0.06183548205148431,0.17201524618639955,0.23097698626981344,4.440892098500626e-16,4.440892098500626e-16,0.9,1.3534291735288517,PASS,3.358410642588859e-16,5.010876691433531e-16,8.007320727022943e-16,0.0,0.00013000000000000002,-1.0,-115.98827168494275,-128.84170025686424,-115.33480642658942,287,1:287
formal_iondrag_theory_consistent/caseP_100nm,caseP,imported_external_plasma_fields,relative_flow_screened_collection_orbital_v1,100,PASS,34727,287,121,0.0,0.03,34727,34727,0,True,cad1889fcfa21dedc99d72222d46d51d3a7de2c8b664b991aaaed8122a64798e,1e-05;0.0001;0.001,34727,0,287,121,121,True,34727,1.0,1.0,0.0,0.0,0.0,0.0024869293904876133,14.16668799112549,40.32918145647472,59.19190499537131,0.005954651954161347,0.0,MISMATCH,0.019591546371599933,0.3076432875724041,2.396338565530904,NOT_APPLICABLE,145993.14360656688,499625.69180934335,3290561.642988513,0.07324652263419522,32.905616429885136,472.7539815163938,524.5712443252784,PASS,3.998871137860056e-12,1.4945600926734276e-12,1.5104199554884192e-12,1.5245925265118815e-12,1.0,0.11642154331537215,0.7210043331972142,0.005125694704408673,0.0,0.0,0.0,0.0,SAMPLED_LOCAL_CHARACTERIZATION_NOT_CONTINUOUS_PATH_CERTIFICATE,0.0,0.0,34727,1.0,0.9169522273735135,0.9169522273735135,40555.585275738646,0.04310983011120906,0.09570819679176977,0.14418404556453293,4.440892098500626e-16,4.440892098500626e-16,0.9,1.3534291735288517,PASS,3.869425771116649e-16,5.8273065920136e-16,8.934137638742288e-16,0.6097560975609756,0.00031,-1.0,-402.6771602873503,-410.4534626746794,-399.4598031653563,287,1:287
formal_iondrag_theory_consistent/caseA_10nm,caseA,reduced_electrostatic_reference,relative_flow_screened_collection_orbital_v1,10,PASS,34727,287,121,0.0,0.03,31269,31269,0,True,cad1889fcfa21dedc99d72222d46d51d3a7de2c8b664b991aaaed8122a64798e,1e-05;0.0001;0.001,34727,0,287,121,121,True,31269,1.0,1.0,0.0,0.0,0.0,0.0001223236599640198,6.921729240290991,8.163706825779553,43.03104481438398,0.0,1.0,MATCH,0.0,0.0,0.0,MATCH,10675.197502704077,53844.27012464168,84678.68852199946,0.08516840151462522,0.8467868852199947,53.33024247416779,53.958097799230764,PASS,1.5642250215789699e-12,1.5252784224055622e-12,1.5305034580166229e-12,1.5324770058094801e-12,1.0,0.0393256400236481,0.06138546154169043,0.0,0.0,0.0,0.0,0.0,SAMPLED_LOCAL_CHARACTERIZATION_NOT_CONTINUOUS_PATH_CERTIFICATE,0.0,0.0,31269,1.0,0.6840960695896895,0.6840960695896895,395538.07869945315,0.041811331663751,0.17527142135657664,0.39405241289394916,4.440892098500626e-16,4.440892098500626e-16,0.9,1.3534291735288517,PASS,3.8313297031863293e-16,5.735272105677258e-16,1.0585919309819979e-15,0.059233449477351915,1e-05,-1.0,-54.312683634500246,-54.94802450237693,-52.67540793891802,287,1:11;4:276
formal_iondrag_theory_consistent/caseA_30nm,caseA,reduced_electrostatic_reference,relative_flow_screened_collection_orbital_v1,30,PASS,34727,287,121,0.0,0.03,31775,31775,0,True,cad1889fcfa21dedc99d72222d46d51d3a7de2c8b664b991aaaed8122a64798e,1e-05;0.0001;0.001,34727,0,287,121,121,True,31775,1.0,1.0,0.0,0.0,0.0,0.00036880852133701483,7.369705647025752,13.246822030238196,43.03104481438398,0.0,1.0,MATCH,0.0,0.0,0.0,MATCH,17866.061900262146,268370.15249478567,799834.5581278581,0.12929617555792006,7.998345581278581,165.44201732274027,165.5691884307861,PASS,1.5852130113577666e-12,1.5149885076465686e-12,1.526912740215571e-12,1.5329941769435318e-12,1.0,0.06613190518022871,0.19317125654580788,0.0,0.0,0.0,0.0,0.0,SAMPLED_LOCAL_CHARACTERIZATION_NOT_CONTINUOUS_PATH_CERTIFICATE,0.0,0.0,31775,1.0,0.8770416994492526,0.8770416994492526,131839.62253779947,0.03854709764818259,0.10346346340868073,0.11673177868745178,4.440892098500626e-16,4.440892098500626e-16,0.9,1.3534291735288517,PASS,3.365474824325813e-16,5.047469922220495e-16,8.472305150255768e-16,0.36585365853658536,0.00014000000000000001,-1.0,-166.31854824083536,-166.44563698772885,-165.7766756876076,287,1:51;4:236
formal_iondrag_theory_consistent/caseA_100nm,caseA,reduced_electrostatic_reference,relative_flow_screened_collection_orbital_v1,100,PASS,34727,287,121,0.0,0.03,28354,28354,0,True,cad1889fcfa21dedc99d72222d46d51d3a7de2c8b664b991aaaed8122a64798e,1e-05;0.0001;0.001,34727,0,287,121,121,True,28354,1.0,1.0,0.0,0.0,0.0,0.0012273470211326505,7.869017911060782,28.4185996464015,51.283086858997045,0.0,1.0,MATCH,0.0,0.0,0.0,MATCH,29000.04247414216,1048523.3384280164,9038564.113472851,0.10014475670152373,90.38564113472852,556.2303154269051,557.8661540500543,PASS,1.6306579838690021e-12,1.4782086563344783e-12,1.5203227083710935e-12,1.5331245349474342e-12,1.0,0.08041603791473913,0.6547229400886341,0.001904493193200254,0.08732453974747831,0.0,0.0,0.0,SAMPLED_LOCAL_CHARACTERIZATION_NOT_CONTINUOUS_PATH_CERTIFICATE,0.0,0.0,28354,1.0,1.0,1.0,39515.005161349654,0.016367694366097273,0.05201744984268332,0.06459197792428999,4.440892098500626e-16,4.440892098500626e-16,0.9,1.3534291735288517,PASS,3.912077557419415e-16,5.99937306391404e-16,9.958651745870876e-16,1.0,,-1.0,-554.8077997390211,-555.780280775355,9.872206510229399,287,1:51;3:56;4:180
formal_iondrag_image_minimal_corrected/caseP_10nm,caseP,imported_external_plasma_fields,electric_field_aligned_image_sensitivity_v1,10,PASS,34727,287,121,0.0,0.03,34727,34727,0,True,cad1889fcfa21dedc99d72222d46d51d3a7de2c8b664b991aaaed8122a64798e,1e-05;0.0001;0.001,34727,0,287,121,121,True,34727,1.0,1.0,0.0,0.0,0.0,0.00027697805111783337,3.5340259629121538,26.341834668936563,59.17916026914788,0.0049271757073343645,0.0,MISMATCH,0.26180171511435096,0.4786913114221588,2.0602252430938353,NOT_APPLICABLE,3538.978020743327,68491.326456007,125119.08585181572,0.09146273026744639,0.3018236924468567,38.56186852419039,42.13577343438695,PASS,1.6931945343502307e-12,1.5168676461467367e-12,1.5217249299438644e-12,1.5233750100117992e-12,1.0,0.06438981497936624,0.10628719954253875,0.0,0.0,0.0,0.0,0.0,SAMPLED_LOCAL_CHARACTERIZATION_NOT_CONTINUOUS_PATH_CERTIFICATE,0.0,0.0,34727,1.0,0.5488236818613759,0.5488236818613759,405555.85275738646,0.0636961331396226,0.31368605810564876,0.5078626880558503,4.440892098500626e-16,4.440892098500626e-16,0.9,1.3534291735288517,PASS,3.888062918048249e-16,5.888232677590063e-16,1.01575127588276e-15,0.0,2e-05,-1.0,-38.72852627866197,-42.79096574196149,-37.91052908385966,287,1:287
formal_iondrag_image_minimal_corrected/caseP_30nm,caseP,imported_external_plasma_fields,electric_field_aligned_image_sensitivity_v1,30,PASS,34727,287,121,0.0,0.03,34727,34727,0,True,cad1889fcfa21dedc99d72222d46d51d3a7de2c8b664b991aaaed8122a64798e,1e-05;0.0001;0.001,34727,0,287,121,121,True,34727,1.0,1.0,0.0,0.0,0.0,0.0007268464890331232,6.618944916724086,28.283116529278253,59.15167689950002,0.005476028486018826,0.0,MISMATCH,0.06831637849363073,0.3062626164096132,1.5237953533478839,NOT_APPLICABLE,14433.858419001117,223114.50874008404,418447.7090095179,0.09740870877282341,2.8959377018310954,124.58767552583741,130.53369285097344,PASS,1.7757136210261886e-12,1.5106854849832003e-12,1.5160867172496912e-12,1.5243540643361053e-12,1.0,0.0721046645040782,0.13852584352203023,0.0,0.0,0.0,0.0,0.0,SAMPLED_LOCAL_CHARACTERIZATION_NOT_CONTINUOUS_PATH_CERTIFICATE,0.0,0.0,34727,1.0,0.629826935813632,0.629826935813632,135185.28425246215,0.06248358039892574,0.1745688270418581,0.3116038562851828,4.440892098500626e-16,4.440892098500626e-16,0.9,1.3534291735288517,PASS,3.393322704384844e-16,5.127129669503129e-16,8.073347344193669e-16,0.0,0.00013000000000000002,-1.0,-119.9622174704341,-126.17553475158289,-118.69639339918052,287,1:287
formal_iondrag_image_minimal_corrected/caseP_100nm,caseP,imported_external_plasma_fields,electric_field_aligned_image_sensitivity_v1,100,PASS,34727,287,121,0.0,0.03,33714,33714,0,True,cad1889fcfa21dedc99d72222d46d51d3a7de2c8b664b991aaaed8122a64798e,1e-05;0.0001;0.001,34727,0,287,121,121,True,33714,1.0,1.0,0.0,0.0,0.0,0.00231922150580903,20.1307821569806,41.1873727800351,59.1872286928815,0.023002513417911888,0.0,MISMATCH,0.01632362685128827,0.21367457484016883,1.5095160836476138,NOT_APPLICABLE,114834.03103661811,495575.1378367153,3290561.642988513,0.07647875082800325,32.905616429885136,471.72663930698303,525.0848287500281,PASS,3.0738256237247698e-12,1.4947706236751578e-12,1.510593728887893e-12,1.5245925265118815e-12,1.0,0.09369599047384529,0.4839208418091201,0.0,0.0,0.0,0.0,0.0,SAMPLED_LOCAL_CHARACTERIZATION_NOT_CONTINUOUS_PATH_CERTIFICATE,0.0,0.0,33714,1.0,0.8942279171857389,0.8942279171857389,39582.04808340386,0.035804573137320224,0.10180499673967389,0.1881248533523962,4.440892098500626e-16,4.440892098500626e-16,0.9,1.3534291735288517,PASS,3.870339269571001e-16,5.855150585948696e-16,8.852474498459361e-16,0.6445993031358885,0.00031,-1.0,-417.6484794357258,-506.30730903137794,-408.8704329257199,287,1:260;3:27
formal_iondrag_image_minimal_corrected/caseA_10nm,caseA,reduced_electrostatic_reference,electric_field_aligned_image_sensitivity_v1,10,PASS,34727,287,121,0.0,0.03,33962,33962,0,True,cad1889fcfa21dedc99d72222d46d51d3a7de2c8b664b991aaaed8122a64798e,1e-05;0.0001;0.001,34727,0,287,121,121,True,33962,1.0,1.0,0.0,0.0,0.0,0.00012202716478347001,7.0599146683891805,8.012706585120583,43.03104481438398,0.0,1.0,MATCH,0.0,0.0,0.0,MATCH,7326.960402298841,52366.77297380764,84678.68852199946,0.07686156712354682,0.8467868852199947,54.309435258168385,54.34674280520082,PASS,1.5663223805308938e-12,1.5244881812008981e-12,1.5304337563352763e-12,1.5324770058094801e-12,1.0,0.0383140662036312,0.06138546154169043,0.0,0.0,0.0,0.0,0.0,SAMPLED_LOCAL_CHARACTERIZATION_NOT_CONTINUOUS_PATH_CERTIFICATE,0.0,0.0,33962,1.0,0.7178022495730523,0.7178022495730523,395591.68546572566,0.027651191993321545,0.1699817474857267,0.39385843314278396,4.440892098500626e-16,4.440892098500626e-16,0.9,1.3534291735288517,PASS,3.8040754219501696e-16,5.773344272168257e-16,8.820999292895856e-16,0.059233449477351915,1e-05,-1.0,-55.309435258168385,-55.34674280520082,-54.75506952270647,287,1:192;4:95
formal_iondrag_image_minimal_corrected/caseA_30nm,caseA,reduced_electrostatic_reference,electric_field_aligned_image_sensitivity_v1,30,PASS,34727,287,121,0.0,0.03,34440,34440,0,True,cad1889fcfa21dedc99d72222d46d51d3a7de2c8b664b991aaaed8122a64798e,1e-05;0.0001;0.001,34727,0,287,121,121,True,34440,1.0,1.0,0.0,0.0,0.0,0.00036758279642405467,7.401373348167709,12.457164201935862,43.03104481438398,0.0,1.0,MATCH,0.0,0.0,0.0,MATCH,11012.279943776415,259466.92217776194,799834.5581278581,0.11823752032792564,7.998345581278581,165.81223010114587,165.82113611113365,PASS,1.5885624108821814e-12,1.5132309513953068e-12,1.5267656167587374e-12,1.5329941769435318e-12,1.0,0.06404186844967469,0.19317125654580788,0.0,0.0,0.0,0.0,0.0,SAMPLED_LOCAL_CHARACTERIZATION_NOT_CONTINUOUS_PATH_CERTIFICATE,0.0,0.0,34440,1.0,0.8952090592334495,0.8952090592334495,131874.05199640308,0.023407816428428846,0.1008718518241391,0.11614511921620513,4.440892098500626e-16,4.440892098500626e-16,0.9,1.3534291735288517,PASS,3.322565248243237e-16,5.021271523292007e-16,7.853354184951529e-16,0.37630662020905925,0.00014000000000000001,-1.0,-166.79216703415247,-166.81453166317553,-166.65314471930603,287,1:254;4:33
formal_iondrag_image_minimal_corrected/caseA_100nm,caseA,reduced_electrostatic_reference,electric_field_aligned_image_sensitivity_v1,100,PASS,34727,287,121,0.0,0.03,30671,30671,0,True,cad1889fcfa21dedc99d72222d46d51d3a7de2c8b664b991aaaed8122a64798e,1e-05;0.0001;0.001,34727,0,287,121,121,True,30671,1.0,1.0,0.0,0.0,0.0,0.0012283192100709746,7.876835900531844,25.927647173441887,51.26888320503791,0.0,1.0,MATCH,0.0,0.0,0.0,MATCH,21754.476430140418,1017986.163516602,9038564.113472851,0.09540201406566774,90.38564113472852,558.349532488923,558.9632689389132,PASS,1.6389519379135535e-12,1.4735993296394783e-12,1.5198933753160897e-12,1.5331245349474342e-12,1.0,0.07858300218680725,0.6547229400886341,0.0017606207818460435,0.08072772325649637,0.0,0.0,0.0,SAMPLED_LOCAL_CHARACTERIZATION_NOT_CONTINUOUS_PATH_CERTIFICATE,0.0,0.0,30671,1.0,1.0,1.0,39517.320742601936,0.013720363570937446,0.04902138250135402,0.06371528245377042,4.440892098500626e-16,4.440892098500626e-16,0.9,1.3534291735288517,PASS,3.8858346503847365e-16,5.894067608998802e-16,8.917817829734971e-16,1.0,,-1.0,-557.7740324989715,-558.8055782909569,9.872195351136014,287,1:209;3:56;4:22
