case_id,field_source_mode,ion_drag_model,diameter_nm,force,particle_count,integral_abs_force_dt_median_N_s,integral_abs_force_dt_p90_N_s,integral_abs_force_dt_p99_N_s,integral_abs_force_dt_max_N_s,net_rz_impulse_median_N_s,net_rz_impulse_p90_N_s,net_rz_impulse_p99_N_s,integral_abs_force_dt_over_mass_p90_m_per_s,net_rz_impulse_over_mass_p90_m_per_s,median_fraction_of_deterministic_abs_force_time,active_active_covered_duration_median_s,unresolved_terminal_gap_p90_s,interpretation,sampled_rz_force_rms_median_N,sampled_rz_force_rms_p90_N,sampled_rz_force_rms_p99_N
formal_iondrag_theory_consistent/caseP_10nm,imported_external_plasma_fields,relative_flow_screened_collection_orbital_v1,10,electric,287,9.031062901556052e-18,9.511800726456347e-18,1.0002021053357467e-17,1.103375082448863e-17,8.412377577526745e-18,8.877409689587847e-18,9.362771420034865e-18,8257.364199930593,7706.638003362512,0.49922006120915696,0.03,0.0,deterministic_rz_active_active_saved_output_grid_trapezoid;quadrature_resolution_unverified,,,
formal_iondrag_theory_consistent/caseP_10nm,imported_external_plasma_fields,relative_flow_screened_collection_orbital_v1,10,ion_drag,287,8.500248783087306e-18,8.679928117855844e-18,9.423122164607224e-18,9.737993086926685e-18,8.431662119087396e-18,8.614055016860788e-18,9.205746373255003e-18,7535.2007216677575,7478.015105448732,0.4688225081467164,0.03,0.0,deterministic_rz_active_active_saved_output_grid_trapezoid;quadrature_resolution_unverified,,,
formal_iondrag_theory_consistent/caseP_10nm,imported_external_plasma_fields,relative_flow_screened_collection_orbital_v1,10,epstein_drag,287,4.071199478546885e-19,4.631519569302104e-19,5.141166717381807e-19,5.223981119300143e-19,1.566010313122992e-19,1.8454367230689886e-19,2.185015194196491e-19,402.0704909897869,160.205659985312,0.022437222055242245,0.03,0.0,deterministic_rz_active_active_saved_output_grid_trapezoid;quadrature_resolution_unverified,,,
formal_iondrag_theory_consistent/caseP_10nm,imported_external_plasma_fields,relative_flow_screened_collection_orbital_v1,10,thermophoresis,287,1.704058454490843e-19,1.7168773274463132e-19,2.0911332242678004e-19,2.2635564084859745e-19,1.5943429447590158e-19,1.61073547721646e-19,1.9586955338213316e-19,149.04518909753637,139.83082538862683,0.009239758062661274,0.03,0.0,deterministic_rz_active_active_saved_output_grid_trapezoid;quadrature_resolution_unverified,,,
formal_iondrag_theory_consistent/caseP_10nm,imported_external_plasma_fields,relative_flow_screened_collection_orbital_v1,10,free_molecular_lift,287,1.3659691109270917e-23,1.60817386333189e-23,1.750068296407076e-23,1.7979977229337962e-23,7.304406509172697e-24,1.0295477318010149e-23,1.1815596366691234e-23,0.013960844710934204,0.008937687854464388,7.674315946410739e-07,0.03,0.0,deterministic_rz_active_active_saved_output_grid_trapezoid;quadrature_resolution_unverified,,,
formal_iondrag_theory_consistent/caseP_10nm,imported_external_plasma_fields,relative_flow_screened_collection_orbital_v1,10,dielectrophoresis,287,9.665301275935786e-30,2.3035422222335592e-29,3.742885711701026e-29,5.070674454040372e-29,5.1828432744651575e-30,1.7480198763724076e-29,3.0470691881925455e-29,1.9997461706692374e-08,1.517487294259377e-08,5.301129988962102e-13,0.03,0.0,deterministic_rz_active_active_saved_output_grid_trapezoid;quadrature_resolution_unverified,,,
formal_iondrag_theory_consistent/caseP_10nm,imported_external_plasma_fields,relative_flow_screened_collection_orbital_v1,10,gravity_buoyancy,287,3.3889348931993407e-22,3.3889348933556386e-22,3.3889348949583716e-22,3.3889348950472084e-22,3.3889348931993407e-22,3.3889348933556386e-22,3.3889348949583716e-22,0.2941994945968119,0.2941994945968119,1.8662286062525686e-05,0.03,0.0,deterministic_rz_active_active_saved_output_grid_trapezoid;quadrature_resolution_unverified,,,
formal_iondrag_theory_consistent/caseP_10nm,imported_external_plasma_fields,relative_flow_screened_collection_orbital_v1,10,brownian_sample,287,,,,,,,,,,,0.03,0.0,single_seed_timestep_dependent_noise_scale_not_impulse,7.047171883138412e-17,7.497634288465179e-17,7.857056927681045e-17
formal_iondrag_theory_consistent/caseP_30nm,imported_external_plasma_fields,relative_flow_screened_collection_orbital_v1,30,electric,287,3.5985953878576786e-17,4.033192870994079e-17,4.2757439076871125e-17,4.2886555565905286e-17,3.1251821383746536e-17,3.46041770340585e-17,3.7037112991616954e-17,1296.7728926498999,1112.6112781004952,0.4977178311656524,0.03,0.0,deterministic_rz_active_active_saved_output_grid_trapezoid;quadrature_resolution_unverified,,,
formal_iondrag_theory_consistent/caseP_30nm,imported_external_plasma_fields,relative_flow_screened_collection_orbital_v1,30,ion_drag,287,3.114556524469777e-17,3.465368057164803e-17,3.7190451721421144e-17,3.775322790281528e-17,3.019315159704326e-17,3.2847581480508754e-17,3.510862093159971e-17,1114.2029412738098,1056.1323154013664,0.43345806810485144,0.03,0.0,deterministic_rz_active_active_saved_output_grid_trapezoid;quadrature_resolution_unverified,,,
formal_iondrag_theory_consistent/caseP_30nm,imported_external_plasma_fields,relative_flow_screened_collection_orbital_v1,30,epstein_drag,287,3.683296195907399e-18,4.124252104239862e-18,4.370315718866389e-18,4.442778700848634e-18,1.285924179561485e-18,1.4906298166150372e-18,1.6163162520586797e-18,132.6050725145302,47.927495683726974,0.05083728518017437,0.03,0.0,deterministic_rz_active_active_saved_output_grid_trapezoid;quadrature_resolution_unverified,,,
formal_iondrag_theory_consistent/caseP_30nm,imported_external_plasma_fields,relative_flow_screened_collection_orbital_v1,30,thermophoresis,287,1.3247127652761457e-18,1.4724596945060093e-18,1.5708889286636795e-18,1.5916461657693719e-18,1.1762168085839022e-18,1.3019555888181342e-18,1.3853050324705999e-18,47.34328058266938,41.861144979096,0.018461822756084753,0.03,0.0,deterministic_rz_active_active_saved_output_grid_trapezoid;quadrature_resolution_unverified,,,
formal_iondrag_theory_consistent/caseP_30nm,imported_external_plasma_fields,relative_flow_screened_collection_orbital_v1,30,free_molecular_lift,287,1.141181661295883e-22,1.344854722470791e-22,1.4764371542289998e-22,1.5766663811095227e-22,5.841966629130031e-23,8.470347211361812e-23,9.630761333038178e-23,0.0043240459963980885,0.0027234295523088548,1.5559705770834204e-06,0.03,0.0,deterministic_rz_active_active_saved_output_grid_trapezoid;quadrature_resolution_unverified,,,
formal_iondrag_theory_consistent/caseP_30nm,imported_external_plasma_fields,relative_flow_screened_collection_orbital_v1,30,dielectrophoresis,287,7.520810080857281e-28,1.394956018166395e-27,2.503222336187813e-27,3.7072453930944706e-27,4.114814704564914e-28,9.434040081569247e-28,1.9034480151618346e-27,4.485134256302413e-08,3.033281034967298e-08,9.900158650726538e-12,0.03,0.0,deterministic_rz_active_active_saved_output_grid_trapezoid;quadrature_resolution_unverified,,,
formal_iondrag_theory_consistent/caseP_30nm,imported_external_plasma_fields,relative_flow_screened_collection_orbital_v1,30,gravity_buoyancy,287,9.150124197749505e-21,9.150124204740082e-21,9.150124209078514e-21,9.150124209351253e-21,9.150124197749505e-21,9.150124204740082e-21,9.150124209078514e-21,0.29419949436145076,0.29419949436145076,0.00012643435839700476,0.03,0.0,deterministic_rz_active_active_saved_output_grid_trapezoid;quadrature_resolution_unverified,,,
formal_iondrag_theory_consistent/caseP_30nm,imported_external_plasma_fields,relative_flow_screened_collection_orbital_v1,30,brownian_sample,287,,,,,,,,,,,0.03,0.0,single_seed_timestep_dependent_noise_scale_not_impulse,2.0658939646949116e-16,2.2003390721495005e-16,2.304891196467111e-16
formal_iondrag_theory_consistent/caseP_100nm,imported_external_plasma_fields,relative_flow_screened_collection_orbital_v1,100,electric,287,2.2287180349822186e-16,2.754021632833574e-16,2.9173121867409584e-16,2.9333446031951846e-16,1.3290294514989655e-16,1.3674095332375432e-16,1.3960305028612977e-16,239.08153977135058,118.707265334038,0.5238259796340226,0.03,0.0,deterministic_rz_active_active_saved_output_grid_trapezoid;quadrature_resolution_unverified,,,
formal_iondrag_theory_consistent/caseP_100nm,imported_external_plasma_fields,relative_flow_screened_collection_orbital_v1,100,ion_drag,287,1.3551631282435806e-16,1.4403730317564732e-16,1.499640389083933e-16,1.5235174347973897e-16,1.2078817812991521e-16,1.2956895220607017e-16,1.3309354175543557e-16,125.04135703652847,112.48112299000147,0.3177363654865891,0.03,0.0,deterministic_rz_active_active_saved_output_grid_trapezoid;quadrature_resolution_unverified,,,
formal_iondrag_theory_consistent/caseP_100nm,imported_external_plasma_fields,relative_flow_screened_collection_orbital_v1,100,epstein_drag,287,4.8968733982377404e-17,6.631622570831323e-17,7.030134793142238e-17,7.045210388021283e-17,1.3278604794237011e-17,1.6913408269415157e-17,2.0763898496666698e-17,57.57030070186842,14.682831985138694,0.11486238256561583,0.03,0.0,deterministic_rz_active_active_saved_output_grid_trapezoid;quadrature_resolution_unverified,,,
formal_iondrag_theory_consistent/caseP_100nm,imported_external_plasma_fields,relative_flow_screened_collection_orbital_v1,100,thermophoresis,287,1.792863233166914e-17,1.8284063997044306e-17,1.8798014813148765e-17,1.8863572248346146e-17,1.3052785885698204e-17,1.3855825169714303e-17,1.4278743332189198e-17,15.872722717844502,12.028489452966166,0.0427615129488056,0.03,0.0,deterministic_rz_active_active_saved_output_grid_trapezoid;quadrature_resolution_unverified,,,
formal_iondrag_theory_consistent/caseP_100nm,imported_external_plasma_fields,relative_flow_screened_collection_orbital_v1,100,free_molecular_lift,287,1.6875297238475408e-21,2.4332071293972864e-21,2.7069986786665863e-21,2.8891430382779455e-21,9.494259708208216e-22,1.2264994029726515e-21,1.391017783962184e-21,0.0021123105938728316,0.0010647460509946687,3.9784195078426695e-06,0.03,0.0,deterministic_rz_active_active_saved_output_grid_trapezoid;quadrature_resolution_unverified,,,
formal_iondrag_theory_consistent/caseP_100nm,imported_external_plasma_fields,relative_flow_screened_collection_orbital_v1,100,dielectrophoresis,287,4.9921828802621105e-26,9.070436323268934e-26,1.4648030109110122e-25,2.0796507978398314e-25,2.6490036443285664e-26,6.174106213082368e-26,1.1822821113085435e-25,7.87420787371924e-08,5.359851943562408e-08,1.1258959826174275e-10,0.03,0.0,deterministic_rz_active_active_saved_output_grid_trapezoid;quadrature_resolution_unverified,,,
formal_iondrag_theory_consistent/caseP_100nm,imported_external_plasma_fields,relative_flow_screened_collection_orbital_v1,100,gravity_buoyancy,287,3.3889348827535096e-19,3.388934883096652e-19,3.3889348838713887e-19,3.3889348842350563e-19,3.3889348827535096e-19,3.388934883096652e-19,3.3889348838713887e-19,0.2941994937062108,0.2941994937062108,0.0008061849988057759,0.03,0.0,deterministic_rz_active_active_saved_output_grid_trapezoid;quadrature_resolution_unverified,,,
formal_iondrag_theory_consistent/caseP_100nm,imported_external_plasma_fields,relative_flow_screened_collection_orbital_v1,100,brownian_sample,287,,,,,,,,,,,0.03,0.0,single_seed_timestep_dependent_noise_scale_not_impulse,6.77183372088598e-16,7.210106317282458e-16,7.578530177453048e-16
formal_iondrag_theory_consistent/caseA_10nm,reduced_electrostatic_reference,relative_flow_screened_collection_orbital_v1,10,electric,287,6.104367520736012e-19,9.79291395381223e-19,1.2026855891934302e-18,1.3226945467623112e-18,4.734970551390563e-19,7.898383477659485e-19,1.1178655377723125e-18,850.1403616488072,685.6727852208336,0.42218125479421037,0.017,0.0008986852195336772,deterministic_rz_active_active_saved_output_grid_trapezoid;quadrature_resolution_unverified,,,
formal_iondrag_theory_consistent/caseA_10nm,reduced_electrostatic_reference,relative_flow_screened_collection_orbital_v1,10,ion_drag,287,4.652222724485365e-19,7.481188322893492e-19,8.5757365246632455e-19,9.873449549808854e-19,3.5119363412568036e-19,5.844141119064483e-19,8.174482506756375e-19,649.4553282490176,507.34033485038907,0.3169026896142531,0.017,0.0008986852195336772,deterministic_rz_active_active_saved_output_grid_trapezoid;quadrature_resolution_unverified,,,
formal_iondrag_theory_consistent/caseA_10nm,reduced_electrostatic_reference,relative_flow_screened_collection_orbital_v1,10,epstein_drag,287,2.2403858136928864e-19,3.21366700951202e-19,3.5285618339099493e-19,3.827013419334887e-19,8.256266711903743e-20,1.148857505493701e-19,1.2705149273958475e-19,278.98417637192017,99.73437322229827,0.1583927319660132,0.017,0.0008986852195336772,deterministic_rz_active_active_saved_output_grid_trapezoid;quadrature_resolution_unverified,,,
formal_iondrag_theory_consistent/caseA_10nm,reduced_electrostatic_reference,relative_flow_screened_collection_orbital_v1,10,thermophoresis,287,1.5226719877301595e-19,2.467742118389725e-19,3.2774350803629407e-19,3.393185239766806e-19,1.5121190893516822e-19,2.450332211680851e-19,3.2650521705641507e-19,214.2291035006127,212.7177183852567,0.10495204948273558,0.017,0.0008986852195336772,deterministic_rz_active_active_saved_output_grid_trapezoid;quadrature_resolution_unverified,,,
formal_iondrag_theory_consistent/caseA_10nm,reduced_electrostatic_reference,relative_flow_screened_collection_orbital_v1,10,free_molecular_lift,287,2.4403077998788194e-23,2.765244262700026e-23,3.1202591532175174e-23,4.369886628323879e-23,1.18052171443415e-23,1.4435514333941594e-23,1.6895892919210384e-23,0.024005579632647968,0.012531727976294801,1.6986943953943446e-05,0.017,0.0008986852195336772,deterministic_rz_active_active_saved_output_grid_trapezoid;quadrature_resolution_unverified,,,
formal_iondrag_theory_consistent/caseA_10nm,reduced_electrostatic_reference,relative_flow_screened_collection_orbital_v1,10,dielectrophoresis,287,8.264703654462566e-30,2.584864437183652e-29,3.2273004121679186e-29,3.538328319906922e-29,8.237496193145583e-30,2.577592951617632e-29,3.214337349859139e-29,2.2439670130921537e-08,2.2376545065205896e-08,5.013562050624077e-12,0.017,0.0008986852195336772,deterministic_rz_active_active_saved_output_grid_trapezoid;quadrature_resolution_unverified,,,
formal_iondrag_theory_consistent/caseA_10nm,reduced_electrostatic_reference,relative_flow_screened_collection_orbital_v1,10,gravity_buoyancy,287,1.920396430211449e-22,2.9370768928317057e-22,3.388934879288317e-22,3.3889348799465902e-22,1.920396430211449e-22,2.9370768928317057e-22,3.388934879288317e-22,0.254972894037355,0.254972894037355,0.00013600192885215303,0.017,0.0008986852195336772,deterministic_rz_active_active_saved_output_grid_trapezoid;quadrature_resolution_unverified,,,
formal_iondrag_theory_consistent/caseA_10nm,reduced_electrostatic_reference,relative_flow_screened_collection_orbital_v1,10,brownian_sample,287,,,,,,,,,,,0.017,0.0008986852195336772,single_seed_timestep_dependent_noise_scale_not_impulse,6.825676575369042e-17,7.2700263130928e-17,7.71867161776196e-17
formal_iondrag_theory_consistent/caseA_30nm,reduced_electrostatic_reference,relative_flow_screened_collection_orbital_v1,30,electric,287,6.210327442897565e-18,1.0834556819684481e-17,1.1299926885680233e-17,1.1454570271541463e-17,4.9619307351842175e-18,9.989214274925051e-18,1.1227583120429553e-17,348.3582371844019,321.1783493855443,0.43222724040898497,0.019000000000000003,0.000857748991277324,deterministic_rz_active_active_saved_output_grid_trapezoid;quadrature_resolution_unverified,,,
formal_iondrag_theory_consistent/caseA_30nm,reduced_electrostatic_reference,relative_flow_screened_collection_orbital_v1,30,ion_drag,287,4.602724230123555e-18,7.596454662654388e-18,7.663680364949128e-18,7.719159993916198e-18,3.520096830017404e-18,6.962817603099549e-18,7.548297585869283e-18,244.24511303735792,223.87208876374854,0.32235512722685583,0.019000000000000003,0.000857748991277324,deterministic_rz_active_active_saved_output_grid_trapezoid;quadrature_resolution_unverified,,,
formal_iondrag_theory_consistent/caseA_30nm,reduced_electrostatic_reference,relative_flow_screened_collection_orbital_v1,30,epstein_drag,287,2.042703468100646e-18,2.478837215572973e-18,2.6066303916585133e-18,2.634884057628232e-18,7.203137107404374e-19,8.95168298266078e-19,9.626343940604211e-19,79.70084767244217,28.781911023880074,0.1371319986076475,0.019000000000000003,0.000857748991277324,deterministic_rz_active_active_saved_output_grid_trapezoid;quadrature_resolution_unverified,,,
formal_iondrag_theory_consistent/caseA_30nm,reduced_electrostatic_reference,relative_flow_screened_collection_orbital_v1,30,thermophoresis,287,1.4988076921305909e-18,3.1363168833648623e-18,3.453053276410967e-18,3.460680494060598e-18,1.4637221473503436e-18,3.101922684743449e-18,3.442498528394601e-18,100.84047173537071,99.73461179107123,0.10585896979869201,0.019000000000000003,0.000857748991277324,deterministic_rz_active_active_saved_output_grid_trapezoid;quadrature_resolution_unverified,,,
formal_iondrag_theory_consistent/caseA_30nm,reduced_electrostatic_reference,relative_flow_screened_collection_orbital_v1,30,free_molecular_lift,287,2.4082820130493974e-22,2.613417589028405e-22,2.747116218082195e-22,2.867973596734942e-22,1.185330990199526e-22,1.3982334910303092e-22,1.4800662323576774e-22,0.008402794498124727,0.004495672155436585,1.7167825183818425e-05,0.019000000000000003,0.000857748991277324,deterministic_rz_active_active_saved_output_grid_trapezoid;quadrature_resolution_unverified,,,
formal_iondrag_theory_consistent/caseA_30nm,reduced_electrostatic_reference,relative_flow_screened_collection_orbital_v1,30,dielectrophoresis,287,5.611674522593275e-28,3.913255150853647e-27,4.9581277481005934e-27,5.629683909695963e-27,5.6099169514547515e-28,3.8773886245004735e-27,4.9414061719445165e-27,1.2582099006831886e-07,1.246677910863707e-07,4.189433402784095e-11,0.019000000000000003,0.000857748991277324,deterministic_rz_active_active_saved_output_grid_trapezoid;quadrature_resolution_unverified,,,
formal_iondrag_theory_consistent/caseA_30nm,reduced_electrostatic_reference,relative_flow_screened_collection_orbital_v1,30,gravity_buoyancy,287,5.795078631238072e-21,9.150124164605494e-21,9.150124168305271e-21,9.150124168402048e-21,5.795078631238072e-21,9.150124164605494e-21,9.150124168305271e-21,0.29419949307102283,0.29419949307102283,0.0003874321509845907,0.019000000000000003,0.000857748991277324,deterministic_rz_active_active_saved_output_grid_trapezoid;quadrature_resolution_unverified,,,
formal_iondrag_theory_consistent/caseA_30nm,reduced_electrostatic_reference,relative_flow_screened_collection_orbital_v1,30,brownian_sample,287,,,,,,,,,,,0.019000000000000003,0.000857748991277324,single_seed_timestep_dependent_noise_scale_not_impulse,2.0255063532418963e-16,2.1482934004693375e-16,2.2596164484783477e-16
formal_iondrag_theory_consistent/caseA_100nm,reduced_electrostatic_reference,relative_flow_screened_collection_orbital_v1,100,electric,287,4.486934650731569e-17,1.0574054170141312e-16,1.1914861704124322e-16,1.3059937182547566e-16,3.2036375706709675e-17,9.39561147595435e-17,1.1421906137877662e-16,91.79525398360684,81.56498235104034,0.4257997401337542,0.015000000000000001,0.0008323001132295865,deterministic_rz_active_active_saved_output_grid_trapezoid;quadrature_resolution_unverified,,,
formal_iondrag_theory_consistent/caseA_100nm,reduced_electrostatic_reference,relative_flow_screened_collection_orbital_v1,100,ion_drag,287,4.341707233168703e-17,6.79868719477511e-17,7.551311485095295e-17,8.013501759195833e-17,3.2526793079197324e-17,6.284321450095437e-17,6.772375819621295e-17,59.02061855912891,54.555317605151785,0.32689295874121266,0.015000000000000001,0.0008323001132295865,deterministic_rz_active_active_saved_output_grid_trapezoid;quadrature_resolution_unverified,,,
formal_iondrag_theory_consistent/caseA_100nm,reduced_electrostatic_reference,relative_flow_screened_collection_orbital_v1,100,epstein_drag,287,2.039664526376305e-17,2.836816824118569e-17,3.317035034703027e-17,3.4429041396657666e-17,5.107492532198638e-18,1.0132651735543683e-17,1.1434873952538707e-17,24.626913829348474,8.796336056402449,0.13992552218136983,0.015000000000000001,0.0008323001132295865,deterministic_rz_active_active_saved_output_grid_trapezoid;quadrature_resolution_unverified,,,
formal_iondrag_theory_consistent/caseA_100nm,reduced_electrostatic_reference,relative_flow_screened_collection_orbital_v1,100,thermophoresis,287,1.2011802113403746e-17,3.7070042921924143e-17,4.313779933155885e-17,4.329269872858729e-17,1.1592578504181745e-17,3.656896925117548e-17,4.30998435622954e-17,32.18116675447065,31.746175746000564,0.10595291386604844,0.015000000000000001,0.0008323001132295865,deterministic_rz_active_active_saved_output_grid_trapezoid;quadrature_resolution_unverified,,,
formal_iondrag_theory_consistent/caseA_100nm,reduced_electrostatic_reference,relative_flow_screened_collection_orbital_v1,100,free_molecular_lift,287,2.5161314590758213e-21,3.244248349874966e-21,3.599480307366847e-21,3.723225055708242e-21,1.0610716145846812e-21,1.6753558317108737e-21,1.9032534864743713e-21,0.002816389971819957,0.0014544063384797402,1.6896984321067317e-05,0.015000000000000001,0.0008323001132295865,deterministic_rz_active_active_saved_output_grid_trapezoid;quadrature_resolution_unverified,,,
formal_iondrag_theory_consistent/caseA_100nm,reduced_electrostatic_reference,relative_flow_screened_collection_orbital_v1,100,dielectrophoresis,287,3.615565309506989e-26,3.7519455312942406e-25,6.382089554462209e-25,8.305020172527938e-25,3.6140943257926414e-26,3.5559206810623423e-25,5.747516433034314e-25,3.257130968274686e-07,3.0869582925478403e-07,2.8336570548129956e-10,0.015000000000000001,0.0008323001132295865,deterministic_rz_active_active_saved_output_grid_trapezoid;quadrature_resolution_unverified,,,
formal_iondrag_theory_consistent/caseA_100nm,reduced_electrostatic_reference,relative_flow_screened_collection_orbital_v1,100,gravity_buoyancy,287,1.6944674368701428e-19,3.3889348728438076e-19,3.3889348740967535e-19,3.388934874354988e-19,1.6944674368701428e-19,3.3889348728438076e-19,3.3889348740967535e-19,0.29419949281614305,0.29419949281614305,0.0013087915599751543,0.015000000000000001,0.0008323001132295865,deterministic_rz_active_active_saved_output_grid_trapezoid;quadrature_resolution_unverified,,,
formal_iondrag_theory_consistent/caseA_100nm,reduced_electrostatic_reference,relative_flow_screened_collection_orbital_v1,100,brownian_sample,287,,,,,,,,,,,0.015000000000000001,0.0008323001132295865,single_seed_timestep_dependent_noise_scale_not_impulse,6.699793862492075e-16,7.128332682088133e-16,7.469620441237171e-16
formal_iondrag_image_minimal_corrected/caseP_10nm,imported_external_plasma_fields,electric_field_aligned_image_sensitivity_v1,10,electric,287,1.0182896055959753e-17,1.0986227938023084e-17,1.130184287070306e-17,1.1352696431234627e-17,9.805855611627339e-18,1.0608579290150187e-17,1.0852226860467826e-17,9537.340812385388,9209.497272052977,0.4949120210947633,0.03,0.0,deterministic_rz_active_active_saved_output_grid_trapezoid;quadrature_resolution_unverified,,,
formal_iondrag_image_minimal_corrected/caseP_10nm,imported_external_plasma_fields,electric_field_aligned_image_sensitivity_v1,10,ion_drag,287,9.826752791934473e-18,1.0610529424476068e-17,1.0796752520225278e-17,1.0863729840588649e-17,9.68395240618545e-18,1.0519680671988058e-17,1.0723359819175577e-17,9211.190218512926,9132.32279288275,0.477658633221749,0.03,0.0,deterministic_rz_active_active_saved_output_grid_trapezoid;quadrature_resolution_unverified,,,
formal_iondrag_image_minimal_corrected/caseP_10nm,imported_external_plasma_fields,electric_field_aligned_image_sensitivity_v1,10,epstein_drag,287,4.1296939993970455e-19,5.2638312033700525e-19,5.939181331480852e-19,6.122564493860696e-19,1.4908839924032578e-19,1.7505403354193573e-19,1.9624414014194736e-19,456.96259397329294,151.9675349802192,0.019936862171564363,0.03,0.0,deterministic_rz_active_active_saved_output_grid_trapezoid;quadrature_resolution_unverified,,,
formal_iondrag_image_minimal_corrected/caseP_10nm,imported_external_plasma_fields,electric_field_aligned_image_sensitivity_v1,10,thermophoresis,287,1.3775314773761917e-19,1.714445993394521e-19,1.7332369734980558e-19,1.7356779959306959e-19,1.3190883577729345e-19,1.6016226327485553e-19,1.6198425238017217e-19,148.83412064336343,139.03972307442976,0.006807168029706908,0.03,0.0,deterministic_rz_active_active_saved_output_grid_trapezoid;quadrature_resolution_unverified,,,
formal_iondrag_image_minimal_corrected/caseP_10nm,imported_external_plasma_fields,electric_field_aligned_image_sensitivity_v1,10,free_molecular_lift,287,1.3390825082315647e-23,1.641669790663332e-23,1.839230213671537e-23,1.891659462117964e-23,6.811978498851204e-24,1.0112266580261614e-23,1.1706207531968328e-23,0.014251628842293073,0.008778639338790611,6.393872528619945e-07,0.03,0.0,deterministic_rz_active_active_saved_output_grid_trapezoid;quadrature_resolution_unverified,,,
formal_iondrag_image_minimal_corrected/caseP_10nm,imported_external_plasma_fields,electric_field_aligned_image_sensitivity_v1,10,dielectrophoresis,287,9.395918994294028e-30,2.256039834116012e-29,3.724826593201223e-29,5.003484218687051e-29,5.426910925254368e-30,1.7630466880426735e-29,3.0937025825623286e-29,1.9585084986097248e-08,1.5305323380206525e-08,4.578663734804884e-13,0.03,0.0,deterministic_rz_active_active_saved_output_grid_trapezoid;quadrature_resolution_unverified,,,
formal_iondrag_image_minimal_corrected/caseP_10nm,imported_external_plasma_fields,electric_field_aligned_image_sensitivity_v1,10,gravity_buoyancy,287,3.388934889883178e-22,3.388934890933657e-22,3.3889348912520435e-22,3.3889348913139544e-22,3.388934889883178e-22,3.388934890933657e-22,3.3889348912520435e-22,0.2941994943865553,0.2941994943865553,1.644092688679805e-05,0.03,0.0,deterministic_rz_active_active_saved_output_grid_trapezoid;quadrature_resolution_unverified,,,
formal_iondrag_image_minimal_corrected/caseP_10nm,imported_external_plasma_fields,electric_field_aligned_image_sensitivity_v1,10,brownian_sample,287,,,,,,,,,,,0.03,0.0,single_seed_timestep_dependent_noise_scale_not_impulse,6.993663145889945e-17,7.441740180233121e-17,7.79216297593023e-17
formal_iondrag_image_minimal_corrected/caseP_30nm,imported_external_plasma_fields,electric_field_aligned_image_sensitivity_v1,30,electric,287,4.378107103982789e-17,5.102669880499338e-17,5.861530331055545e-17,6.195845150746253e-17,4.0306118304324463e-17,4.7721383031660646e-17,5.580025898515568e-17,1640.6366352476773,1534.3624243778763,0.4902576950516118,0.03,0.0,deterministic_rz_active_active_saved_output_grid_trapezoid;quadrature_resolution_unverified,,,
formal_iondrag_image_minimal_corrected/caseP_30nm,imported_external_plasma_fields,electric_field_aligned_image_sensitivity_v1,30,ion_drag,287,4.039448834971752e-17,4.7181758618277455e-17,5.4880110244080364e-17,5.81504795651549e-17,3.902845403219206e-17,4.5799470039065054e-17,5.3394586742533186e-17,1517.0121430035329,1472.5680904457297,0.4531552069916388,0.03,0.0,deterministic_rz_active_active_saved_output_grid_trapezoid;quadrature_resolution_unverified,,,
formal_iondrag_image_minimal_corrected/caseP_30nm,imported_external_plasma_fields,electric_field_aligned_image_sensitivity_v1,30,epstein_drag,287,3.745329850783343e-18,5.068095413970246e-18,5.496570088631559e-18,5.582427451831119e-18,1.190085128544559e-18,1.3641170885884209e-18,1.6153263599814398e-18,162.9520075140869,43.8597934555499,0.04143712929700192,0.03,0.0,deterministic_rz_active_active_saved_output_grid_trapezoid;quadrature_resolution_unverified,,,
formal_iondrag_image_minimal_corrected/caseP_30nm,imported_external_plasma_fields,electric_field_aligned_image_sensitivity_v1,30,thermophoresis,287,1.4320262515242492e-18,1.5778441776380322e-18,1.6873273138204735e-18,1.768358488756548e-18,1.3210923345748014e-18,1.489493827623439e-18,1.6347213251016092e-18,50.731656626234205,47.89097078204802,0.015941612644833285,0.03,0.0,deterministic_rz_active_active_saved_output_grid_trapezoid;quadrature_resolution_unverified,,,
formal_iondrag_image_minimal_corrected/caseP_30nm,imported_external_plasma_fields,electric_field_aligned_image_sensitivity_v1,30,free_molecular_lift,287,1.4394694782769089e-22,2.406763339874712e-22,2.8157713965721825e-22,2.9141453902393235e-22,6.197983156528282e-23,7.360838026032415e-23,8.246418713851983e-23,0.0077383491392610014,0.00236669445887242,1.6245997561704093e-06,0.03,0.0,deterministic_rz_active_active_saved_output_grid_trapezoid;quadrature_resolution_unverified,,,
formal_iondrag_image_minimal_corrected/caseP_30nm,imported_external_plasma_fields,electric_field_aligned_image_sensitivity_v1,30,dielectrophoresis,287,7.54923450806626e-28,1.4415697667904015e-27,2.4927207531872462e-27,3.6375067945580174e-27,4.175214538428618e-28,9.412170022513527e-28,1.9149457614976687e-27,4.635009175687335e-08,3.026249261220976e-08,8.041876879487717e-12,0.03,0.0,deterministic_rz_active_active_saved_output_grid_trapezoid;quadrature_resolution_unverified,,,
formal_iondrag_image_minimal_corrected/caseP_30nm,imported_external_plasma_fields,electric_field_aligned_image_sensitivity_v1,30,gravity_buoyancy,287,9.150124188255525e-21,9.15012419476525e-21,9.150124203805076e-21,9.150124206369974e-21,9.150124188255525e-21,9.15012419476525e-21,9.150124203805076e-21,0.29419949404073487,0.29419949404073487,0.00010229451962599349,0.03,0.0,deterministic_rz_active_active_saved_output_grid_trapezoid;quadrature_resolution_unverified,,,
formal_iondrag_image_minimal_corrected/caseP_30nm,imported_external_plasma_fields,electric_field_aligned_image_sensitivity_v1,30,brownian_sample,287,,,,,,,,,,,0.03,0.0,single_seed_timestep_dependent_noise_scale_not_impulse,2.0499440973663953e-16,2.181196174007571e-16,2.282453879215945e-16
formal_iondrag_image_minimal_corrected/caseP_100nm,imported_external_plasma_fields,electric_field_aligned_image_sensitivity_v1,100,electric,287,2.728423122755792e-16,9.440797328552692e-16,1.47847190993519e-15,1.5179115325193568e-15,2.4270312267036034e-16,8.823248662147514e-16,1.3790250218810867e-15,819.572488127957,765.9619847507612,0.4813199152500976,0.03,0.0,deterministic_rz_active_active_saved_output_grid_trapezoid;quadrature_resolution_unverified,,,
formal_iondrag_image_minimal_corrected/caseP_100nm,imported_external_plasma_fields,electric_field_aligned_image_sensitivity_v1,100,ion_drag,287,2.3574989249107533e-16,8.850524258044239e-16,1.4055461757841394e-15,1.4336547612171083e-15,2.2111269068882342e-16,8.481728522595231e-16,1.3571592553853064e-15,768.3298279758925,736.3140110915723,0.4199180502980864,0.03,0.0,deterministic_rz_active_active_saved_output_grid_trapezoid;quadrature_resolution_unverified,,,
formal_iondrag_image_minimal_corrected/caseP_100nm,imported_external_plasma_fields,electric_field_aligned_image_sensitivity_v1,100,epstein_drag,287,3.9922034774481443e-17,7.444124877840804e-17,8.431334169661053e-17,9.252325947486754e-17,1.1131553279246e-17,2.3099996071953862e-17,2.6789945292237988e-17,64.62377843463901,20.053519419571757,0.06774306763883758,0.03,0.0,deterministic_rz_active_active_saved_output_grid_trapezoid;quadrature_resolution_unverified,,,
formal_iondrag_image_minimal_corrected/caseP_100nm,imported_external_plasma_fields,electric_field_aligned_image_sensitivity_v1,100,thermophoresis,287,1.807000700388741e-17,3.31135156619636e-17,4.444549157451851e-17,4.5154746883560694e-17,1.6744232430646342e-17,3.1656156322691105e-17,4.2863440563815225e-17,28.74643473137673,27.481275043887518,0.03151330044409579,0.03,0.0,deterministic_rz_active_active_saved_output_grid_trapezoid;quadrature_resolution_unverified,,,
formal_iondrag_image_minimal_corrected/caseP_100nm,imported_external_plasma_fields,electric_field_aligned_image_sensitivity_v1,100,free_molecular_lift,287,2.098559120608101e-21,4.366745222091019e-21,6.263164930871755e-21,9.188304489704084e-21,6.999382540588535e-22,9.882731703099425e-22,1.9391933587198488e-21,0.0037908495671929196,0.0008579376009814137,3.3059214519307727e-06,0.03,0.0,deterministic_rz_active_active_saved_output_grid_trapezoid;quadrature_resolution_unverified,,,
formal_iondrag_image_minimal_corrected/caseP_100nm,imported_external_plasma_fields,electric_field_aligned_image_sensitivity_v1,100,dielectrophoresis,287,5.266108938685722e-26,9.948492718555472e-26,1.5832347219724925e-25,2.5908547973924795e-25,2.8286485813946626e-26,6.741981043532731e-26,1.1554915155024817e-25,8.636464322573623e-08,5.852834232600483e-08,5.7389299201524976e-11,0.03,0.0,deterministic_rz_active_active_saved_output_grid_trapezoid;quadrature_resolution_unverified,,,
formal_iondrag_image_minimal_corrected/caseP_100nm,imported_external_plasma_fields,electric_field_aligned_image_sensitivity_v1,100,gravity_buoyancy,287,3.3889348779716846e-19,3.3889348808233956e-19,3.3889348834790407e-19,3.388934883662793e-19,3.3889348779716846e-19,3.3889348808233956e-19,3.3889348834790407e-19,0.2941994935088653,0.2941994935088653,0.0005393290229897059,0.03,0.0,deterministic_rz_active_active_saved_output_grid_trapezoid;quadrature_resolution_unverified,,,
formal_iondrag_image_minimal_corrected/caseP_100nm,imported_external_plasma_fields,electric_field_aligned_image_sensitivity_v1,100,brownian_sample,287,,,,,,,,,,,0.03,0.0,single_seed_timestep_dependent_noise_scale_not_impulse,6.758696389204677e-16,7.170134901022346e-16,7.584163528253761e-16
formal_iondrag_image_minimal_corrected/caseA_10nm,reduced_electrostatic_reference,electric_field_aligned_image_sensitivity_v1,10,electric,287,1.8217115059709528e-18,1.9716083740610216e-18,2.067953937892726e-18,2.1047743843298303e-18,1.576913512380862e-18,1.9288922309186635e-18,2.0544208975028764e-18,1711.588464944652,1674.5058176850487,0.46750634931289425,0.03,0.0006609835580253668,deterministic_rz_active_active_saved_output_grid_trapezoid;quadrature_resolution_unverified,,,
formal_iondrag_image_minimal_corrected/caseA_10nm,reduced_electrostatic_reference,electric_field_aligned_image_sensitivity_v1,10,ion_drag,287,1.478258244827635e-18,1.608100908547202e-18,1.634394268192401e-18,1.6515385922635908e-18,1.3285916543380516e-18,1.5467238407540215e-18,1.5928225533771974e-18,1396.021137741028,1342.738608295004,0.3873629884795535,0.03,0.0006609835580253668,deterministic_rz_active_active_saved_output_grid_trapezoid;quadrature_resolution_unverified,,,
formal_iondrag_image_minimal_corrected/caseA_10nm,reduced_electrostatic_reference,electric_field_aligned_image_sensitivity_v1,10,epstein_drag,287,2.3990341943295137e-19,3.1521630134092405e-19,3.635724661652846e-19,3.6854861464804403e-19,6.240753099455128e-20,1.8452161071158022e-19,2.5206004485336994e-19,273.64490455392274,160.18650792014407,0.0673118912824404,0.03,0.0006609835580253668,deterministic_rz_active_active_saved_output_grid_trapezoid;quadrature_resolution_unverified,,,
formal_iondrag_image_minimal_corrected/caseA_10nm,reduced_electrostatic_reference,electric_field_aligned_image_sensitivity_v1,10,thermophoresis,287,3.078041082601792e-19,3.7199471007405057e-19,4.1158888572714936e-19,4.466684257840113e-19,3.0301033755963707e-19,3.6841224139190747e-19,3.967717750781704e-19,322.9352558853907,319.8252507986544,0.07975196390934083,0.03,0.0006609835580253668,deterministic_rz_active_active_saved_output_grid_trapezoid;quadrature_resolution_unverified,,,
formal_iondrag_image_minimal_corrected/caseA_10nm,reduced_electrostatic_reference,electric_field_aligned_image_sensitivity_v1,10,free_molecular_lift,287,2.4516530834291348e-23,3.119812853247229e-23,3.4494057602408976e-23,3.8292934951440526e-23,7.636374154618667e-24,1.2426414478764605e-23,1.5323161463369422e-23,0.027083652933595985,0.010787592486567736,6.564797830041463e-06,0.03,0.0006609835580253668,deterministic_rz_active_active_saved_output_grid_trapezoid;quadrature_resolution_unverified,,,
formal_iondrag_image_minimal_corrected/caseA_10nm,reduced_electrostatic_reference,electric_field_aligned_image_sensitivity_v1,10,dielectrophoresis,287,8.268093598485878e-30,2.58633569992377e-29,3.228499784399036e-29,3.539522327756773e-29,8.240220879913237e-30,2.5785575760247716e-29,3.21515133089937e-29,2.2452442425703903e-08,2.238491914207626e-08,2.2927099372660967e-12,0.03,0.0006609835580253668,deterministic_rz_active_active_saved_output_grid_trapezoid;quadrature_resolution_unverified,,,
formal_iondrag_image_minimal_corrected/caseA_10nm,reduced_electrostatic_reference,electric_field_aligned_image_sensitivity_v1,10,gravity_buoyancy,287,3.388934876018253e-22,3.3889348811585663e-22,3.3889348847040665e-22,3.38893488708445e-22,3.388934876018253e-22,3.3889348811585663e-22,3.3889348847040665e-22,0.2941994935379622,0.2941994935379622,8.464680883560256e-05,0.03,0.0006609835580253668,deterministic_rz_active_active_saved_output_grid_trapezoid;quadrature_resolution_unverified,,,
formal_iondrag_image_minimal_corrected/caseA_10nm,reduced_electrostatic_reference,electric_field_aligned_image_sensitivity_v1,10,brownian_sample,287,,,,,,,,,,,0.03,0.0006609835580253668,single_seed_timestep_dependent_noise_scale_not_impulse,6.854560698453959e-17,7.25608166290457e-17,7.739303171340719e-17
formal_iondrag_image_minimal_corrected/caseA_30nm,reduced_electrostatic_reference,electric_field_aligned_image_sensitivity_v1,30,electric,287,1.6615409577366294e-17,1.8828843181040455e-17,1.923319925687098e-17,2.0503681249889224e-17,1.630170454524104e-17,1.873798226829988e-17,1.9126216000795157e-17,605.3946393868109,602.4732326400425,0.4743736326434209,0.03,0.00017608145765746132,deterministic_rz_active_active_saved_output_grid_trapezoid;quadrature_resolution_unverified,,,
formal_iondrag_image_minimal_corrected/caseA_30nm,reduced_electrostatic_reference,electric_field_aligned_image_sensitivity_v1,30,ion_drag,287,1.3134059601715206e-17,1.5012892028288847e-17,1.527428789535703e-17,1.5333537971073268e-17,1.281397586791442e-17,1.477435505100297e-17,1.5033298377468602e-17,482.70221745597564,475.0326540124915,0.3789237062860326,0.03,0.00017608145765746132,deterministic_rz_active_active_saved_output_grid_trapezoid;quadrature_resolution_unverified,,,
formal_iondrag_image_minimal_corrected/caseA_30nm,reduced_electrostatic_reference,electric_field_aligned_image_sensitivity_v1,30,epstein_drag,287,2.03852214530851e-18,2.2674807593880563e-18,2.481428778687284e-18,2.5987737703130852e-18,3.813858507989771e-19,5.385759973458748e-19,6.062633034538545e-19,72.90520630755022,17.316572163281506,0.05914753644953639,0.03,0.00017608145765746132,deterministic_rz_active_active_saved_output_grid_trapezoid;quadrature_resolution_unverified,,,
formal_iondrag_image_minimal_corrected/caseA_30nm,reduced_electrostatic_reference,electric_field_aligned_image_sensitivity_v1,30,thermophoresis,287,3.3931272366928786e-18,3.6755458071260125e-18,3.8373695464814544e-18,3.862778605002567e-18,3.3611966959191988e-18,3.6704976182153475e-18,3.835631115803243e-18,118.17803712420098,118.01572516080824,0.09486162406706264,0.03,0.00017608145765746132,deterministic_rz_active_active_saved_output_grid_trapezoid;quadrature_resolution_unverified,,,
formal_iondrag_image_minimal_corrected/caseA_30nm,reduced_electrostatic_reference,electric_field_aligned_image_sensitivity_v1,30,free_molecular_lift,287,1.477961624229986e-22,2.706383856552121e-22,3.4684954594557815e-22,3.6751513798556914e-22,3.0103338580143397e-23,7.744487476654084e-23,1.0349727219883213e-22,0.00870170441766418,0.0024900474012581344,4.171522317098615e-06,0.03,0.00017608145765746132,deterministic_rz_active_active_saved_output_grid_trapezoid;quadrature_resolution_unverified,,,
formal_iondrag_image_minimal_corrected/caseA_30nm,reduced_electrostatic_reference,electric_field_aligned_image_sensitivity_v1,30,dielectrophoresis,287,5.6357403625503934e-28,3.921090985978996e-27,4.9657358052898635e-27,5.6554930169529575e-27,5.634036147062917e-28,3.887810014525165e-27,4.9490270129792306e-27,1.260729318649759e-07,1.2500286497249558e-07,1.7112057525359802e-11,0.03,0.00017608145765746132,deterministic_rz_active_active_saved_output_grid_trapezoid;quadrature_resolution_unverified,,,
formal_iondrag_image_minimal_corrected/caseA_30nm,reduced_electrostatic_reference,electric_field_aligned_image_sensitivity_v1,30,gravity_buoyancy,287,9.150124164149123e-21,9.150124173852685e-21,9.150124176994726e-21,9.150124178147751e-21,9.150124164149123e-21,9.150124173852685e-21,9.150124176994726e-21,0.29419949336834333,0.29419949336834333,0.00025869541413536763,0.03,0.00017608145765746132,deterministic_rz_active_active_saved_output_grid_trapezoid;quadrature_resolution_unverified,,,
formal_iondrag_image_minimal_corrected/caseA_30nm,reduced_electrostatic_reference,electric_field_aligned_image_sensitivity_v1,30,brownian_sample,287,,,,,,,,,,,0.03,0.00017608145765746132,single_seed_timestep_dependent_noise_scale_not_impulse,2.0351841260175992e-16,2.163858290787015e-16,2.275898474005592e-16
formal_iondrag_image_minimal_corrected/caseA_100nm,reduced_electrostatic_reference,electric_field_aligned_image_sensitivity_v1,100,electric,287,1.6287433513395618e-16,2.1460749448712211e-16,2.274815188199937e-16,2.338025908461404e-16,1.593477307877656e-16,2.1420102623703218e-16,2.2668651086995273e-16,186.3046013028663,185.95173895080234,0.47822376067969913,0.03,6.106679787135313e-05,deterministic_rz_active_active_saved_output_grid_trapezoid;quadrature_resolution_unverified,,,
formal_iondrag_image_minimal_corrected/caseA_100nm,reduced_electrostatic_reference,electric_field_aligned_image_sensitivity_v1,100,ion_drag,287,1.2718537618209399e-16,1.6250119658850313e-16,1.631989344055429e-16,1.6985682014309135e-16,1.230424980843646e-16,1.6183864639537077e-16,1.625596125824781e-16,141.07019288404422,140.49502122067963,0.36343921783830224,0.03,6.106679787135313e-05,deterministic_rz_active_active_saved_output_grid_trapezoid;quadrature_resolution_unverified,,,
formal_iondrag_image_minimal_corrected/caseA_100nm,reduced_electrostatic_reference,electric_field_aligned_image_sensitivity_v1,100,epstein_drag,287,1.9846278542917775e-17,2.93504628626768e-17,3.181265940590941e-17,3.3509643344682476e-17,2.323999456711448e-18,7.693841006335126e-18,2.1434707676004766e-17,25.47966134525516,6.679160877389223,0.05123764535268674,0.03,6.106679787135313e-05,deterministic_rz_active_active_saved_output_grid_trapezoid;quadrature_resolution_unverified,,,
formal_iondrag_image_minimal_corrected/caseA_100nm,reduced_electrostatic_reference,electric_field_aligned_image_sensitivity_v1,100,thermophoresis,287,3.556462637684917e-17,4.616998330503346e-17,4.71558711479622e-17,4.733313493542428e-17,3.496284224891519e-17,4.615187415625443e-17,4.71328282657799e-17,40.0809876298165,40.06526675412538,0.1058285138023439,0.03,6.106679787135313e-05,deterministic_rz_active_active_saved_output_grid_trapezoid;quadrature_resolution_unverified,,,
formal_iondrag_image_minimal_corrected/caseA_100nm,reduced_electrostatic_reference,electric_field_aligned_image_sensitivity_v1,100,free_molecular_lift,287,1.7511222345724067e-21,3.3253653076928176e-21,4.338002852450664e-21,5.085545792700416e-21,2.126016981717599e-22,7.926681254452265e-22,1.6421252710105878e-21,0.002886809052576072,0.0006881293657963328,4.853062965460866e-06,0.03,6.106679787135313e-05,deterministic_rz_active_active_saved_output_grid_trapezoid;quadrature_resolution_unverified,,,
formal_iondrag_image_minimal_corrected/caseA_100nm,reduced_electrostatic_reference,electric_field_aligned_image_sensitivity_v1,100,dielectrophoresis,287,3.7779318562198573e-26,3.7523949388479065e-25,6.359776695716048e-25,8.300907864781624e-25,3.7760939132917866e-26,3.5556976471389527e-25,5.684085681055844e-25,3.25752110700357e-07,3.0867646728130147e-07,1.0915157153805484e-10,0.03,6.106679787135313e-05,deterministic_rz_active_active_saved_output_grid_trapezoid;quadrature_resolution_unverified,,,
formal_iondrag_image_minimal_corrected/caseA_100nm,reduced_electrostatic_reference,electric_field_aligned_image_sensitivity_v1,100,gravity_buoyancy,287,3.3889348716588898e-19,3.3889348852545747e-19,3.388934893426738e-19,3.388934893972824e-19,3.3889348716588898e-19,3.3889348852545747e-19,3.388934893426738e-19,0.294199493893544,0.294199493893544,0.0008155235429141306,0.03,6.106679787135313e-05,deterministic_rz_active_active_saved_output_grid_trapezoid;quadrature_resolution_unverified,,,
formal_iondrag_image_minimal_corrected/caseA_100nm,reduced_electrostatic_reference,electric_field_aligned_image_sensitivity_v1,100,brownian_sample,287,,,,,,,,,,,0.03,6.106679787135313e-05,single_seed_timestep_dependent_noise_scale_not_impulse,6.705515388335556e-16,7.103385821998986e-16,7.51500614213736e-16
