owner,kind,path,expected_sha256,actual_sha256,status
formal_iondrag_theory_consistent/caseA_100nm,package_artifact,manifest.csv,2a6baeb0ae8bae03b2afca3d763078c83117bbe7a1e2aa41fdbcaab6c4e66dd2,2a6baeb0ae8bae03b2afca3d763078c83117bbe7a1e2aa41fdbcaab6c4e66dd2,PASS
formal_iondrag_theory_consistent/caseA_100nm,package_artifact,config/global_parameters.csv,aba627c82652bab5f6ae27ad333eb4496712ad32f51f8cc52baddd50dcfa578a,aba627c82652bab5f6ae27ad333eb4496712ad32f51f8cc52baddd50dcfa578a,PASS
formal_iondrag_theory_consistent/caseA_100nm,package_artifact,config/particle_physics_feature_settings.csv,8282454e51106d39d312e9582b45cf50585f77be682e90dd83bbaf2d68102cba,8282454e51106d39d312e9582b45cf50585f77be682e90dd83bbaf2d68102cba,PASS
formal_iondrag_theory_consistent/caseA_100nm,package_artifact,results/particle_history_full_tidy.csv,af61916d47dc634e4b3ca42139eebe7fe74a0fd27941250aefda2b39f4ad4a78,af61916d47dc634e4b3ca42139eebe7fe74a0fd27941250aefda2b39f4ad4a78,PASS
formal_iondrag_theory_consistent/caseP_100nm,package_artifact,manifest.csv,5efed41cb98bb4ca813cc6d89b547dffd906fb0ab460b1f0965e9f57feefe2dc,5efed41cb98bb4ca813cc6d89b547dffd906fb0ab460b1f0965e9f57feefe2dc,PASS
formal_iondrag_theory_consistent/caseP_100nm,package_artifact,config/global_parameters.csv,aba627c82652bab5f6ae27ad333eb4496712ad32f51f8cc52baddd50dcfa578a,aba627c82652bab5f6ae27ad333eb4496712ad32f51f8cc52baddd50dcfa578a,PASS
formal_iondrag_theory_consistent/caseP_100nm,package_artifact,config/particle_physics_feature_settings.csv,a9bc59344f7cae50e86a4586e3d5585ba908a7c48c43050556e1bf2af5377605,a9bc59344f7cae50e86a4586e3d5585ba908a7c48c43050556e1bf2af5377605,PASS
formal_iondrag_theory_consistent/caseP_100nm,package_artifact,results/particle_history_full_tidy.csv,8470c6399fe1cd549854958bee0e572dfb05bd04f3ccd767b514383b1788e11d,8470c6399fe1cd549854958bee0e572dfb05bd04f3ccd767b514383b1788e11d,PASS
formal_iondrag_theory_consistent,source_model,model_dataset/cf4_o2_etch_caseA_nonlinear_sass/model/icp_rf_bias_cf4_o2_si_etching_caseP_caseA_SASS_formal_iondrag_theory_consistent_10_30_100nm.mph,3bbf08e3469758313eac5de473a7a0dd4cc9a6f72c9722393229f0b856e9b524,3bbf08e3469758313eac5de473a7a0dd4cc9a6f72c9722393229f0b856e9b524,PASS
