case_id,participant,replica,campaign_seed,field_contract,stochastic_contract,comparison_role,execution_status
formal_iondrag_theory_consistent/caseA_100nm,comsol_common_p1_rz_companion,0,318160,common_p1_canonical_primitives,rz_projected_two_dof_fdt_companion,independent_seed_cluster_not_pathwise_pair,PLANNED_NOT_RUN
formal_iondrag_theory_consistent/caseA_100nm,comsol_common_p1_rz_companion,1,318161,common_p1_canonical_primitives,rz_projected_two_dof_fdt_companion,independent_seed_cluster_not_pathwise_pair,PLANNED_NOT_RUN
formal_iondrag_theory_consistent/caseA_100nm,comsol_common_p1_rz_companion,2,318162,common_p1_canonical_primitives,rz_projected_two_dof_fdt_companion,independent_seed_cluster_not_pathwise_pair,PLANNED_NOT_RUN
formal_iondrag_theory_consistent/caseA_100nm,comsol_common_p1_rz_companion,3,318163,common_p1_canonical_primitives,rz_projected_two_dof_fdt_companion,independent_seed_cluster_not_pathwise_pair,PLANNED_NOT_RUN
formal_iondrag_theory_consistent/caseA_100nm,comsol_common_p1_rz_companion,4,318164,common_p1_canonical_primitives,rz_projected_two_dof_fdt_companion,independent_seed_cluster_not_pathwise_pair,PLANNED_NOT_RUN
formal_iondrag_theory_consistent/caseA_100nm,comsol_common_p1_rz_companion,5,318165,common_p1_canonical_primitives,rz_projected_two_dof_fdt_companion,independent_seed_cluster_not_pathwise_pair,PLANNED_NOT_RUN
formal_iondrag_theory_consistent/caseA_100nm,comsol_common_p1_rz_companion,6,318166,common_p1_canonical_primitives,rz_projected_two_dof_fdt_companion,independent_seed_cluster_not_pathwise_pair,PLANNED_NOT_RUN
formal_iondrag_theory_consistent/caseA_100nm,comsol_common_p1_rz_companion,7,318167,common_p1_canonical_primitives,rz_projected_two_dof_fdt_companion,independent_seed_cluster_not_pathwise_pair,PLANNED_NOT_RUN
formal_iondrag_theory_consistent/caseA_100nm,comsol_common_p1_rz_companion,8,318168,common_p1_canonical_primitives,rz_projected_two_dof_fdt_companion,independent_seed_cluster_not_pathwise_pair,PLANNED_NOT_RUN
formal_iondrag_theory_consistent/caseA_100nm,comsol_common_p1_rz_companion,9,318169,common_p1_canonical_primitives,rz_projected_two_dof_fdt_companion,independent_seed_cluster_not_pathwise_pair,PLANNED_NOT_RUN
formal_iondrag_theory_consistent/caseA_100nm,comsol_common_p1_rz_companion,10,318170,common_p1_canonical_primitives,rz_projected_two_dof_fdt_companion,independent_seed_cluster_not_pathwise_pair,PLANNED_NOT_RUN
formal_iondrag_theory_consistent/caseA_100nm,comsol_common_p1_rz_companion,11,318171,common_p1_canonical_primitives,rz_projected_two_dof_fdt_companion,independent_seed_cluster_not_pathwise_pair,PLANNED_NOT_RUN
formal_iondrag_theory_consistent/caseA_100nm,comsol_common_p1_rz_companion,12,318172,common_p1_canonical_primitives,rz_projected_two_dof_fdt_companion,independent_seed_cluster_not_pathwise_pair,PLANNED_NOT_RUN
formal_iondrag_theory_consistent/caseA_100nm,comsol_common_p1_rz_companion,13,318173,common_p1_canonical_primitives,rz_projected_two_dof_fdt_companion,independent_seed_cluster_not_pathwise_pair,PLANNED_NOT_RUN
formal_iondrag_theory_consistent/caseA_100nm,comsol_common_p1_rz_companion,14,318174,common_p1_canonical_primitives,rz_projected_two_dof_fdt_companion,independent_seed_cluster_not_pathwise_pair,PLANNED_NOT_RUN
formal_iondrag_theory_consistent/caseA_100nm,comsol_common_p1_rz_companion,15,318175,common_p1_canonical_primitives,rz_projected_two_dof_fdt_companion,independent_seed_cluster_not_pathwise_pair,PLANNED_NOT_RUN
formal_iondrag_theory_consistent/caseA_100nm,comsol_common_p1_rz_companion,16,318176,common_p1_canonical_primitives,rz_projected_two_dof_fdt_companion,independent_seed_cluster_not_pathwise_pair,PLANNED_NOT_RUN
formal_iondrag_theory_consistent/caseA_100nm,comsol_common_p1_rz_companion,17,318177,common_p1_canonical_primitives,rz_projected_two_dof_fdt_companion,independent_seed_cluster_not_pathwise_pair,PLANNED_NOT_RUN
formal_iondrag_theory_consistent/caseA_100nm,comsol_common_p1_rz_companion,18,318178,common_p1_canonical_primitives,rz_projected_two_dof_fdt_companion,independent_seed_cluster_not_pathwise_pair,PLANNED_NOT_RUN
formal_iondrag_theory_consistent/caseA_100nm,comsol_common_p1_rz_companion,19,318179,common_p1_canonical_primitives,rz_projected_two_dof_fdt_companion,independent_seed_cluster_not_pathwise_pair,PLANNED_NOT_RUN
formal_iondrag_theory_consistent/caseA_100nm,comsol_common_p1_rz_companion,20,318180,common_p1_canonical_primitives,rz_projected_two_dof_fdt_companion,independent_seed_cluster_not_pathwise_pair,PLANNED_NOT_RUN
formal_iondrag_theory_consistent/caseA_100nm,comsol_common_p1_rz_companion,21,318181,common_p1_canonical_primitives,rz_projected_two_dof_fdt_companion,independent_seed_cluster_not_pathwise_pair,PLANNED_NOT_RUN
formal_iondrag_theory_consistent/caseA_100nm,comsol_common_p1_rz_companion,22,318182,common_p1_canonical_primitives,rz_projected_two_dof_fdt_companion,independent_seed_cluster_not_pathwise_pair,PLANNED_NOT_RUN
formal_iondrag_theory_consistent/caseA_100nm,comsol_common_p1_rz_companion,23,318183,common_p1_canonical_primitives,rz_projected_two_dof_fdt_companion,independent_seed_cluster_not_pathwise_pair,PLANNED_NOT_RUN
formal_iondrag_theory_consistent/caseA_100nm,comsol_common_p1_rz_companion,24,318184,common_p1_canonical_primitives,rz_projected_two_dof_fdt_companion,independent_seed_cluster_not_pathwise_pair,PLANNED_NOT_RUN
formal_iondrag_theory_consistent/caseA_100nm,comsol_common_p1_rz_companion,25,318185,common_p1_canonical_primitives,rz_projected_two_dof_fdt_companion,independent_seed_cluster_not_pathwise_pair,PLANNED_NOT_RUN
formal_iondrag_theory_consistent/caseA_100nm,comsol_common_p1_rz_companion,26,318186,common_p1_canonical_primitives,rz_projected_two_dof_fdt_companion,independent_seed_cluster_not_pathwise_pair,PLANNED_NOT_RUN
formal_iondrag_theory_consistent/caseA_100nm,comsol_common_p1_rz_companion,27,318187,common_p1_canonical_primitives,rz_projected_two_dof_fdt_companion,independent_seed_cluster_not_pathwise_pair,PLANNED_NOT_RUN
formal_iondrag_theory_consistent/caseA_100nm,comsol_common_p1_rz_companion,28,318188,common_p1_canonical_primitives,rz_projected_two_dof_fdt_companion,independent_seed_cluster_not_pathwise_pair,PLANNED_NOT_RUN
formal_iondrag_theory_consistent/caseA_100nm,comsol_common_p1_rz_companion,29,318189,common_p1_canonical_primitives,rz_projected_two_dof_fdt_companion,independent_seed_cluster_not_pathwise_pair,PLANNED_NOT_RUN
formal_iondrag_theory_consistent/caseA_100nm,comsol_common_p1_rz_companion,30,318190,common_p1_canonical_primitives,rz_projected_two_dof_fdt_companion,independent_seed_cluster_not_pathwise_pair,PLANNED_NOT_RUN
formal_iondrag_theory_consistent/caseA_100nm,comsol_common_p1_rz_companion,31,318191,common_p1_canonical_primitives,rz_projected_two_dof_fdt_companion,independent_seed_cluster_not_pathwise_pair,PLANNED_NOT_RUN
formal_iondrag_theory_consistent/caseA_100nm,solver_b03_candidate,0,318160,common_p1_canonical_primitives,inertial_joint_ou_v1,independent_seed_cluster_not_pathwise_pair,PLANNED_NOT_RUN
formal_iondrag_theory_consistent/caseA_100nm,solver_b03_candidate,1,318161,common_p1_canonical_primitives,inertial_joint_ou_v1,independent_seed_cluster_not_pathwise_pair,PLANNED_NOT_RUN
formal_iondrag_theory_consistent/caseA_100nm,solver_b03_candidate,2,318162,common_p1_canonical_primitives,inertial_joint_ou_v1,independent_seed_cluster_not_pathwise_pair,PLANNED_NOT_RUN
formal_iondrag_theory_consistent/caseA_100nm,solver_b03_candidate,3,318163,common_p1_canonical_primitives,inertial_joint_ou_v1,independent_seed_cluster_not_pathwise_pair,PLANNED_NOT_RUN
formal_iondrag_theory_consistent/caseA_100nm,solver_b03_candidate,4,318164,common_p1_canonical_primitives,inertial_joint_ou_v1,independent_seed_cluster_not_pathwise_pair,PLANNED_NOT_RUN
formal_iondrag_theory_consistent/caseA_100nm,solver_b03_candidate,5,318165,common_p1_canonical_primitives,inertial_joint_ou_v1,independent_seed_cluster_not_pathwise_pair,PLANNED_NOT_RUN
formal_iondrag_theory_consistent/caseA_100nm,solver_b03_candidate,6,318166,common_p1_canonical_primitives,inertial_joint_ou_v1,independent_seed_cluster_not_pathwise_pair,PLANNED_NOT_RUN
formal_iondrag_theory_consistent/caseA_100nm,solver_b03_candidate,7,318167,common_p1_canonical_primitives,inertial_joint_ou_v1,independent_seed_cluster_not_pathwise_pair,PLANNED_NOT_RUN
formal_iondrag_theory_consistent/caseA_100nm,solver_b03_candidate,8,318168,common_p1_canonical_primitives,inertial_joint_ou_v1,independent_seed_cluster_not_pathwise_pair,PLANNED_NOT_RUN
formal_iondrag_theory_consistent/caseA_100nm,solver_b03_candidate,9,318169,common_p1_canonical_primitives,inertial_joint_ou_v1,independent_seed_cluster_not_pathwise_pair,PLANNED_NOT_RUN
formal_iondrag_theory_consistent/caseA_100nm,solver_b03_candidate,10,318170,common_p1_canonical_primitives,inertial_joint_ou_v1,independent_seed_cluster_not_pathwise_pair,PLANNED_NOT_RUN
formal_iondrag_theory_consistent/caseA_100nm,solver_b03_candidate,11,318171,common_p1_canonical_primitives,inertial_joint_ou_v1,independent_seed_cluster_not_pathwise_pair,PLANNED_NOT_RUN
formal_iondrag_theory_consistent/caseA_100nm,solver_b03_candidate,12,318172,common_p1_canonical_primitives,inertial_joint_ou_v1,independent_seed_cluster_not_pathwise_pair,PLANNED_NOT_RUN
formal_iondrag_theory_consistent/caseA_100nm,solver_b03_candidate,13,318173,common_p1_canonical_primitives,inertial_joint_ou_v1,independent_seed_cluster_not_pathwise_pair,PLANNED_NOT_RUN
formal_iondrag_theory_consistent/caseA_100nm,solver_b03_candidate,14,318174,common_p1_canonical_primitives,inertial_joint_ou_v1,independent_seed_cluster_not_pathwise_pair,PLANNED_NOT_RUN
formal_iondrag_theory_consistent/caseA_100nm,solver_b03_candidate,15,318175,common_p1_canonical_primitives,inertial_joint_ou_v1,independent_seed_cluster_not_pathwise_pair,PLANNED_NOT_RUN
formal_iondrag_theory_consistent/caseA_100nm,solver_b03_candidate,16,318176,common_p1_canonical_primitives,inertial_joint_ou_v1,independent_seed_cluster_not_pathwise_pair,PLANNED_NOT_RUN
formal_iondrag_theory_consistent/caseA_100nm,solver_b03_candidate,17,318177,common_p1_canonical_primitives,inertial_joint_ou_v1,independent_seed_cluster_not_pathwise_pair,PLANNED_NOT_RUN
formal_iondrag_theory_consistent/caseA_100nm,solver_b03_candidate,18,318178,common_p1_canonical_primitives,inertial_joint_ou_v1,independent_seed_cluster_not_pathwise_pair,PLANNED_NOT_RUN
formal_iondrag_theory_consistent/caseA_100nm,solver_b03_candidate,19,318179,common_p1_canonical_primitives,inertial_joint_ou_v1,independent_seed_cluster_not_pathwise_pair,PLANNED_NOT_RUN
formal_iondrag_theory_consistent/caseA_100nm,solver_b03_candidate,20,318180,common_p1_canonical_primitives,inertial_joint_ou_v1,independent_seed_cluster_not_pathwise_pair,PLANNED_NOT_RUN
formal_iondrag_theory_consistent/caseA_100nm,solver_b03_candidate,21,318181,common_p1_canonical_primitives,inertial_joint_ou_v1,independent_seed_cluster_not_pathwise_pair,PLANNED_NOT_RUN
formal_iondrag_theory_consistent/caseA_100nm,solver_b03_candidate,22,318182,common_p1_canonical_primitives,inertial_joint_ou_v1,independent_seed_cluster_not_pathwise_pair,PLANNED_NOT_RUN
formal_iondrag_theory_consistent/caseA_100nm,solver_b03_candidate,23,318183,common_p1_canonical_primitives,inertial_joint_ou_v1,independent_seed_cluster_not_pathwise_pair,PLANNED_NOT_RUN
formal_iondrag_theory_consistent/caseA_100nm,solver_b03_candidate,24,318184,common_p1_canonical_primitives,inertial_joint_ou_v1,independent_seed_cluster_not_pathwise_pair,PLANNED_NOT_RUN
formal_iondrag_theory_consistent/caseA_100nm,solver_b03_candidate,25,318185,common_p1_canonical_primitives,inertial_joint_ou_v1,independent_seed_cluster_not_pathwise_pair,PLANNED_NOT_RUN
formal_iondrag_theory_consistent/caseA_100nm,solver_b03_candidate,26,318186,common_p1_canonical_primitives,inertial_joint_ou_v1,independent_seed_cluster_not_pathwise_pair,PLANNED_NOT_RUN
formal_iondrag_theory_consistent/caseA_100nm,solver_b03_candidate,27,318187,common_p1_canonical_primitives,inertial_joint_ou_v1,independent_seed_cluster_not_pathwise_pair,PLANNED_NOT_RUN
formal_iondrag_theory_consistent/caseA_100nm,solver_b03_candidate,28,318188,common_p1_canonical_primitives,inertial_joint_ou_v1,independent_seed_cluster_not_pathwise_pair,PLANNED_NOT_RUN
formal_iondrag_theory_consistent/caseA_100nm,solver_b03_candidate,29,318189,common_p1_canonical_primitives,inertial_joint_ou_v1,independent_seed_cluster_not_pathwise_pair,PLANNED_NOT_RUN
formal_iondrag_theory_consistent/caseA_100nm,solver_b03_candidate,30,318190,common_p1_canonical_primitives,inertial_joint_ou_v1,independent_seed_cluster_not_pathwise_pair,PLANNED_NOT_RUN
formal_iondrag_theory_consistent/caseA_100nm,solver_b03_candidate,31,318191,common_p1_canonical_primitives,inertial_joint_ou_v1,independent_seed_cluster_not_pathwise_pair,PLANNED_NOT_RUN
