role,path,size_bytes,sha256,status
source_mph,model_dataset/cf4_o2_etch_caseA_nonlinear_sass/model/icp_rf_bias_cf4_o2_si_etching_caseP_caseA_SASS_formal_iondrag_theory_consistent_10_30_100nm.mph,544941923,3bbf08e3469758313eac5de473a7a0dd4cc9a6f72c9722393229f0b856e9b524,PASS
common_p1_input,particle_platform_redesign/solver/_out_m3c1/theory_100nm_30ms_candidate_v3/caseP/candidate_input.h5,747739,c54b4b658213230e82307ca89018538c0240bfcc83e793206d5093f4f08908e9,PASS
deterministic_30ms_contract,particle_platform_redesign/solver/tools/vv/comsol/cases/m3c1_theory_100nm_30ms_v2.json,5344,9a98f4edf2a6d7048e0a6aa4e3eacdc1e4b538b8ea11a9082baa212971dbe3a1,PASS
common_p1_configuration,particle_platform_redesign/solver/tools/vv/comsol/cases/m3c1_theory_100nm_30ms_comsol_v1.json,4378,10290e936b642523e72a4cd482befbdb50d7e4b4ae7aa72ee8e275eee068fa6a,PASS
common_p1_evidence,particle_platform_redesign/solver/_out_m3c1/theory_100nm_30ms_candidate_v3/prepare_report.json,22254,2e14019492554e68751806e165ff1783a6cc88e0edf4dfa2eaff79234f1e83f0,PASS
m3c2_preflight_configuration,particle_platform_redesign/solver/tools/vv/comsol/cases/m3c2_theory_caseA_100nm_anchor_v1.json,2938,cac5633f7961bda2a79b5768b2220d6b3c7e5def7189cf6d90e584f4caf8671f,PASS
m3c2_preflight_evidence,particle_platform_redesign/solver/evidence/m3c2/anchor_preflight_v1/comparison_manifest.json,3517,1c6ac403f41a8d1e305202f4e9aeada65d63383679a5c76c0440133aedc9fc96,PASS
m3c2_final_seed_allocation,particle_platform_redesign/solver/tools/vv/comsol/cases/m3c2_caseP_100nm_final_seed_allocation_v1.json,3107,9086dbdaf92cf1783b216a253bd5af4ce43fb45f50d675e7254b9e8859f21fa5,PASS
m3c2_model_semantics_probe,particle_platform_redesign/solver/evidence/m3c2/model_semantics_probe_v1/probe_manifest.json,2273,24af7067a4cba7cf441a9e621253c13f520a2dbc4e2e0854f32f5c8c0a38a4c4,PASS
